undefined
undefined
undefined
undefined
undefined
undefined
undefined
undefined
undefined
undefined
undefined
undefined
undefined
undefined
undefined
undefined
undefined
undefined
undefined
undefined
undefined
undefined
undefined
undefined
undefined
undefined
undefined
undefined
undefined
undefined
undefined
undefined
undefined
undefined
undefined
undefined
undefined
undefined
undefined
undefined
undefined
undefined
undefined
undefined
undefined
undefined
undefined
undefined
undefined
undefined
undefined
undefined
undefined
undefined
undefined
undefined
undefined
undefined
undefined
undefined
undefined
undefined
undefined
undefined
undefined
undefined
undefined
undefined
undefined
undefined
undefined
undefined
undefined
undefined
undefined
undefined
undefined
undefined
undefined
undefined
undefined
undefined
undefined
undefined
undefined
undefined
undefined
undefined
undefined
undefined
undefined
undefined
undefined
undefined
undefined
undefined
undefined
undefined
undefined
undefined
undefined
undefined
undefined
undefined
undefined
undefined
undefined
undefined
undefined
undefined
undefined
undefined
undefined
undefined
undefined
undefined
undefined
undefined
undefined
undefined
undefined
undefined
undefined
undefined
undefined
undefined
undefined
undefined
undefined
undefined
undefined
undefined
undefined
undefined
undefined
undefined
undefined
undefined
undefined
undefined
undefined
undefined
undefined
undefined
undefined
undefined
undefined
undefined
undefined
undefined
undefined
undefined
undefined
undefined
undefined
undefined
undefined
undefined
undefined
undefined
undefined
undefined
undefined
undefined
undefined
undefined
undefined
undefined
undefined
undefined
undefined
undefined
undefined
undefined
undefined
undefined
undefined
undefined
undefined
undefined
undefined
undefined
undefined
undefined
undefined
undefined
undefined
undefined
undefined
undefined
undefined
undefined
undefined
undefined
undefined
undefined
undefined
undefined
undefined
undefined
undefined
undefined
undefined
undefined
undefined
undefined
undefined
undefined
undefined
undefined
undefined
undefined
undefined
undefined
undefined
undefined
undefined
undefined
undefined
undefined
undefined
undefined
undefined
undefined
undefined
undefined
undefined
undefined
undefined
undefined
undefined
undefined
undefined
undefined
undefined
undefined
undefined
undefined
undefined
undefined
undefined
undefined
undefined
undefined
undefined
undefined
undefined
undefined
undefined
undefined
undefined
undefined
undefined
undefined
undefined
undefined
undefined
undefined
undefined
undefined
undefined
undefined
undefined
undefined
undefined
undefined
undefined
undefined
undefined
undefined
undefined
undefined
undefined
undefined
undefined
undefined
{"date":"Wed Jul 29 2026 03:37:32 GMT+0300 (توقيت شرق أوروبا الصيفي)","error":{},"exception":true,"level":"error","message":"uncaughtException: test error\nError: test error\n    at Object.<anonymous> (C:\\Users\\Mahmoudd\\.gemini\\antigravity-ide\\brain\\b1f8b249-5132-4c80-b423-fa60e589acff\\scratch\\test-conn.js:33:7)\n    at Module._compile (node:internal/modules/cjs/loader:1830:14)\n    at Object..js (node:internal/modules/cjs/loader:1961:10)\n    at Module.load (node:internal/modules/cjs/loader:1553:32)\n    at Module._load (node:internal/modules/cjs/loader:1355:12)\n    at wrapModuleLoad (node:internal/modules/cjs/loader:255:19)\n    at Module.executeUserEntryPoint [as runMain] (node:internal/modules/run_main:154:5)\n    at node:internal/main/run_main_module:33:47","os":{"loadavg":[0,0,0],"uptime":8105.75},"process":{"argv":["C:\\Program Files\\nodejs\\node.exe","C:\\Users\\Mahmoudd\\.gemini\\antigravity-ide\\brain\\b1f8b249-5132-4c80-b423-fa60e589acff\\scratch\\test-conn.js"],"cwd":"D:\\Training\\Java\\java_backend","execPath":"C:\\Program Files\\nodejs\\node.exe","gid":null,"memoryUsage":{"arrayBuffers":24815,"external":1794181,"heapTotal":10682368,"heapUsed":7642536,"rss":58179584},"pid":13148,"uid":null,"version":"v24.15.0"},"stack":"Error: test error\n    at Object.<anonymous> (C:\\Users\\Mahmoudd\\.gemini\\antigravity-ide\\brain\\b1f8b249-5132-4c80-b423-fa60e589acff\\scratch\\test-conn.js:33:7)\n    at Module._compile (node:internal/modules/cjs/loader:1830:14)\n    at Object..js (node:internal/modules/cjs/loader:1961:10)\n    at Module.load (node:internal/modules/cjs/loader:1553:32)\n    at Module._load (node:internal/modules/cjs/loader:1355:12)\n    at wrapModuleLoad (node:internal/modules/cjs/loader:255:19)\n    at Module.executeUserEntryPoint [as runMain] (node:internal/modules/run_main:154:5)\n    at node:internal/main/run_main_module:33:47","timestamp":"2026-07-29 03:37:32","trace":[{"column":7,"file":"C:\\Users\\Mahmoudd\\.gemini\\antigravity-ide\\brain\\b1f8b249-5132-4c80-b423-fa60e589acff\\scratch\\test-conn.js","function":null,"line":33,"method":null,"native":false},{"column":14,"file":"node:internal/modules/cjs/loader","function":"Module._compile","line":1830,"method":"_compile","native":false},{"column":10,"file":"node:internal/modules/cjs/loader","function":"Object..js","line":1961,"method":".js","native":false},{"column":32,"file":"node:internal/modules/cjs/loader","function":"Module.load","line":1553,"method":"load","native":false},{"column":12,"file":"node:internal/modules/cjs/loader","function":"Module._load","line":1355,"method":"_load","native":false},{"column":19,"file":"node:internal/modules/cjs/loader","function":"wrapModuleLoad","line":255,"method":null,"native":false},{"column":5,"file":"node:internal/modules/run_main","function":"Module.executeUserEntryPoint [as runMain]","line":154,"method":"executeUserEntryPoint [as runMain]","native":false},{"column":47,"file":"node:internal/main/run_main_module","function":null,"line":33,"method":null,"native":false}]}
{"level":"info","message":"✅ Socket.IO initialized","timestamp":"2026-07-29 03:37:52"}
{"level":"info","message":"✅ Database connected","timestamp":"2026-07-29 03:37:53"}
{"level":"info","message":"Java Cafe POS API running on port 3000 [development]","timestamp":"2026-07-29 03:37:53"}
{"date":"Wed Jul 29 2026 03:38:05 GMT+0300 (توقيت شرق أوروبا الصيفي)","error":{},"exception":true,"level":"error","message":"uncaughtException: Verification test error\nError: Verification test error\n    at Object.<anonymous> (C:\\Users\\Mahmoudd\\.gemini\\antigravity-ide\\brain\\b1f8b249-5132-4c80-b423-fa60e589acff\\scratch\\test-conn.js:2:7)\n    at Module._compile (node:internal/modules/cjs/loader:1830:14)\n    at Object..js (node:internal/modules/cjs/loader:1961:10)\n    at Module.load (node:internal/modules/cjs/loader:1553:32)\n    at Module._load (node:internal/modules/cjs/loader:1355:12)\n    at wrapModuleLoad (node:internal/modules/cjs/loader:255:19)\n    at Module.executeUserEntryPoint [as runMain] (node:internal/modules/run_main:154:5)\n    at node:internal/main/run_main_module:33:47","os":{"loadavg":[0,0,0],"uptime":8138.218},"process":{"argv":["C:\\Program Files\\nodejs\\node.exe","C:\\Users\\Mahmoudd\\.gemini\\antigravity-ide\\brain\\b1f8b249-5132-4c80-b423-fa60e589acff\\scratch\\test-conn.js"],"cwd":"D:\\Training\\Java\\java_backend","execPath":"C:\\Program Files\\nodejs\\node.exe","gid":null,"memoryUsage":{"arrayBuffers":24815,"external":1794181,"heapTotal":11206656,"heapUsed":7758160,"rss":57815040},"pid":4884,"uid":null,"version":"v24.15.0"},"stack":"Error: Verification test error\n    at Object.<anonymous> (C:\\Users\\Mahmoudd\\.gemini\\antigravity-ide\\brain\\b1f8b249-5132-4c80-b423-fa60e589acff\\scratch\\test-conn.js:2:7)\n    at Module._compile (node:internal/modules/cjs/loader:1830:14)\n    at Object..js (node:internal/modules/cjs/loader:1961:10)\n    at Module.load (node:internal/modules/cjs/loader:1553:32)\n    at Module._load (node:internal/modules/cjs/loader:1355:12)\n    at wrapModuleLoad (node:internal/modules/cjs/loader:255:19)\n    at Module.executeUserEntryPoint [as runMain] (node:internal/modules/run_main:154:5)\n    at node:internal/main/run_main_module:33:47","timestamp":"2026-07-29 03:38:05","trace":[{"column":7,"file":"C:\\Users\\Mahmoudd\\.gemini\\antigravity-ide\\brain\\b1f8b249-5132-4c80-b423-fa60e589acff\\scratch\\test-conn.js","function":null,"line":2,"method":null,"native":false},{"column":14,"file":"node:internal/modules/cjs/loader","function":"Module._compile","line":1830,"method":"_compile","native":false},{"column":10,"file":"node:internal/modules/cjs/loader","function":"Object..js","line":1961,"method":".js","native":false},{"column":32,"file":"node:internal/modules/cjs/loader","function":"Module.load","line":1553,"method":"load","native":false},{"column":12,"file":"node:internal/modules/cjs/loader","function":"Module._load","line":1355,"method":"_load","native":false},{"column":19,"file":"node:internal/modules/cjs/loader","function":"wrapModuleLoad","line":255,"method":null,"native":false},{"column":5,"file":"node:internal/modules/run_main","function":"Module.executeUserEntryPoint [as runMain]","line":154,"method":"executeUserEntryPoint [as runMain]","native":false},{"column":47,"file":"node:internal/main/run_main_module","function":null,"line":33,"method":null,"native":false}]}
{"level":"info","message":"✅ Socket.IO initialized","timestamp":"2026-07-29 03:41:41"}
{"level":"info","message":"✅ Database connected","timestamp":"2026-07-29 03:41:41"}
{"level":"info","message":"Java Cafe POS API running on port 3000 [development]","timestamp":"2026-07-29 03:41:41"}
{"level":"info","message":"✅ Socket.IO initialized","timestamp":"2026-07-29 03:41:49"}
{"level":"info","message":"✅ Database connected","timestamp":"2026-07-29 03:41:49"}
{"level":"info","message":"Java Cafe POS API running on port 3000 [development]","timestamp":"2026-07-29 03:41:49"}
{"level":"info","message":"✅ Socket.IO initialized","timestamp":"2026-07-29 03:42:04"}
{"level":"info","message":"✅ Database connected","timestamp":"2026-07-29 03:42:04"}
{"date":"Wed Jul 29 2026 03:42:04 GMT+0300 (توقيت شرق أوروبا الصيفي)","error":{"address":"::","code":"EADDRINUSE","errno":-4091,"port":3000,"syscall":"listen"},"exception":true,"level":"error","message":"uncaughtException: listen EADDRINUSE: address already in use :::3000\nError: listen EADDRINUSE: address already in use :::3000\n    at Server.setupListenHandle [as _listen2] (node:net:2008:16)\n    at listenInCluster (node:net:2065:12)\n    at Server.listen (node:net:2170:7)\n    at start (D:\\Training\\Java\\java_backend\\server.js:23:12)\n    at process.processTicksAndRejections (node:internal/process/task_queues:104:5)","os":{"loadavg":[0,0,0],"uptime":8377.218},"process":{"argv":["C:\\Program Files\\nodejs\\node.exe","D:\\Training\\Java\\java_backend\\server.js"],"cwd":"D:\\Training\\Java\\java_backend","execPath":"C:\\Program Files\\nodejs\\node.exe","gid":null,"memoryUsage":{"arrayBuffers":3718224,"external":9101316,"heapTotal":70148096,"heapUsed":45940872,"rss":144871424},"pid":17596,"uid":null,"version":"v24.15.0"},"stack":"Error: listen EADDRINUSE: address already in use :::3000\n    at Server.setupListenHandle [as _listen2] (node:net:2008:16)\n    at listenInCluster (node:net:2065:12)\n    at Server.listen (node:net:2170:7)\n    at start (D:\\Training\\Java\\java_backend\\server.js:23:12)\n    at process.processTicksAndRejections (node:internal/process/task_queues:104:5)","timestamp":"2026-07-29 03:42:04","trace":[{"column":16,"file":"node:net","function":"Server.setupListenHandle [as _listen2]","line":2008,"method":"setupListenHandle [as _listen2]","native":false},{"column":12,"file":"node:net","function":"listenInCluster","line":2065,"method":null,"native":false},{"column":7,"file":"node:net","function":"Server.listen","line":2170,"method":"listen","native":false},{"column":12,"file":"D:\\Training\\Java\\java_backend\\server.js","function":"start","line":23,"method":null,"native":false},{"column":5,"file":"node:internal/process/task_queues","function":"process.processTicksAndRejections","line":104,"method":"processTicksAndRejections","native":false}]}
{"level":"info","message":"✅ Socket.IO initialized","timestamp":"2026-07-29 03:48:39"}
{"level":"info","message":"✅ Database connected","timestamp":"2026-07-29 03:48:39"}
{"level":"info","message":"Java Cafe POS API running on port 3000 [development]","timestamp":"2026-07-29 03:48:39"}
{"level":"info","message":"✅ Socket.IO initialized","timestamp":"2026-07-29 03:48:46"}
{"level":"info","message":"✅ Database connected","timestamp":"2026-07-29 03:48:46"}
{"date":"Wed Jul 29 2026 03:48:46 GMT+0300 (توقيت شرق أوروبا الصيفي)","error":{"address":"::","code":"EADDRINUSE","errno":-4091,"port":3000,"syscall":"listen"},"exception":true,"level":"error","message":"uncaughtException: listen EADDRINUSE: address already in use :::3000\nError: listen EADDRINUSE: address already in use :::3000\n    at Server.setupListenHandle [as _listen2] (node:net:2008:16)\n    at listenInCluster (node:net:2065:12)\n    at Server.listen (node:net:2170:7)\n    at start (D:\\Training\\Java\\java_backend\\server.js:23:12)\n    at process.processTicksAndRejections (node:internal/process/task_queues:104:5)","os":{"loadavg":[0,0,0],"uptime":8778.921},"process":{"argv":["C:\\Program Files\\nodejs\\node.exe","D:\\Training\\Java\\java_backend\\server.js"],"cwd":"D:\\Training\\Java\\java_backend","execPath":"C:\\Program Files\\nodejs\\node.exe","gid":null,"memoryUsage":{"arrayBuffers":3718224,"external":9101316,"heapTotal":69959680,"heapUsed":45034256,"rss":140935168},"pid":7392,"uid":null,"version":"v24.15.0"},"stack":"Error: listen EADDRINUSE: address already in use :::3000\n    at Server.setupListenHandle [as _listen2] (node:net:2008:16)\n    at listenInCluster (node:net:2065:12)\n    at Server.listen (node:net:2170:7)\n    at start (D:\\Training\\Java\\java_backend\\server.js:23:12)\n    at process.processTicksAndRejections (node:internal/process/task_queues:104:5)","timestamp":"2026-07-29 03:48:46","trace":[{"column":16,"file":"node:net","function":"Server.setupListenHandle [as _listen2]","line":2008,"method":"setupListenHandle [as _listen2]","native":false},{"column":12,"file":"node:net","function":"listenInCluster","line":2065,"method":null,"native":false},{"column":7,"file":"node:net","function":"Server.listen","line":2170,"method":"listen","native":false},{"column":12,"file":"D:\\Training\\Java\\java_backend\\server.js","function":"start","line":23,"method":null,"native":false},{"column":5,"file":"node:internal/process/task_queues","function":"process.processTicksAndRejections","line":104,"method":"processTicksAndRejections","native":false}]}
{"level":"info","message":"✅ Socket.IO initialized","timestamp":"2026-07-29 16:04:31"}
{"level":"info","message":"✅ Database connected","timestamp":"2026-07-29 16:04:31"}
{"level":"info","message":"Java Cafe POS API running on port 3000 [development]","timestamp":"2026-07-29 16:04:31"}
{"level":"info","message":"✅ Socket.IO initialized","timestamp":"2026-07-29 16:08:01"}
{"level":"info","message":"✅ Database connected","timestamp":"2026-07-29 16:08:01"}
{"level":"info","message":"Java Cafe POS API running on port 3000 [development]","timestamp":"2026-07-29 16:08:01"}
{"level":"info","message":"✅ Socket.IO initialized","timestamp":"2026-07-29 16:09:58"}
{"level":"info","message":"✅ Database connected","timestamp":"2026-07-29 16:09:58"}
{"level":"info","message":"Java Cafe POS API running on port 3000 [development]","timestamp":"2026-07-29 16:09:58"}
{"level":"info","message":"✅ Socket.IO initialized","timestamp":"2026-07-29 16:10:17"}
{"level":"info","message":"✅ Database connected","timestamp":"2026-07-29 16:10:17"}
{"level":"info","message":"Java Cafe POS API running on port 3000 [development]","timestamp":"2026-07-29 16:10:17"}
{"level":"info","message":"✅ Socket.IO initialized","timestamp":"2026-07-29 16:31:13"}
{"level":"info","message":"✅ Database connected","timestamp":"2026-07-29 16:31:13"}
{"level":"info","message":"Java Cafe POS API running on port 3000 [development]","timestamp":"2026-07-29 16:31:13"}
{"level":"info","message":"✅ Socket.IO initialized","timestamp":"2026-07-29 16:44:33"}
{"level":"info","message":"✅ Database connected","timestamp":"2026-07-29 16:44:33"}
{"level":"info","message":"Java Cafe POS API running on port 3000 [development]","timestamp":"2026-07-29 16:44:33"}
{"error":"Key not found","level":"error","message":"[Email] Failed to send verification email","timestamp":"2026-07-29 20:30:02"}
{"level":"info","message":"✅ Socket.IO initialized","timestamp":"2026-09-08 16:21:59"}
{"level":"info","message":"✅ Database connected","timestamp":"2026-09-08 16:21:59"}
{"level":"info","message":"Java Cafe POS API running on port 3000 [development]","timestamp":"2026-09-08 16:21:59"}
{"body":{"email":"adminn@javacafe.com","password":"Admin@123456"},"level":"error","message":"[POST] /api/auth/login — \nInvalid `this.model.findUnique()` invocation in\nD:\\Training\\Java\\java_backend\\repositories\\user.repository.js:13:23\n\n  10 constructor() { super('user'); }\n  11 \n  12 findByEmail(email) {\n→ 13   return this.model.findUnique(\nServer has closed the connection.","stack":"PrismaClientKnownRequestError: \nInvalid `this.model.findUnique()` invocation in\nD:\\Training\\Java\\java_backend\\repositories\\user.repository.js:13:23\n\n  10 constructor() { super('user'); }\n  11 \n  12 findByEmail(email) {\n→ 13   return this.model.findUnique(\nServer has closed the connection.\n    at zr.handleRequestError (D:\\Training\\Java\\java_backend\\node_modules\\@prisma\\client\\runtime\\client.js:65:8286)\n    at zr.handleAndLogRequestError (D:\\Training\\Java\\java_backend\\node_modules\\@prisma\\client\\runtime\\client.js:65:7581)\n    at zr.request (D:\\Training\\Java\\java_backend\\node_modules\\@prisma\\client\\runtime\\client.js:65:7288)\n    at process.processTicksAndRejections (node:internal/process/task_queues:104:5)\n    at async a (D:\\Training\\Java\\java_backend\\node_modules\\@prisma\\client\\runtime\\client.js:75:6862)\n    at async AuthService.login (D:\\Training\\Java\\java_backend\\services\\auth.service.js:123:18)\n    at async login (D:\\Training\\Java\\java_backend\\controllers\\auth.controller.js:44:22)","timestamp":"2026-09-08 16:43:28","userId":"unauthenticated"}
{"ip":"::ffff:127.0.0.1","level":"error","message":"POST /api/auth/login 500 — 945ms","timestamp":"2026-09-08 16:43:28","userId":"-"}
{"body":{"email":"adminn@javacafe.com","password":"Admin@123456"},"level":"error","message":"[POST] /api/auth/login — \nInvalid `this.model.findUnique()` invocation in\nD:\\Training\\Java\\java_backend\\repositories\\user.repository.js:13:23\n\n  10 constructor() { super('user'); }\n  11 \n  12 findByEmail(email) {\n→ 13   return this.model.findUnique(\nServer has closed the connection.","stack":"PrismaClientKnownRequestError: \nInvalid `this.model.findUnique()` invocation in\nD:\\Training\\Java\\java_backend\\repositories\\user.repository.js:13:23\n\n  10 constructor() { super('user'); }\n  11 \n  12 findByEmail(email) {\n→ 13   return this.model.findUnique(\nServer has closed the connection.\n    at zr.handleRequestError (D:\\Training\\Java\\java_backend\\node_modules\\@prisma\\client\\runtime\\client.js:65:8286)\n    at zr.handleAndLogRequestError (D:\\Training\\Java\\java_backend\\node_modules\\@prisma\\client\\runtime\\client.js:65:7581)\n    at zr.request (D:\\Training\\Java\\java_backend\\node_modules\\@prisma\\client\\runtime\\client.js:65:7288)\n    at process.processTicksAndRejections (node:internal/process/task_queues:104:5)\n    at async a (D:\\Training\\Java\\java_backend\\node_modules\\@prisma\\client\\runtime\\client.js:75:6862)\n    at async AuthService.login (D:\\Training\\Java\\java_backend\\services\\auth.service.js:123:18)\n    at async login (D:\\Training\\Java\\java_backend\\controllers\\auth.controller.js:44:22)","timestamp":"2026-09-08 16:44:45","userId":"unauthenticated"}
{"ip":"::ffff:127.0.0.1","level":"error","message":"POST /api/auth/login 500 — 160ms","timestamp":"2026-09-08 16:44:45","userId":"-"}
{"level":"info","message":"SIGINT received — shutting down gracefully","timestamp":"2026-09-08 16:44:51"}
{"level":"info","message":"✅ Socket.IO initialized","timestamp":"2026-09-08 16:44:58"}
{"level":"info","message":"✅ Database connected","timestamp":"2026-09-08 16:44:59"}
{"level":"info","message":"Java Cafe POS API running on port 3000 [development]","timestamp":"2026-09-08 16:44:59"}
{"ip":"::ffff:127.0.0.1","level":"info","message":"POST /api/auth/login 200 — 993ms","timestamp":"2026-09-08 16:47:05","userId":"-"}
{"ip":"::ffff:127.0.0.1","level":"info","message":"GET /api/categories/active 200 — 227ms","timestamp":"2026-09-08 16:47:06","userId":"577dca8f-6f0e-4b76-8ee3-814b160a67bc"}
{"level":"info","message":"[Socket] Connected: SncvopEm8HHNrgO8AAAB | User: 577dca8f-6f0e-4b76-8ee3-814b160a67bc","timestamp":"2026-09-08 16:47:06"}
{"ip":"::ffff:127.0.0.1","level":"info","message":"GET /api/products?page=1&limit=100 200 — 337ms","timestamp":"2026-09-08 16:47:06","userId":"577dca8f-6f0e-4b76-8ee3-814b160a67bc"}
{"ip":"::ffff:127.0.0.1","level":"info","message":"GET /api/products 200 — 306ms","timestamp":"2026-09-08 16:47:06","userId":"577dca8f-6f0e-4b76-8ee3-814b160a67bc"}
{"ip":"::ffff:127.0.0.1","level":"info","message":"GET /api/flavors?page=1&limit=100 200 — 26ms","timestamp":"2026-09-08 16:47:07","userId":"577dca8f-6f0e-4b76-8ee3-814b160a67bc"}
{"ip":"::ffff:127.0.0.1","level":"info","message":"GET /api/categories?page=1&limit=100 200 — 54ms","timestamp":"2026-09-08 16:47:07","userId":"577dca8f-6f0e-4b76-8ee3-814b160a67bc"}
{"ip":"::ffff:127.0.0.1","level":"info","message":"GET /api/flavors/active 200 — 92ms","timestamp":"2026-09-08 16:47:07","userId":"577dca8f-6f0e-4b76-8ee3-814b160a67bc"}
{"ip":"::ffff:127.0.0.1","level":"info","message":"GET /api/users?page=1&limit=100 200 — 48ms","timestamp":"2026-09-08 16:47:07","userId":"577dca8f-6f0e-4b76-8ee3-814b160a67bc"}
{"ip":"::ffff:127.0.0.1","level":"info","message":"GET /api/stock 200 — 29ms","timestamp":"2026-09-08 16:47:07","userId":"577dca8f-6f0e-4b76-8ee3-814b160a67bc"}
{"ip":"::ffff:127.0.0.1","level":"info","message":"GET /api/orders?page=1&limit=1 200 — 164ms","timestamp":"2026-09-08 16:47:07","userId":"577dca8f-6f0e-4b76-8ee3-814b160a67bc"}
{"ip":"::ffff:127.0.0.1","level":"info","message":"GET /api/payment-numbers 200 — 54ms","timestamp":"2026-09-08 16:47:07","userId":"577dca8f-6f0e-4b76-8ee3-814b160a67bc"}
{"ip":"::ffff:127.0.0.1","level":"info","message":"GET /api/products?page=1&limit=100 200 — 198ms","timestamp":"2026-09-08 16:52:23","userId":"577dca8f-6f0e-4b76-8ee3-814b160a67bc"}
{"ip":"::ffff:127.0.0.1","level":"info","message":"GET /api/flavors?page=1&limit=100 200 — 8ms","timestamp":"2026-09-08 16:52:23","userId":"577dca8f-6f0e-4b76-8ee3-814b160a67bc"}
{"ip":"::ffff:127.0.0.1","level":"info","message":"GET /api/categories?page=1&limit=100 200 — 4ms","timestamp":"2026-09-08 16:52:23","userId":"577dca8f-6f0e-4b76-8ee3-814b160a67bc"}
{"ip":"::ffff:127.0.0.1","level":"info","message":"GET /api/users?page=1&limit=100 200 — 39ms","timestamp":"2026-09-08 16:52:24","userId":"577dca8f-6f0e-4b76-8ee3-814b160a67bc"}
{"ip":"::ffff:127.0.0.1","level":"info","message":"GET /api/stock 200 — 9ms","timestamp":"2026-09-08 16:52:24","userId":"577dca8f-6f0e-4b76-8ee3-814b160a67bc"}
{"ip":"::ffff:127.0.0.1","level":"info","message":"GET /api/payment-numbers 200 — 9ms","timestamp":"2026-09-08 16:52:24","userId":"577dca8f-6f0e-4b76-8ee3-814b160a67bc"}
{"ip":"::ffff:127.0.0.1","level":"info","message":"POST /api/products/d236048f-06b6-4f4a-8360-d199bc6e7240/favorite 200 — 141ms","timestamp":"2026-09-08 16:52:35","userId":"577dca8f-6f0e-4b76-8ee3-814b160a67bc"}
{"level":"error","message":"[GET] /api/reports/daily — Access token expired","stack":"Error: Access token expired\n    at verifyAccessToken (D:\\Training\\Java\\java_backend\\utils\\jwt.js:31:13)\n    at authenticate (D:\\Training\\Java\\java_backend\\middlewares\\auth.js:13:21)\n    at Layer.handleRequest (D:\\Training\\Java\\java_backend\\node_modules\\router\\lib\\layer.js:152:17)\n    at trimPrefix (D:\\Training\\Java\\java_backend\\node_modules\\router\\index.js:342:13)\n    at D:\\Training\\Java\\java_backend\\node_modules\\router\\index.js:297:9\n    at processParams (D:\\Training\\Java\\java_backend\\node_modules\\router\\index.js:582:12)\n    at next (D:\\Training\\Java\\java_backend\\node_modules\\router\\index.js:291:5)\n    at router.handle (D:\\Training\\Java\\java_backend\\node_modules\\router\\index.js:186:3)\n    at router (D:\\Training\\Java\\java_backend\\node_modules\\router\\index.js:60:12)\n    at Layer.handleRequest (D:\\Training\\Java\\java_backend\\node_modules\\router\\lib\\layer.js:152:17)","timestamp":"2026-09-08 17:04:10","userId":"unauthenticated"}
{"ip":"::ffff:127.0.0.1","level":"warn","message":"GET /api/reports/daily 401 — 5ms","timestamp":"2026-09-08 17:04:10","userId":"-"}
{"ip":"::ffff:127.0.0.1","level":"info","message":"POST /api/auth/refresh 200 — 147ms","timestamp":"2026-09-08 17:04:11","userId":"-"}
{"ip":"::ffff:127.0.0.1","level":"info","message":"GET /api/reports/daily 200 — 103ms","timestamp":"2026-09-08 17:04:12","userId":"577dca8f-6f0e-4b76-8ee3-814b160a67bc"}
{"ip":"::ffff:127.0.0.1","level":"info","message":"GET /api/orders?page=1&limit=50 200 — 42ms","timestamp":"2026-09-08 17:04:13","userId":"577dca8f-6f0e-4b76-8ee3-814b160a67bc"}
{"ip":"::ffff:127.0.0.1","level":"info","message":"GET /api/orders?page=1&limit=50&status=PENDING 200 — 17ms","timestamp":"2026-09-08 17:04:15","userId":"577dca8f-6f0e-4b76-8ee3-814b160a67bc"}
{"ip":"::ffff:127.0.0.1","level":"info","message":"GET /api/orders?page=1&limit=50&status=PREPARING 200 — 158ms","timestamp":"2026-09-08 17:04:15","userId":"577dca8f-6f0e-4b76-8ee3-814b160a67bc"}
{"ip":"::ffff:127.0.0.1","level":"info","message":"GET /api/orders?page=1&limit=50&status=READY 200 — 21ms","timestamp":"2026-09-08 17:04:16","userId":"577dca8f-6f0e-4b76-8ee3-814b160a67bc"}
{"ip":"::ffff:127.0.0.1","level":"info","message":"GET /api/products?page=1&limit=100 200 — 303ms","timestamp":"2026-09-08 17:09:06","userId":"577dca8f-6f0e-4b76-8ee3-814b160a67bc"}
{"ip":"::ffff:127.0.0.1","level":"info","message":"GET /api/flavors?page=1&limit=100 200 — 60ms","timestamp":"2026-09-08 17:09:06","userId":"577dca8f-6f0e-4b76-8ee3-814b160a67bc"}
{"ip":"::ffff:127.0.0.1","level":"info","message":"GET /api/categories?page=1&limit=100 200 — 9ms","timestamp":"2026-09-08 17:09:06","userId":"577dca8f-6f0e-4b76-8ee3-814b160a67bc"}
{"ip":"::ffff:127.0.0.1","level":"info","message":"GET /api/users?page=1&limit=100 200 — 10ms","timestamp":"2026-09-08 17:09:06","userId":"577dca8f-6f0e-4b76-8ee3-814b160a67bc"}
{"ip":"::ffff:127.0.0.1","level":"info","message":"GET /api/stock 200 — 34ms","timestamp":"2026-09-08 17:09:07","userId":"577dca8f-6f0e-4b76-8ee3-814b160a67bc"}
{"ip":"::ffff:127.0.0.1","level":"info","message":"GET /api/payment-numbers 200 — 9ms","timestamp":"2026-09-08 17:09:07","userId":"577dca8f-6f0e-4b76-8ee3-814b160a67bc"}
{"ip":"::ffff:127.0.0.1","level":"info","message":"GET /api/reports/daily 200 — 281ms","timestamp":"2026-09-08 17:09:48","userId":"577dca8f-6f0e-4b76-8ee3-814b160a67bc"}
{"level":"info","message":"[Socket] Disconnected: SncvopEm8HHNrgO8AAAB","timestamp":"2026-09-08 17:10:54"}
{"level":"info","message":"✅ Socket.IO initialized","timestamp":"2026-09-08 17:11:38"}
{"level":"info","message":"✅ Database connected","timestamp":"2026-09-08 17:11:38"}
{"level":"info","message":"Java Cafe POS API running on port 3000 [development]","timestamp":"2026-09-08 17:11:38"}
{"level":"info","message":"✅ Socket.IO initialized","timestamp":"2026-09-10 17:59:47"}
{"level":"info","message":"✅ Database connected","timestamp":"2026-09-10 17:59:47"}
{"level":"info","message":"Java Cafe POS API running on port 3000 [development]","timestamp":"2026-09-10 17:59:47"}
{"level":"info","message":"✅ Socket.IO initialized","timestamp":"2026-09-10 17:59:48"}
{"level":"info","message":"✅ Database connected","timestamp":"2026-09-10 17:59:48"}
{"level":"info","message":"Java Cafe POS API running on port 3000 [development]","timestamp":"2026-09-10 17:59:48"}
{"level":"info","message":"✅ Socket.IO initialized","timestamp":"2026-09-10 18:00:15"}
{"level":"info","message":"✅ Database connected","timestamp":"2026-09-10 18:00:15"}
{"level":"info","message":"Java Cafe POS API running on port 3000 [development]","timestamp":"2026-09-10 18:00:15"}
{"level":"info","message":"✅ Socket.IO initialized","timestamp":"2026-09-10 18:00:18"}
{"level":"info","message":"✅ Database connected","timestamp":"2026-09-10 18:00:18"}
{"level":"info","message":"Java Cafe POS API running on port 3000 [development]","timestamp":"2026-09-10 18:00:18"}
{"level":"info","message":"✅ Socket.IO initialized","timestamp":"2026-09-10 18:01:05"}
{"level":"info","message":"✅ Database connected","timestamp":"2026-09-10 18:01:05"}
{"level":"info","message":"Java Cafe POS API running on port 3000 [development]","timestamp":"2026-09-10 18:01:05"}
{"level":"info","message":"✅ Socket.IO initialized","timestamp":"2026-09-15 12:42:28"}
{"level":"info","message":"✅ Database connected","timestamp":"2026-09-15 12:42:28"}
{"level":"info","message":"Java Cafe POS API running on port 3000 [development]","timestamp":"2026-09-15 12:42:28"}
{"level":"error","message":"[Socket Auth Error] Access token expired","timestamp":"2026-09-15 12:42:45"}
{"level":"error","message":"[Socket Auth Error] Access token expired","timestamp":"2026-09-15 12:44:00"}
{"level":"error","message":"[GET] /api/products?page=1&limit=100 — Access token expired","stack":"Error: Access token expired\n    at verifyAccessToken (D:\\Training\\Java\\java_backend\\utils\\jwt.js:31:13)\n    at authenticate (D:\\Training\\Java\\java_backend\\middlewares\\auth.js:11:21)\n    at Layer.handleRequest (D:\\Training\\Java\\java_backend\\node_modules\\router\\lib\\layer.js:152:17)\n    at trimPrefix (D:\\Training\\Java\\java_backend\\node_modules\\router\\index.js:342:13)\n    at D:\\Training\\Java\\java_backend\\node_modules\\router\\index.js:297:9\n    at processParams (D:\\Training\\Java\\java_backend\\node_modules\\router\\index.js:582:12)\n    at next (D:\\Training\\Java\\java_backend\\node_modules\\router\\index.js:291:5)\n    at router.handle (D:\\Training\\Java\\java_backend\\node_modules\\router\\index.js:186:3)\n    at router (D:\\Training\\Java\\java_backend\\node_modules\\router\\index.js:60:12)\n    at Layer.handleRequest (D:\\Training\\Java\\java_backend\\node_modules\\router\\lib\\layer.js:152:17)","timestamp":"2026-09-15 12:55:53","userId":"unauthenticated"}
{"ip":"::ffff:127.0.0.1","level":"warn","message":"GET /api/products?page=1&limit=100 401 — 174ms","timestamp":"2026-09-15 12:55:53","userId":"-"}
{"level":"error","message":"[GET] /api/categories/active — Access token expired","stack":"Error: Access token expired\n    at verifyAccessToken (D:\\Training\\Java\\java_backend\\utils\\jwt.js:31:13)\n    at authenticate (D:\\Training\\Java\\java_backend\\middlewares\\auth.js:11:21)\n    at Layer.handleRequest (D:\\Training\\Java\\java_backend\\node_modules\\router\\lib\\layer.js:152:17)\n    at trimPrefix (D:\\Training\\Java\\java_backend\\node_modules\\router\\index.js:342:13)\n    at D:\\Training\\Java\\java_backend\\node_modules\\router\\index.js:297:9\n    at processParams (D:\\Training\\Java\\java_backend\\node_modules\\router\\index.js:582:12)\n    at next (D:\\Training\\Java\\java_backend\\node_modules\\router\\index.js:291:5)\n    at router.handle (D:\\Training\\Java\\java_backend\\node_modules\\router\\index.js:186:3)\n    at router (D:\\Training\\Java\\java_backend\\node_modules\\router\\index.js:60:12)\n    at Layer.handleRequest (D:\\Training\\Java\\java_backend\\node_modules\\router\\lib\\layer.js:152:17)","timestamp":"2026-09-15 12:55:53","userId":"unauthenticated"}
{"ip":"::ffff:127.0.0.1","level":"warn","message":"GET /api/categories/active 401 — 8ms","timestamp":"2026-09-15 12:55:53","userId":"-"}
{"level":"error","message":"[Socket Auth Error] Access token expired","timestamp":"2026-09-15 12:55:53"}
{"ip":"::ffff:127.0.0.1","level":"info","message":"POST /api/auth/refresh 200 — 1233ms","timestamp":"2026-09-15 12:55:56","userId":"-"}
{"ip":"::ffff:127.0.0.1","level":"info","message":"GET /api/products?page=1&limit=100 200 — 801ms","timestamp":"2026-09-15 12:55:57","userId":"577dca8f-6f0e-4b76-8ee3-814b160a67bc"}
{"ip":"::ffff:127.0.0.1","level":"info","message":"GET /api/categories/active 200 — 1009ms","timestamp":"2026-09-15 12:55:57","userId":"577dca8f-6f0e-4b76-8ee3-814b160a67bc"}
{"ip":"::ffff:127.0.0.1","level":"info","message":"GET /api/flavors?page=1&limit=100 200 — 165ms","timestamp":"2026-09-15 12:55:57","userId":"577dca8f-6f0e-4b76-8ee3-814b160a67bc"}
{"ip":"::ffff:127.0.0.1","level":"info","message":"GET /api/categories?page=1&limit=100 200 — 185ms","timestamp":"2026-09-15 12:55:58","userId":"577dca8f-6f0e-4b76-8ee3-814b160a67bc"}
{"ip":"::ffff:127.0.0.1","level":"info","message":"GET /api/products 200 — 528ms","timestamp":"2026-09-15 12:55:58","userId":"577dca8f-6f0e-4b76-8ee3-814b160a67bc"}
{"ip":"::ffff:127.0.0.1","level":"info","message":"GET /api/flavors/active 200 — 218ms","timestamp":"2026-09-15 12:55:58","userId":"577dca8f-6f0e-4b76-8ee3-814b160a67bc"}
{"ip":"::ffff:127.0.0.1","level":"info","message":"GET /api/users?page=1&limit=100 200 — 445ms","timestamp":"2026-09-15 12:55:59","userId":"577dca8f-6f0e-4b76-8ee3-814b160a67bc"}
{"ip":"::ffff:127.0.0.1","level":"info","message":"GET /api/stock 200 — 518ms","timestamp":"2026-09-15 12:55:59","userId":"577dca8f-6f0e-4b76-8ee3-814b160a67bc"}
{"ip":"::ffff:127.0.0.1","level":"info","message":"GET /api/payment-numbers 200 — 174ms","timestamp":"2026-09-15 12:55:59","userId":"577dca8f-6f0e-4b76-8ee3-814b160a67bc"}
{"ip":"::ffff:127.0.0.1","level":"info","message":"GET /api/orders?page=1&limit=1 200 — 954ms","timestamp":"2026-09-15 12:56:00","userId":"577dca8f-6f0e-4b76-8ee3-814b160a67bc"}
{"ip":"::ffff:127.0.0.1","level":"info","message":"POST /api/auth/login 200 — 5839ms","timestamp":"2026-09-15 13:16:07","userId":"-"}
{"ip":"::ffff:127.0.0.1","level":"info","message":"GET /api/categories/active 200 — 43ms","timestamp":"2026-09-15 13:16:07","userId":"577dca8f-6f0e-4b76-8ee3-814b160a67bc"}
{"ip":"::ffff:127.0.0.1","level":"info","message":"GET /api/products?page=1&limit=100 200 — 62ms","timestamp":"2026-09-15 13:16:08","userId":"577dca8f-6f0e-4b76-8ee3-814b160a67bc"}
{"level":"info","message":"[Socket] Connected: DIaKvKV4HJIUy0C6AAAH | User: 577dca8f-6f0e-4b76-8ee3-814b160a67bc","timestamp":"2026-09-15 13:16:08"}
{"ip":"::ffff:127.0.0.1","level":"info","message":"GET /api/products 200 — 63ms","timestamp":"2026-09-15 13:16:08","userId":"577dca8f-6f0e-4b76-8ee3-814b160a67bc"}
{"ip":"::ffff:127.0.0.1","level":"info","message":"GET /api/flavors?page=1&limit=100 200 — 51ms","timestamp":"2026-09-15 13:16:08","userId":"577dca8f-6f0e-4b76-8ee3-814b160a67bc"}
{"ip":"::ffff:127.0.0.1","level":"info","message":"GET /api/flavors/active 200 — 249ms","timestamp":"2026-09-15 13:16:09","userId":"577dca8f-6f0e-4b76-8ee3-814b160a67bc"}
{"ip":"::ffff:127.0.0.1","level":"info","message":"GET /api/categories?page=1&limit=100 200 — 205ms","timestamp":"2026-09-15 13:16:09","userId":"577dca8f-6f0e-4b76-8ee3-814b160a67bc"}
{"ip":"::ffff:127.0.0.1","level":"info","message":"GET /api/users?page=1&limit=100 200 — 84ms","timestamp":"2026-09-15 13:16:09","userId":"577dca8f-6f0e-4b76-8ee3-814b160a67bc"}
{"ip":"::ffff:127.0.0.1","level":"info","message":"GET /api/orders?page=1&limit=1 200 — 378ms","timestamp":"2026-09-15 13:16:09","userId":"577dca8f-6f0e-4b76-8ee3-814b160a67bc"}
{"ip":"::ffff:127.0.0.1","level":"info","message":"GET /api/stock 200 — 9ms","timestamp":"2026-09-15 13:16:09","userId":"577dca8f-6f0e-4b76-8ee3-814b160a67bc"}
{"ip":"::ffff:127.0.0.1","level":"info","message":"GET /api/payment-numbers 200 — 40ms","timestamp":"2026-09-15 13:16:10","userId":"577dca8f-6f0e-4b76-8ee3-814b160a67bc"}
{"ip":"::ffff:127.0.0.1","level":"info","message":"GET /api/orders?page=1&limit=50 200 — 491ms","timestamp":"2026-09-15 13:16:52","userId":"577dca8f-6f0e-4b76-8ee3-814b160a67bc"}
{"ip":"::ffff:127.0.0.1","level":"info","message":"GET /api/products?page=1&limit=100 200 — 84ms","timestamp":"2026-09-15 13:17:00","userId":"577dca8f-6f0e-4b76-8ee3-814b160a67bc"}
{"ip":"::ffff:127.0.0.1","level":"info","message":"GET /api/flavors?page=1&limit=100 200 — 149ms","timestamp":"2026-09-15 13:17:01","userId":"577dca8f-6f0e-4b76-8ee3-814b160a67bc"}
{"ip":"::ffff:127.0.0.1","level":"info","message":"GET /api/categories?page=1&limit=100 200 — 22ms","timestamp":"2026-09-15 13:17:01","userId":"577dca8f-6f0e-4b76-8ee3-814b160a67bc"}
{"ip":"::ffff:127.0.0.1","level":"info","message":"GET /api/users?page=1&limit=100 200 — 20ms","timestamp":"2026-09-15 13:17:01","userId":"577dca8f-6f0e-4b76-8ee3-814b160a67bc"}
{"ip":"::ffff:127.0.0.1","level":"info","message":"GET /api/stock 200 — 19ms","timestamp":"2026-09-15 13:17:02","userId":"577dca8f-6f0e-4b76-8ee3-814b160a67bc"}
{"ip":"::ffff:127.0.0.1","level":"info","message":"GET /api/payment-numbers 200 — 38ms","timestamp":"2026-09-15 13:17:02","userId":"577dca8f-6f0e-4b76-8ee3-814b160a67bc"}
{"ip":"::ffff:127.0.0.1","level":"info","message":"POST /api/auth/logout 200 — 140ms","timestamp":"2026-09-15 13:17:12","userId":"577dca8f-6f0e-4b76-8ee3-814b160a67bc"}
{"level":"info","message":"[Socket] Disconnected: DIaKvKV4HJIUy0C6AAAH","timestamp":"2026-09-15 13:17:13"}
{"ip":"::ffff:127.0.0.1","level":"info","message":"POST /api/auth/google 200 — 2606ms","timestamp":"2026-09-15 13:19:15","userId":"-"}
{"ip":"::ffff:127.0.0.1","level":"info","message":"GET /api/categories/active 200 — 9ms","timestamp":"2026-09-15 13:19:17","userId":"204a6cff-6b89-43b0-bde0-1778236b7f14"}
{"level":"info","message":"[Socket] Connected: hniZPra7xsrnVjcHAAAJ | User: 577dca8f-6f0e-4b76-8ee3-814b160a67bc","timestamp":"2026-09-15 13:19:18"}
{"ip":"::ffff:127.0.0.1","level":"info","message":"GET /api/products 200 — 26ms","timestamp":"2026-09-15 13:19:18","userId":"204a6cff-6b89-43b0-bde0-1778236b7f14"}
{"ip":"::ffff:127.0.0.1","level":"info","message":"GET /api/flavors/active 200 — 7ms","timestamp":"2026-09-15 13:19:19","userId":"204a6cff-6b89-43b0-bde0-1778236b7f14"}
{"ip":"::ffff:127.0.0.1","level":"info","message":"GET /api/orders/my-orders?page=1&limit=1 200 — 24ms","timestamp":"2026-09-15 13:19:20","userId":"204a6cff-6b89-43b0-bde0-1778236b7f14"}
{"ip":"::ffff:127.0.0.1","level":"info","message":"GET /api/orders/my-orders?page=1&limit=50 200 — 48ms","timestamp":"2026-09-15 13:19:24","userId":"204a6cff-6b89-43b0-bde0-1778236b7f14"}
{"level":"info","message":"[Socket] Disconnected: hniZPra7xsrnVjcHAAAJ","timestamp":"2026-09-15 13:19:43"}
{"level":"info","message":"[Socket] Connected: xJ1LSLCfNRT1c91sAAAL | User: 204a6cff-6b89-43b0-bde0-1778236b7f14","timestamp":"2026-09-15 13:21:02"}
{"ip":"::ffff:127.0.0.1","level":"info","message":"GET /api/auth/me 200 — 974ms","timestamp":"2026-09-15 13:21:03","userId":"204a6cff-6b89-43b0-bde0-1778236b7f14"}
{"ip":"::ffff:127.0.0.1","level":"info","message":"GET /api/categories/active 200 — 800ms","timestamp":"2026-09-15 13:21:03","userId":"204a6cff-6b89-43b0-bde0-1778236b7f14"}
{"ip":"::ffff:127.0.0.1","level":"info","message":"GET /api/categories/active 200 — 994ms","timestamp":"2026-09-15 13:21:03","userId":"204a6cff-6b89-43b0-bde0-1778236b7f14"}
{"ip":"::ffff:127.0.0.1","level":"info","message":"GET /api/products 200 — 114ms","timestamp":"2026-09-15 13:21:03","userId":"204a6cff-6b89-43b0-bde0-1778236b7f14"}
{"ip":"::ffff:127.0.0.1","level":"info","message":"GET /api/products 200 — 94ms","timestamp":"2026-09-15 13:21:03","userId":"204a6cff-6b89-43b0-bde0-1778236b7f14"}
{"ip":"::ffff:127.0.0.1","level":"info","message":"GET /api/flavors/active 200 — 5ms","timestamp":"2026-09-15 13:21:04","userId":"204a6cff-6b89-43b0-bde0-1778236b7f14"}
{"ip":"::ffff:127.0.0.1","level":"info","message":"GET /api/flavors/active 200 — 129ms","timestamp":"2026-09-15 13:21:04","userId":"204a6cff-6b89-43b0-bde0-1778236b7f14"}
{"ip":"::ffff:127.0.0.1","level":"info","message":"GET /api/orders/my-orders?page=1&limit=1 200 — 101ms","timestamp":"2026-09-15 13:21:04","userId":"204a6cff-6b89-43b0-bde0-1778236b7f14"}
{"ip":"::ffff:127.0.0.1","level":"info","message":"GET /api/orders/my-orders?page=1&limit=1 200 — 119ms","timestamp":"2026-09-15 13:21:04","userId":"204a6cff-6b89-43b0-bde0-1778236b7f14"}
{"ip":"::ffff:127.0.0.1","level":"info","message":"GET /api/orders/my-orders?page=1&limit=50 200 — 27ms","timestamp":"2026-09-15 13:21:09","userId":"204a6cff-6b89-43b0-bde0-1778236b7f14"}
{"level":"info","message":"[Socket] Disconnected: xJ1LSLCfNRT1c91sAAAL","timestamp":"2026-09-15 13:32:44"}
{"ip":"::ffff:192.168.1.22","level":"info","message":"POST /api/auth/google 200 — 231ms","timestamp":"2026-09-15 13:35:37","userId":"-"}
{"level":"info","message":"[Socket] Connected: 9E2c-xzt9_RYP2jnAAAN | User: 204a6cff-6b89-43b0-bde0-1778236b7f14","timestamp":"2026-09-15 13:35:38"}
{"ip":"::ffff:192.168.1.22","level":"info","message":"GET /api/categories/active 200 — 14ms","timestamp":"2026-09-15 13:35:38","userId":"204a6cff-6b89-43b0-bde0-1778236b7f14"}
{"ip":"::ffff:192.168.1.22","level":"info","message":"GET /api/products 200 — 48ms","timestamp":"2026-09-15 13:35:38","userId":"204a6cff-6b89-43b0-bde0-1778236b7f14"}
{"ip":"::ffff:192.168.1.22","level":"info","message":"GET /api/flavors/active 200 — 8ms","timestamp":"2026-09-15 13:35:38","userId":"204a6cff-6b89-43b0-bde0-1778236b7f14"}
{"ip":"::ffff:192.168.1.22","level":"info","message":"GET /api/orders/my-orders?page=1&limit=1 200 — 37ms","timestamp":"2026-09-15 13:35:38","userId":"204a6cff-6b89-43b0-bde0-1778236b7f14"}
{"ip":"::ffff:192.168.1.22","level":"info","message":"GET /api/orders/my-orders?page=1&limit=50 200 — 27ms","timestamp":"2026-09-15 13:35:38","userId":"204a6cff-6b89-43b0-bde0-1778236b7f14"}
{"ip":"::ffff:192.168.1.22","level":"info","message":"GET /api/orders/my-orders?page=1&limit=50 200 — 67ms","timestamp":"2026-09-15 13:35:55","userId":"204a6cff-6b89-43b0-bde0-1778236b7f14"}
{"ip":"::ffff:192.168.1.22","level":"info","message":"GET /api/orders/my-orders?page=1&limit=50 200 — 13ms","timestamp":"2026-09-15 13:35:57","userId":"204a6cff-6b89-43b0-bde0-1778236b7f14"}
{"ip":"::ffff:192.168.1.22","level":"info","message":"POST /api/auth/logout 200 — 18ms","timestamp":"2026-09-15 13:36:01","userId":"204a6cff-6b89-43b0-bde0-1778236b7f14"}
{"level":"info","message":"[Socket] Disconnected: 9E2c-xzt9_RYP2jnAAAN","timestamp":"2026-09-15 13:36:01"}
{"ip":"::ffff:192.168.1.22","level":"info","message":"POST /api/auth/login 200 — 639ms","timestamp":"2026-09-15 13:37:03","userId":"-"}
{"ip":"::ffff:192.168.1.22","level":"info","message":"GET /api/categories/active 200 — 5ms","timestamp":"2026-09-15 13:37:03","userId":"577dca8f-6f0e-4b76-8ee3-814b160a67bc"}
{"level":"info","message":"[Socket] Connected: GkcvM5H2Gyqyc-saAAAP | User: 204a6cff-6b89-43b0-bde0-1778236b7f14","timestamp":"2026-09-15 13:37:03"}
{"ip":"::ffff:192.168.1.22","level":"info","message":"GET /api/products?page=1&limit=100 200 — 26ms","timestamp":"2026-09-15 13:37:03","userId":"577dca8f-6f0e-4b76-8ee3-814b160a67bc"}
{"ip":"::ffff:192.168.1.22","level":"info","message":"GET /api/flavors?page=1&limit=100 200 — 110ms","timestamp":"2026-09-15 13:37:03","userId":"577dca8f-6f0e-4b76-8ee3-814b160a67bc"}
{"ip":"::ffff:192.168.1.22","level":"info","message":"GET /api/products 200 — 236ms","timestamp":"2026-09-15 13:37:03","userId":"577dca8f-6f0e-4b76-8ee3-814b160a67bc"}
{"ip":"::ffff:192.168.1.22","level":"info","message":"GET /api/categories?page=1&limit=100 200 — 8ms","timestamp":"2026-09-15 13:37:03","userId":"577dca8f-6f0e-4b76-8ee3-814b160a67bc"}
{"ip":"::ffff:192.168.1.22","level":"info","message":"GET /api/flavors/active 200 — 8ms","timestamp":"2026-09-15 13:37:03","userId":"577dca8f-6f0e-4b76-8ee3-814b160a67bc"}
{"ip":"::ffff:192.168.1.22","level":"info","message":"GET /api/users?page=1&limit=100 200 — 10ms","timestamp":"2026-09-15 13:37:03","userId":"577dca8f-6f0e-4b76-8ee3-814b160a67bc"}
{"ip":"::ffff:192.168.1.22","level":"info","message":"GET /api/orders?page=1&limit=1 200 — 25ms","timestamp":"2026-09-15 13:37:03","userId":"577dca8f-6f0e-4b76-8ee3-814b160a67bc"}
{"ip":"::ffff:192.168.1.22","level":"info","message":"GET /api/stock 200 — 162ms","timestamp":"2026-09-15 13:37:04","userId":"577dca8f-6f0e-4b76-8ee3-814b160a67bc"}
{"ip":"::ffff:192.168.1.22","level":"info","message":"GET /api/payment-numbers 200 — 168ms","timestamp":"2026-09-15 13:37:04","userId":"577dca8f-6f0e-4b76-8ee3-814b160a67bc"}
{"level":"info","message":"[Socket] Disconnected: GkcvM5H2Gyqyc-saAAAP","timestamp":"2026-09-15 13:39:34"}
{"level":"info","message":"[Socket] Connected: L2FN1QUlFWbLSSFIAAAR | User: 204a6cff-6b89-43b0-bde0-1778236b7f14","timestamp":"2026-09-15 13:39:59"}
{"ip":"::ffff:192.168.1.22","level":"info","message":"DELETE /api/users/684791ae-a9fc-4ab5-b708-51975c8f622b 200 — 222ms","timestamp":"2026-09-15 13:40:03","userId":"577dca8f-6f0e-4b76-8ee3-814b160a67bc"}
{"ip":"::ffff:192.168.1.22","level":"info","message":"GET /api/categories/active 200 — 5ms","timestamp":"2026-09-15 13:40:03","userId":"577dca8f-6f0e-4b76-8ee3-814b160a67bc"}
{"ip":"::ffff:192.168.1.22","level":"info","message":"GET /api/products 200 — 19ms","timestamp":"2026-09-15 13:40:03","userId":"577dca8f-6f0e-4b76-8ee3-814b160a67bc"}
{"ip":"::ffff:192.168.1.22","level":"info","message":"GET /api/flavors/active 200 — 4ms","timestamp":"2026-09-15 13:40:03","userId":"577dca8f-6f0e-4b76-8ee3-814b160a67bc"}
{"ip":"::ffff:192.168.1.22","level":"info","message":"GET /api/orders?page=1&limit=1 200 — 19ms","timestamp":"2026-09-15 13:40:04","userId":"577dca8f-6f0e-4b76-8ee3-814b160a67bc"}
{"ip":"::ffff:192.168.1.22","level":"info","message":"DELETE /api/users/e027b2ee-13da-43d8-8ee2-68152a3c3de1 200 — 22ms","timestamp":"2026-09-15 13:40:06","userId":"577dca8f-6f0e-4b76-8ee3-814b160a67bc"}
{"ip":"::ffff:192.168.1.22","level":"info","message":"GET /api/categories/active 200 — 5ms","timestamp":"2026-09-15 13:40:06","userId":"577dca8f-6f0e-4b76-8ee3-814b160a67bc"}
{"ip":"::ffff:192.168.1.22","level":"info","message":"GET /api/products 200 — 19ms","timestamp":"2026-09-15 13:40:06","userId":"577dca8f-6f0e-4b76-8ee3-814b160a67bc"}
{"ip":"::ffff:192.168.1.22","level":"info","message":"GET /api/flavors/active 200 — 10ms","timestamp":"2026-09-15 13:40:06","userId":"577dca8f-6f0e-4b76-8ee3-814b160a67bc"}
{"ip":"::ffff:192.168.1.22","level":"info","message":"GET /api/orders?page=1&limit=1 200 — 12ms","timestamp":"2026-09-15 13:40:06","userId":"577dca8f-6f0e-4b76-8ee3-814b160a67bc"}
{"level":"info","message":"[Socket] Disconnected: L2FN1QUlFWbLSSFIAAAR","timestamp":"2026-09-15 13:42:01"}
{"level":"info","message":"[Socket] Connected: LFZa-Qk1VQAXvtNIAAAU | User: 204a6cff-6b89-43b0-bde0-1778236b7f14","timestamp":"2026-09-15 13:42:09"}
{"level":"info","message":"[Socket] Disconnected: LFZa-Qk1VQAXvtNIAAAU","timestamp":"2026-09-15 13:43:14"}
{"level":"info","message":"[Socket] Connected: RD7gnulmY4cnOBWIAAAW | User: 204a6cff-6b89-43b0-bde0-1778236b7f14","timestamp":"2026-09-15 13:43:44"}
{"level":"info","message":"[Socket] Disconnected: RD7gnulmY4cnOBWIAAAW","timestamp":"2026-09-15 13:44:16"}
{"level":"info","message":"[Socket] Connected: FiNxgn74trDRfTGTAAAZ | User: 204a6cff-6b89-43b0-bde0-1778236b7f14","timestamp":"2026-09-15 13:44:24"}
{"level":"info","message":"[Socket] Disconnected: FiNxgn74trDRfTGTAAAZ","timestamp":"2026-09-15 13:44:30"}
{"level":"info","message":"[Socket] Connected: awkoHX4bXRslPY1yAAAb | User: 204a6cff-6b89-43b0-bde0-1778236b7f14","timestamp":"2026-09-15 13:47:33"}
{"level":"info","message":"[Socket] Disconnected: awkoHX4bXRslPY1yAAAb","timestamp":"2026-09-15 13:47:58"}
{"level":"info","message":"[Socket] Connected: dRomFiC_COJZq1wxAAAd | User: 577dca8f-6f0e-4b76-8ee3-814b160a67bc","timestamp":"2026-09-15 13:51:02"}
{"ip":"::ffff:192.168.1.22","level":"info","message":"GET /api/auth/me 200 — 139ms","timestamp":"2026-09-15 13:51:03","userId":"577dca8f-6f0e-4b76-8ee3-814b160a67bc"}
{"ip":"::ffff:192.168.1.22","level":"info","message":"GET /api/categories/active 200 — 120ms","timestamp":"2026-09-15 13:51:03","userId":"577dca8f-6f0e-4b76-8ee3-814b160a67bc"}
{"ip":"::ffff:192.168.1.22","level":"info","message":"GET /api/products?page=1&limit=100 200 — 139ms","timestamp":"2026-09-15 13:51:03","userId":"577dca8f-6f0e-4b76-8ee3-814b160a67bc"}
{"ip":"::ffff:192.168.1.22","level":"info","message":"GET /api/products 200 — 17ms","timestamp":"2026-09-15 13:51:03","userId":"577dca8f-6f0e-4b76-8ee3-814b160a67bc"}
{"ip":"::ffff:192.168.1.22","level":"info","message":"GET /api/flavors?page=1&limit=100 200 — 18ms","timestamp":"2026-09-15 13:51:03","userId":"577dca8f-6f0e-4b76-8ee3-814b160a67bc"}
{"ip":"::ffff:192.168.1.22","level":"info","message":"GET /api/flavors/active 200 — 11ms","timestamp":"2026-09-15 13:51:03","userId":"577dca8f-6f0e-4b76-8ee3-814b160a67bc"}
{"ip":"::ffff:192.168.1.22","level":"info","message":"GET /api/categories?page=1&limit=100 200 — 13ms","timestamp":"2026-09-15 13:51:03","userId":"577dca8f-6f0e-4b76-8ee3-814b160a67bc"}
{"ip":"::ffff:192.168.1.22","level":"info","message":"GET /api/users?page=1&limit=100 200 — 11ms","timestamp":"2026-09-15 13:51:03","userId":"577dca8f-6f0e-4b76-8ee3-814b160a67bc"}
{"ip":"::ffff:192.168.1.22","level":"info","message":"GET /api/stock 200 — 13ms","timestamp":"2026-09-15 13:51:03","userId":"577dca8f-6f0e-4b76-8ee3-814b160a67bc"}
{"ip":"::ffff:192.168.1.22","level":"info","message":"GET /api/orders?page=1&limit=1 200 — 44ms","timestamp":"2026-09-15 13:51:03","userId":"577dca8f-6f0e-4b76-8ee3-814b160a67bc"}
{"ip":"::ffff:192.168.1.22","level":"info","message":"GET /api/payment-numbers 200 — 11ms","timestamp":"2026-09-15 13:51:03","userId":"577dca8f-6f0e-4b76-8ee3-814b160a67bc"}
{"level":"info","message":"[Socket] Disconnected: dRomFiC_COJZq1wxAAAd","timestamp":"2026-09-15 13:51:54"}
{"level":"error","message":"[Socket Auth Error] Access token expired","timestamp":"2026-09-15 13:52:18"}
{"level":"error","message":"[Socket Auth Error] Access token expired","timestamp":"2026-09-15 13:52:18"}
{"level":"error","message":"[Socket Auth Error] Access token expired","timestamp":"2026-09-15 13:53:17"}
{"level":"error","message":"[GET] /api/categories/active — Access token expired","stack":"Error: Access token expired\n    at verifyAccessToken (D:\\Training\\Java\\java_backend\\utils\\jwt.js:31:13)\n    at authenticate (D:\\Training\\Java\\java_backend\\middlewares\\auth.js:11:21)\n    at Layer.handleRequest (D:\\Training\\Java\\java_backend\\node_modules\\router\\lib\\layer.js:152:17)\n    at trimPrefix (D:\\Training\\Java\\java_backend\\node_modules\\router\\index.js:342:13)\n    at D:\\Training\\Java\\java_backend\\node_modules\\router\\index.js:297:9\n    at processParams (D:\\Training\\Java\\java_backend\\node_modules\\router\\index.js:582:12)\n    at next (D:\\Training\\Java\\java_backend\\node_modules\\router\\index.js:291:5)\n    at router.handle (D:\\Training\\Java\\java_backend\\node_modules\\router\\index.js:186:3)\n    at router (D:\\Training\\Java\\java_backend\\node_modules\\router\\index.js:60:12)\n    at Layer.handleRequest (D:\\Training\\Java\\java_backend\\node_modules\\router\\lib\\layer.js:152:17)","timestamp":"2026-09-15 13:54:53","userId":"unauthenticated"}
{"ip":"::ffff:192.168.1.22","level":"warn","message":"GET /api/categories/active 401 — 10ms","timestamp":"2026-09-15 13:54:53","userId":"-"}
{"level":"error","message":"[Socket Auth Error] Access token expired","timestamp":"2026-09-15 13:54:53"}
{"level":"error","message":"[GET] /api/auth/me — Access token expired","stack":"Error: Access token expired\n    at verifyAccessToken (D:\\Training\\Java\\java_backend\\utils\\jwt.js:31:13)\n    at authenticate (D:\\Training\\Java\\java_backend\\middlewares\\auth.js:11:21)\n    at Layer.handleRequest (D:\\Training\\Java\\java_backend\\node_modules\\router\\lib\\layer.js:152:17)\n    at next (D:\\Training\\Java\\java_backend\\node_modules\\router\\lib\\route.js:157:13)\n    at Route.dispatch (D:\\Training\\Java\\java_backend\\node_modules\\router\\lib\\route.js:117:3)\n    at handle (D:\\Training\\Java\\java_backend\\node_modules\\router\\index.js:435:11)\n    at Layer.handleRequest (D:\\Training\\Java\\java_backend\\node_modules\\router\\lib\\layer.js:152:17)\n    at D:\\Training\\Java\\java_backend\\node_modules\\router\\index.js:295:15\n    at processParams (D:\\Training\\Java\\java_backend\\node_modules\\router\\index.js:582:12)\n    at next (D:\\Training\\Java\\java_backend\\node_modules\\router\\index.js:291:5)","timestamp":"2026-09-15 13:54:53","userId":"unauthenticated"}
{"ip":"::ffff:192.168.1.22","level":"warn","message":"GET /api/auth/me 401 — 4ms","timestamp":"2026-09-15 13:54:53","userId":"-"}
{"level":"error","message":"[GET] /api/products?page=1&limit=100 — Access token expired","stack":"Error: Access token expired\n    at verifyAccessToken (D:\\Training\\Java\\java_backend\\utils\\jwt.js:31:13)\n    at authenticate (D:\\Training\\Java\\java_backend\\middlewares\\auth.js:11:21)\n    at Layer.handleRequest (D:\\Training\\Java\\java_backend\\node_modules\\router\\lib\\layer.js:152:17)\n    at trimPrefix (D:\\Training\\Java\\java_backend\\node_modules\\router\\index.js:342:13)\n    at D:\\Training\\Java\\java_backend\\node_modules\\router\\index.js:297:9\n    at processParams (D:\\Training\\Java\\java_backend\\node_modules\\router\\index.js:582:12)\n    at next (D:\\Training\\Java\\java_backend\\node_modules\\router\\index.js:291:5)\n    at router.handle (D:\\Training\\Java\\java_backend\\node_modules\\router\\index.js:186:3)\n    at router (D:\\Training\\Java\\java_backend\\node_modules\\router\\index.js:60:12)\n    at Layer.handleRequest (D:\\Training\\Java\\java_backend\\node_modules\\router\\lib\\layer.js:152:17)","timestamp":"2026-09-15 13:54:53","userId":"unauthenticated"}
{"ip":"::ffff:192.168.1.22","level":"warn","message":"GET /api/products?page=1&limit=100 401 — 7ms","timestamp":"2026-09-15 13:54:53","userId":"-"}
{"ip":"::ffff:192.168.1.22","level":"info","message":"POST /api/auth/refresh 200 — 203ms","timestamp":"2026-09-15 13:54:53","userId":"-"}
{"ip":"::ffff:192.168.1.22","level":"info","message":"GET /api/categories/active 200 — 16ms","timestamp":"2026-09-15 13:54:54","userId":"577dca8f-6f0e-4b76-8ee3-814b160a67bc"}
{"ip":"::ffff:192.168.1.22","level":"info","message":"GET /api/auth/me 200 — 69ms","timestamp":"2026-09-15 13:54:54","userId":"577dca8f-6f0e-4b76-8ee3-814b160a67bc"}
{"ip":"::ffff:192.168.1.22","level":"info","message":"GET /api/products?page=1&limit=100 200 — 194ms","timestamp":"2026-09-15 13:54:54","userId":"577dca8f-6f0e-4b76-8ee3-814b160a67bc"}
{"ip":"::ffff:192.168.1.22","level":"info","message":"GET /api/products 200 — 9ms","timestamp":"2026-09-15 13:54:54","userId":"577dca8f-6f0e-4b76-8ee3-814b160a67bc"}
{"ip":"::ffff:192.168.1.22","level":"info","message":"GET /api/flavors?page=1&limit=100 200 — 163ms","timestamp":"2026-09-15 13:54:55","userId":"577dca8f-6f0e-4b76-8ee3-814b160a67bc"}
{"ip":"::ffff:192.168.1.22","level":"info","message":"GET /api/flavors/active 200 — 9ms","timestamp":"2026-09-15 13:54:55","userId":"577dca8f-6f0e-4b76-8ee3-814b160a67bc"}
{"level":"error","message":"[Socket Auth Error] Access token expired","timestamp":"2026-09-15 13:54:55"}
{"ip":"::ffff:192.168.1.22","level":"info","message":"GET /api/categories?page=1&limit=100 200 — 176ms","timestamp":"2026-09-15 13:54:55","userId":"577dca8f-6f0e-4b76-8ee3-814b160a67bc"}
{"ip":"::ffff:192.168.1.22","level":"info","message":"GET /api/orders?page=1&limit=1 200 — 220ms","timestamp":"2026-09-15 13:54:55","userId":"577dca8f-6f0e-4b76-8ee3-814b160a67bc"}
{"ip":"::ffff:192.168.1.22","level":"info","message":"GET /api/users?page=1&limit=100 200 — 272ms","timestamp":"2026-09-15 13:54:56","userId":"577dca8f-6f0e-4b76-8ee3-814b160a67bc"}
{"ip":"::ffff:192.168.1.22","level":"info","message":"GET /api/stock 200 — 8ms","timestamp":"2026-09-15 13:54:56","userId":"577dca8f-6f0e-4b76-8ee3-814b160a67bc"}
{"ip":"::ffff:192.168.1.22","level":"info","message":"GET /api/payment-numbers 200 — 5ms","timestamp":"2026-09-15 13:54:56","userId":"577dca8f-6f0e-4b76-8ee3-814b160a67bc"}
{"level":"error","message":"[Socket Auth Error] Access token expired","timestamp":"2026-09-15 13:56:46"}
{"level":"error","message":"[Socket Auth Error] Access token expired","timestamp":"2026-09-15 13:56:57"}
{"ip":"::ffff:192.168.1.22","level":"info","message":"POST /api/orders 201 — 254ms","timestamp":"2026-09-15 13:57:40","userId":"577dca8f-6f0e-4b76-8ee3-814b160a67bc"}
{"ip":"::ffff:192.168.1.22","level":"info","message":"GET /api/orders?page=1&limit=50 200 — 23ms","timestamp":"2026-09-15 13:57:40","userId":"577dca8f-6f0e-4b76-8ee3-814b160a67bc"}
{"ip":"::ffff:192.168.1.22","level":"info","message":"GET /api/orders?page=1&limit=50 200 — 9ms","timestamp":"2026-09-15 13:57:45","userId":"577dca8f-6f0e-4b76-8ee3-814b160a67bc"}
{"level":"error","message":"[Socket Auth Error] Access token expired","timestamp":"2026-09-15 13:58:25"}
{"ip":"::ffff:192.168.1.22","level":"info","message":"GET /api/orders?page=1&limit=50 200 — 72ms","timestamp":"2026-09-15 13:58:36","userId":"577dca8f-6f0e-4b76-8ee3-814b160a67bc"}
{"level":"error","message":"[Socket Auth Error] Access token expired","timestamp":"2026-09-15 14:00:43"}
{"ip":"::ffff:192.168.1.22","level":"info","message":"PATCH /api/orders/9563effe-4425-438f-b01e-bd289442a475/status 200 — 211ms","timestamp":"2026-09-15 14:00:48","userId":"577dca8f-6f0e-4b76-8ee3-814b160a67bc"}
{"ip":"::ffff:192.168.1.22","level":"info","message":"GET /api/orders/9563effe-4425-438f-b01e-bd289442a475 200 — 8ms","timestamp":"2026-09-15 14:00:48","userId":"577dca8f-6f0e-4b76-8ee3-814b160a67bc"}
{"ip":"::ffff:192.168.1.22","level":"info","message":"PATCH /api/orders/9563effe-4425-438f-b01e-bd289442a475/status 200 — 88ms","timestamp":"2026-09-15 14:01:04","userId":"577dca8f-6f0e-4b76-8ee3-814b160a67bc"}
{"ip":"::ffff:192.168.1.22","level":"info","message":"GET /api/orders/9563effe-4425-438f-b01e-bd289442a475 200 — 49ms","timestamp":"2026-09-15 14:01:05","userId":"577dca8f-6f0e-4b76-8ee3-814b160a67bc"}
{"ip":"::ffff:192.168.1.22","level":"info","message":"POST /api/orders 201 — 94ms","timestamp":"2026-09-15 14:01:22","userId":"577dca8f-6f0e-4b76-8ee3-814b160a67bc"}
{"ip":"::ffff:192.168.1.22","level":"info","message":"GET /api/orders?page=1&limit=50 200 — 17ms","timestamp":"2026-09-15 14:01:22","userId":"577dca8f-6f0e-4b76-8ee3-814b160a67bc"}
{"ip":"::ffff:192.168.1.22","level":"info","message":"GET /api/orders?page=1&limit=50 200 — 16ms","timestamp":"2026-09-15 14:01:27","userId":"577dca8f-6f0e-4b76-8ee3-814b160a67bc"}
{"level":"error","message":"[Socket Auth Error] Access token expired","timestamp":"2026-09-15 14:02:47"}
{"level":"info","message":"[Socket] Connected: Mp_-LGw0DuvcUqbNAAA0 | User: 577dca8f-6f0e-4b76-8ee3-814b160a67bc","timestamp":"2026-09-15 14:08:13"}
{"ip":"::ffff:192.168.1.22","level":"info","message":"GET /api/auth/me 200 — 69ms","timestamp":"2026-09-15 14:08:13","userId":"577dca8f-6f0e-4b76-8ee3-814b160a67bc"}
{"ip":"::ffff:192.168.1.22","level":"info","message":"GET /api/categories/active 200 — 86ms","timestamp":"2026-09-15 14:08:13","userId":"577dca8f-6f0e-4b76-8ee3-814b160a67bc"}
{"ip":"::ffff:192.168.1.22","level":"info","message":"GET /api/products?page=1&limit=100 200 — 109ms","timestamp":"2026-09-15 14:08:13","userId":"577dca8f-6f0e-4b76-8ee3-814b160a67bc"}
{"ip":"::ffff:192.168.1.22","level":"info","message":"GET /api/products 200 — 27ms","timestamp":"2026-09-15 14:08:13","userId":"577dca8f-6f0e-4b76-8ee3-814b160a67bc"}
{"ip":"::ffff:192.168.1.22","level":"info","message":"GET /api/flavors/active 200 — 4ms","timestamp":"2026-09-15 14:08:13","userId":"577dca8f-6f0e-4b76-8ee3-814b160a67bc"}
{"ip":"::ffff:192.168.1.22","level":"info","message":"GET /api/flavors?page=1&limit=100 200 — 12ms","timestamp":"2026-09-15 14:08:13","userId":"577dca8f-6f0e-4b76-8ee3-814b160a67bc"}
{"ip":"::ffff:192.168.1.22","level":"info","message":"GET /api/categories?page=1&limit=100 200 — 7ms","timestamp":"2026-09-15 14:08:13","userId":"577dca8f-6f0e-4b76-8ee3-814b160a67bc"}
{"ip":"::ffff:192.168.1.22","level":"info","message":"GET /api/users?page=1&limit=100 200 — 8ms","timestamp":"2026-09-15 14:08:13","userId":"577dca8f-6f0e-4b76-8ee3-814b160a67bc"}
{"ip":"::ffff:192.168.1.22","level":"info","message":"GET /api/orders?page=1&limit=1 200 — 33ms","timestamp":"2026-09-15 14:08:13","userId":"577dca8f-6f0e-4b76-8ee3-814b160a67bc"}
{"ip":"::ffff:192.168.1.22","level":"info","message":"GET /api/stock 200 — 11ms","timestamp":"2026-09-15 14:08:13","userId":"577dca8f-6f0e-4b76-8ee3-814b160a67bc"}
{"ip":"::ffff:192.168.1.22","level":"info","message":"GET /api/payment-numbers 200 — 11ms","timestamp":"2026-09-15 14:08:13","userId":"577dca8f-6f0e-4b76-8ee3-814b160a67bc"}
{"ip":"::ffff:192.168.1.22","level":"info","message":"GET /api/orders?page=1&limit=50 200 — 57ms","timestamp":"2026-09-15 14:08:43","userId":"577dca8f-6f0e-4b76-8ee3-814b160a67bc"}
{"ip":"::ffff:192.168.1.22","level":"info","message":"GET /api/orders?page=1&limit=50 200 — 10ms","timestamp":"2026-09-15 14:08:47","userId":"577dca8f-6f0e-4b76-8ee3-814b160a67bc"}
{"ip":"::ffff:192.168.1.22","level":"info","message":"GET /api/orders?page=1&limit=50 200 — 12ms","timestamp":"2026-09-15 14:08:49","userId":"577dca8f-6f0e-4b76-8ee3-814b160a67bc"}
{"level":"info","message":"[Socket] Disconnected: Mp_-LGw0DuvcUqbNAAA0","timestamp":"2026-09-15 14:09:22"}
{"level":"error","message":"[Socket Auth Error] Access token expired","timestamp":"2026-09-15 14:11:38"}
{"level":"error","message":"[Socket Auth Error] Access token expired","timestamp":"2026-09-15 14:11:46"}
{"level":"error","message":"[GET] /api/auth/me — Access token expired","stack":"Error: Access token expired\n    at verifyAccessToken (D:\\Training\\Java\\java_backend\\utils\\jwt.js:31:13)\n    at authenticate (D:\\Training\\Java\\java_backend\\middlewares\\auth.js:11:21)\n    at Layer.handleRequest (D:\\Training\\Java\\java_backend\\node_modules\\router\\lib\\layer.js:152:17)\n    at next (D:\\Training\\Java\\java_backend\\node_modules\\router\\lib\\route.js:157:13)\n    at Route.dispatch (D:\\Training\\Java\\java_backend\\node_modules\\router\\lib\\route.js:117:3)\n    at handle (D:\\Training\\Java\\java_backend\\node_modules\\router\\index.js:435:11)\n    at Layer.handleRequest (D:\\Training\\Java\\java_backend\\node_modules\\router\\lib\\layer.js:152:17)\n    at D:\\Training\\Java\\java_backend\\node_modules\\router\\index.js:295:15\n    at processParams (D:\\Training\\Java\\java_backend\\node_modules\\router\\index.js:582:12)\n    at next (D:\\Training\\Java\\java_backend\\node_modules\\router\\index.js:291:5)","timestamp":"2026-09-15 14:11:46","userId":"unauthenticated"}
{"ip":"::ffff:192.168.1.22","level":"warn","message":"GET /api/auth/me 401 — 2ms","timestamp":"2026-09-15 14:11:46","userId":"-"}
{"level":"error","message":"[GET] /api/categories/active — Access token expired","stack":"Error: Access token expired\n    at verifyAccessToken (D:\\Training\\Java\\java_backend\\utils\\jwt.js:31:13)\n    at authenticate (D:\\Training\\Java\\java_backend\\middlewares\\auth.js:11:21)\n    at Layer.handleRequest (D:\\Training\\Java\\java_backend\\node_modules\\router\\lib\\layer.js:152:17)\n    at trimPrefix (D:\\Training\\Java\\java_backend\\node_modules\\router\\index.js:342:13)\n    at D:\\Training\\Java\\java_backend\\node_modules\\router\\index.js:297:9\n    at processParams (D:\\Training\\Java\\java_backend\\node_modules\\router\\index.js:582:12)\n    at next (D:\\Training\\Java\\java_backend\\node_modules\\router\\index.js:291:5)\n    at router.handle (D:\\Training\\Java\\java_backend\\node_modules\\router\\index.js:186:3)\n    at router (D:\\Training\\Java\\java_backend\\node_modules\\router\\index.js:60:12)\n    at Layer.handleRequest (D:\\Training\\Java\\java_backend\\node_modules\\router\\lib\\layer.js:152:17)","timestamp":"2026-09-15 14:11:46","userId":"unauthenticated"}
{"ip":"::ffff:192.168.1.22","level":"warn","message":"GET /api/categories/active 401 — 1ms","timestamp":"2026-09-15 14:11:46","userId":"-"}
{"level":"error","message":"[GET] /api/products?page=1&limit=100 — Access token expired","stack":"Error: Access token expired\n    at verifyAccessToken (D:\\Training\\Java\\java_backend\\utils\\jwt.js:31:13)\n    at authenticate (D:\\Training\\Java\\java_backend\\middlewares\\auth.js:11:21)\n    at Layer.handleRequest (D:\\Training\\Java\\java_backend\\node_modules\\router\\lib\\layer.js:152:17)\n    at trimPrefix (D:\\Training\\Java\\java_backend\\node_modules\\router\\index.js:342:13)\n    at D:\\Training\\Java\\java_backend\\node_modules\\router\\index.js:297:9\n    at processParams (D:\\Training\\Java\\java_backend\\node_modules\\router\\index.js:582:12)\n    at next (D:\\Training\\Java\\java_backend\\node_modules\\router\\index.js:291:5)\n    at router.handle (D:\\Training\\Java\\java_backend\\node_modules\\router\\index.js:186:3)\n    at router (D:\\Training\\Java\\java_backend\\node_modules\\router\\index.js:60:12)\n    at Layer.handleRequest (D:\\Training\\Java\\java_backend\\node_modules\\router\\lib\\layer.js:152:17)","timestamp":"2026-09-15 14:11:46","userId":"unauthenticated"}
{"ip":"::ffff:192.168.1.22","level":"warn","message":"GET /api/products?page=1&limit=100 401 — 1ms","timestamp":"2026-09-15 14:11:46","userId":"-"}
{"level":"error","message":"[Socket Auth Error] Access token expired","timestamp":"2026-09-15 14:11:46"}
{"ip":"::ffff:192.168.1.22","level":"info","message":"POST /api/auth/refresh 200 — 62ms","timestamp":"2026-09-15 14:11:46","userId":"-"}
{"ip":"::ffff:192.168.1.22","level":"info","message":"GET /api/auth/me 200 — 4ms","timestamp":"2026-09-15 14:11:46","userId":"577dca8f-6f0e-4b76-8ee3-814b160a67bc"}
{"ip":"::ffff:192.168.1.22","level":"info","message":"GET /api/products?page=1&limit=100 200 — 37ms","timestamp":"2026-09-15 14:11:46","userId":"577dca8f-6f0e-4b76-8ee3-814b160a67bc"}
{"ip":"::ffff:192.168.1.22","level":"info","message":"GET /api/categories/active 200 — 62ms","timestamp":"2026-09-15 14:11:46","userId":"577dca8f-6f0e-4b76-8ee3-814b160a67bc"}
{"level":"error","message":"[Socket Auth Error] Access token expired","timestamp":"2026-09-15 14:11:46"}
{"ip":"::ffff:192.168.1.22","level":"info","message":"GET /api/flavors?page=1&limit=100 200 — 8ms","timestamp":"2026-09-15 14:11:46","userId":"577dca8f-6f0e-4b76-8ee3-814b160a67bc"}
{"ip":"::ffff:192.168.1.22","level":"info","message":"GET /api/categories?page=1&limit=100 200 — 10ms","timestamp":"2026-09-15 14:11:46","userId":"577dca8f-6f0e-4b76-8ee3-814b160a67bc"}
{"ip":"::ffff:192.168.1.22","level":"info","message":"GET /api/products 200 — 29ms","timestamp":"2026-09-15 14:11:46","userId":"577dca8f-6f0e-4b76-8ee3-814b160a67bc"}
{"ip":"::ffff:192.168.1.22","level":"info","message":"GET /api/users?page=1&limit=100 200 — 6ms","timestamp":"2026-09-15 14:11:46","userId":"577dca8f-6f0e-4b76-8ee3-814b160a67bc"}
{"ip":"::ffff:192.168.1.22","level":"info","message":"GET /api/flavors/active 200 — 18ms","timestamp":"2026-09-15 14:11:46","userId":"577dca8f-6f0e-4b76-8ee3-814b160a67bc"}
{"ip":"::ffff:192.168.1.22","level":"info","message":"GET /api/stock 200 — 23ms","timestamp":"2026-09-15 14:11:46","userId":"577dca8f-6f0e-4b76-8ee3-814b160a67bc"}
{"ip":"::ffff:192.168.1.22","level":"info","message":"GET /api/payment-numbers 200 — 13ms","timestamp":"2026-09-15 14:11:46","userId":"577dca8f-6f0e-4b76-8ee3-814b160a67bc"}
{"ip":"::ffff:192.168.1.22","level":"info","message":"GET /api/orders?page=1&limit=1 200 — 34ms","timestamp":"2026-09-15 14:11:47","userId":"577dca8f-6f0e-4b76-8ee3-814b160a67bc"}
{"ip":"::ffff:192.168.1.22","level":"info","message":"GET /api/orders?page=1&limit=50 200 — 12ms","timestamp":"2026-09-15 14:11:55","userId":"577dca8f-6f0e-4b76-8ee3-814b160a67bc"}
{"ip":"::ffff:192.168.1.22","level":"info","message":"GET /api/orders?page=1&limit=50 200 — 12ms","timestamp":"2026-09-15 14:12:03","userId":"577dca8f-6f0e-4b76-8ee3-814b160a67bc"}
{"ip":"::ffff:192.168.1.22","level":"info","message":"GET /api/orders?page=1&limit=50 200 — 9ms","timestamp":"2026-09-15 14:12:05","userId":"577dca8f-6f0e-4b76-8ee3-814b160a67bc"}
{"ip":"::ffff:192.168.1.22","level":"info","message":"PATCH /api/orders/59428f16-a36b-48f2-8196-3afc848ca4ed/status 200 — 107ms","timestamp":"2026-09-15 14:12:50","userId":"577dca8f-6f0e-4b76-8ee3-814b160a67bc"}
{"ip":"::ffff:192.168.1.22","level":"info","message":"GET /api/orders/59428f16-a36b-48f2-8196-3afc848ca4ed 200 — 9ms","timestamp":"2026-09-15 14:12:50","userId":"577dca8f-6f0e-4b76-8ee3-814b160a67bc"}
{"level":"error","message":"[Socket Auth Error] Access token expired","timestamp":"2026-09-15 14:16:24"}
{"level":"error","message":"[Socket Auth Error] Access token expired","timestamp":"2026-09-15 14:16:39"}
{"level":"error","message":"[Socket Auth Error] Access token expired","timestamp":"2026-09-15 14:17:58"}
{"level":"error","message":"[Socket Auth Error] Access token expired","timestamp":"2026-09-15 14:18:01"}
{"level":"error","message":"[Socket Auth Error] Access token expired","timestamp":"2026-09-15 14:19:59"}
{"level":"info","message":"✅ Socket.IO initialized","timestamp":"2026-09-16 15:40:35"}
{"level":"info","message":"✅ Database connected","timestamp":"2026-09-16 15:40:35"}
{"level":"info","message":"Java Cafe POS API running on port 3000 [development]","timestamp":"2026-09-16 15:40:35"}
{"level":"error","message":"[Socket Auth Error] Access token expired","timestamp":"2026-09-16 15:40:36"}
{"level":"error","message":"[GET] /api/auth/me — Access token expired","stack":"Error: Access token expired\n    at verifyAccessToken (D:\\Training\\Java\\java_backend\\utils\\jwt.js:31:13)\n    at authenticate (D:\\Training\\Java\\java_backend\\middlewares\\auth.js:11:21)\n    at Layer.handleRequest (D:\\Training\\Java\\java_backend\\node_modules\\router\\lib\\layer.js:152:17)\n    at next (D:\\Training\\Java\\java_backend\\node_modules\\router\\lib\\route.js:157:13)\n    at Route.dispatch (D:\\Training\\Java\\java_backend\\node_modules\\router\\lib\\route.js:117:3)\n    at handle (D:\\Training\\Java\\java_backend\\node_modules\\router\\index.js:435:11)\n    at Layer.handleRequest (D:\\Training\\Java\\java_backend\\node_modules\\router\\lib\\layer.js:152:17)\n    at D:\\Training\\Java\\java_backend\\node_modules\\router\\index.js:295:15\n    at processParams (D:\\Training\\Java\\java_backend\\node_modules\\router\\index.js:582:12)\n    at next (D:\\Training\\Java\\java_backend\\node_modules\\router\\index.js:291:5)","timestamp":"2026-09-16 15:40:36","userId":"unauthenticated"}
{"ip":"::ffff:192.168.1.22","level":"warn","message":"GET /api/auth/me 401 — 11ms","timestamp":"2026-09-16 15:40:36","userId":"-"}
{"level":"error","message":"[Socket Auth Error] Access token expired","timestamp":"2026-09-16 15:40:36"}
{"level":"error","message":"[GET] /api/categories/active — Access token expired","stack":"Error: Access token expired\n    at verifyAccessToken (D:\\Training\\Java\\java_backend\\utils\\jwt.js:31:13)\n    at authenticate (D:\\Training\\Java\\java_backend\\middlewares\\auth.js:11:21)\n    at Layer.handleRequest (D:\\Training\\Java\\java_backend\\node_modules\\router\\lib\\layer.js:152:17)\n    at trimPrefix (D:\\Training\\Java\\java_backend\\node_modules\\router\\index.js:342:13)\n    at D:\\Training\\Java\\java_backend\\node_modules\\router\\index.js:297:9\n    at processParams (D:\\Training\\Java\\java_backend\\node_modules\\router\\index.js:582:12)\n    at next (D:\\Training\\Java\\java_backend\\node_modules\\router\\index.js:291:5)\n    at router.handle (D:\\Training\\Java\\java_backend\\node_modules\\router\\index.js:186:3)\n    at router (D:\\Training\\Java\\java_backend\\node_modules\\router\\index.js:60:12)\n    at Layer.handleRequest (D:\\Training\\Java\\java_backend\\node_modules\\router\\lib\\layer.js:152:17)","timestamp":"2026-09-16 15:40:36","userId":"unauthenticated"}
{"ip":"::ffff:192.168.1.22","level":"warn","message":"GET /api/categories/active 401 — 2ms","timestamp":"2026-09-16 15:40:36","userId":"-"}
{"level":"error","message":"[GET] /api/products?page=1&limit=100 — Access token expired","stack":"Error: Access token expired\n    at verifyAccessToken (D:\\Training\\Java\\java_backend\\utils\\jwt.js:31:13)\n    at authenticate (D:\\Training\\Java\\java_backend\\middlewares\\auth.js:11:21)\n    at Layer.handleRequest (D:\\Training\\Java\\java_backend\\node_modules\\router\\lib\\layer.js:152:17)\n    at trimPrefix (D:\\Training\\Java\\java_backend\\node_modules\\router\\index.js:342:13)\n    at D:\\Training\\Java\\java_backend\\node_modules\\router\\index.js:297:9\n    at processParams (D:\\Training\\Java\\java_backend\\node_modules\\router\\index.js:582:12)\n    at next (D:\\Training\\Java\\java_backend\\node_modules\\router\\index.js:291:5)\n    at router.handle (D:\\Training\\Java\\java_backend\\node_modules\\router\\index.js:186:3)\n    at router (D:\\Training\\Java\\java_backend\\node_modules\\router\\index.js:60:12)\n    at Layer.handleRequest (D:\\Training\\Java\\java_backend\\node_modules\\router\\lib\\layer.js:152:17)","timestamp":"2026-09-16 15:40:36","userId":"unauthenticated"}
{"ip":"::ffff:192.168.1.22","level":"warn","message":"GET /api/products?page=1&limit=100 401 — 1ms","timestamp":"2026-09-16 15:40:36","userId":"-"}
{"ip":"::ffff:192.168.1.22","level":"info","message":"POST /api/auth/refresh 200 — 431ms","timestamp":"2026-09-16 15:40:37","userId":"-"}
{"ip":"::ffff:192.168.1.22","level":"info","message":"GET /api/auth/me 200 — 22ms","timestamp":"2026-09-16 15:40:37","userId":"577dca8f-6f0e-4b76-8ee3-814b160a67bc"}
{"level":"error","message":"[Socket Auth Error] Access token expired","timestamp":"2026-09-16 15:40:37"}
{"ip":"::ffff:192.168.1.22","level":"info","message":"GET /api/categories/active 200 — 98ms","timestamp":"2026-09-16 15:40:37","userId":"577dca8f-6f0e-4b76-8ee3-814b160a67bc"}
{"ip":"::ffff:192.168.1.22","level":"info","message":"GET /api/products?page=1&limit=100 200 — 140ms","timestamp":"2026-09-16 15:40:37","userId":"577dca8f-6f0e-4b76-8ee3-814b160a67bc"}
{"ip":"::ffff:192.168.1.22","level":"info","message":"GET /api/products 200 — 21ms","timestamp":"2026-09-16 15:40:37","userId":"577dca8f-6f0e-4b76-8ee3-814b160a67bc"}
{"ip":"::ffff:192.168.1.22","level":"info","message":"GET /api/flavors/active 200 — 6ms","timestamp":"2026-09-16 15:40:37","userId":"577dca8f-6f0e-4b76-8ee3-814b160a67bc"}
{"ip":"::ffff:192.168.1.22","level":"info","message":"GET /api/flavors?page=1&limit=100 200 — 10ms","timestamp":"2026-09-16 15:40:37","userId":"577dca8f-6f0e-4b76-8ee3-814b160a67bc"}
{"ip":"::ffff:192.168.1.22","level":"info","message":"GET /api/categories?page=1&limit=100 200 — 7ms","timestamp":"2026-09-16 15:40:37","userId":"577dca8f-6f0e-4b76-8ee3-814b160a67bc"}
{"ip":"::ffff:192.168.1.22","level":"info","message":"GET /api/orders?page=1&limit=1 200 — 51ms","timestamp":"2026-09-16 15:40:37","userId":"577dca8f-6f0e-4b76-8ee3-814b160a67bc"}
{"ip":"::ffff:192.168.1.22","level":"info","message":"GET /api/users?page=1&limit=100 200 — 5ms","timestamp":"2026-09-16 15:40:37","userId":"577dca8f-6f0e-4b76-8ee3-814b160a67bc"}
{"ip":"::ffff:192.168.1.22","level":"info","message":"GET /api/stock 200 — 25ms","timestamp":"2026-09-16 15:40:37","userId":"577dca8f-6f0e-4b76-8ee3-814b160a67bc"}
{"ip":"::ffff:192.168.1.22","level":"info","message":"GET /api/payment-numbers 200 — 29ms","timestamp":"2026-09-16 15:40:38","userId":"577dca8f-6f0e-4b76-8ee3-814b160a67bc"}
{"level":"error","message":"[Socket Auth Error] Access token expired","timestamp":"2026-09-16 15:40:43"}
{"level":"error","message":"[Socket Auth Error] Access token expired","timestamp":"2026-09-16 15:40:50"}
{"level":"error","message":"[Socket Auth Error] Access token expired","timestamp":"2026-09-16 15:40:55"}
{"level":"error","message":"[Socket Auth Error] Access token expired","timestamp":"2026-09-16 15:40:59"}
{"ip":"::ffff:192.168.1.22","level":"info","message":"GET /api/reports/daily 200 — 208ms","timestamp":"2026-09-16 15:41:01","userId":"577dca8f-6f0e-4b76-8ee3-814b160a67bc"}
{"ip":"::ffff:192.168.1.22","level":"info","message":"GET /api/reports/custom?from=2026-09-11&to=2026-09-12 200 — 36ms","timestamp":"2026-09-16 15:41:10","userId":"577dca8f-6f0e-4b76-8ee3-814b160a67bc"}
{"level":"error","message":"[Socket Auth Error] Access token expired","timestamp":"2026-09-16 15:41:13"}
{"level":"error","message":"[Socket Auth Error] Access token expired","timestamp":"2026-09-16 15:41:18"}
{"ip":"::ffff:192.168.1.22","level":"info","message":"GET /api/orders?page=1&limit=50 200 — 94ms","timestamp":"2026-09-16 15:41:22","userId":"577dca8f-6f0e-4b76-8ee3-814b160a67bc"}
{"ip":"::ffff:192.168.1.22","level":"info","message":"GET /api/orders?page=1&limit=50 200 — 38ms","timestamp":"2026-09-16 15:41:24","userId":"577dca8f-6f0e-4b76-8ee3-814b160a67bc"}
{"level":"error","message":"[Socket Auth Error] Access token expired","timestamp":"2026-09-16 15:41:27"}
{"level":"error","message":"[Socket Auth Error] Access token expired","timestamp":"2026-09-16 15:41:30"}
{"level":"error","message":"[Socket Auth Error] Access token expired","timestamp":"2026-09-16 15:41:40"}
{"level":"info","message":"[Socket] Connected: kjA9IS95IuKTqc4sAAAY | User: 577dca8f-6f0e-4b76-8ee3-814b160a67bc","timestamp":"2026-09-16 15:41:54"}
{"level":"info","message":"[Socket] Disconnected: kjA9IS95IuKTqc4sAAAY","timestamp":"2026-09-16 15:41:54"}
{"ip":"::ffff:192.168.1.22","level":"info","message":"GET /api/auth/me 200 — 40ms","timestamp":"2026-09-16 15:41:54","userId":"577dca8f-6f0e-4b76-8ee3-814b160a67bc"}
{"ip":"::ffff:192.168.1.22","level":"info","message":"GET /api/categories/active 200 — 6ms","timestamp":"2026-09-16 15:41:54","userId":"577dca8f-6f0e-4b76-8ee3-814b160a67bc"}
{"ip":"::ffff:192.168.1.22","level":"info","message":"GET /api/products?page=1&limit=100 200 — 55ms","timestamp":"2026-09-16 15:41:54","userId":"577dca8f-6f0e-4b76-8ee3-814b160a67bc"}
{"ip":"::ffff:192.168.1.22","level":"info","message":"GET /api/products 200 — 6ms","timestamp":"2026-09-16 15:41:54","userId":"577dca8f-6f0e-4b76-8ee3-814b160a67bc"}
{"ip":"::ffff:192.168.1.22","level":"info","message":"GET /api/flavors?page=1&limit=100 200 — 5ms","timestamp":"2026-09-16 15:41:54","userId":"577dca8f-6f0e-4b76-8ee3-814b160a67bc"}
{"ip":"::ffff:192.168.1.22","level":"info","message":"GET /api/flavors/active 200 — 4ms","timestamp":"2026-09-16 15:41:54","userId":"577dca8f-6f0e-4b76-8ee3-814b160a67bc"}
{"ip":"::ffff:192.168.1.22","level":"info","message":"GET /api/categories?page=1&limit=100 200 — 6ms","timestamp":"2026-09-16 15:41:54","userId":"577dca8f-6f0e-4b76-8ee3-814b160a67bc"}
{"ip":"::ffff:192.168.1.22","level":"info","message":"GET /api/orders?page=1&limit=1 200 — 25ms","timestamp":"2026-09-16 15:41:54","userId":"577dca8f-6f0e-4b76-8ee3-814b160a67bc"}
{"ip":"::ffff:192.168.1.22","level":"info","message":"GET /api/users?page=1&limit=100 200 — 6ms","timestamp":"2026-09-16 15:41:54","userId":"577dca8f-6f0e-4b76-8ee3-814b160a67bc"}
{"ip":"::ffff:192.168.1.22","level":"info","message":"GET /api/stock 200 — 5ms","timestamp":"2026-09-16 15:41:54","userId":"577dca8f-6f0e-4b76-8ee3-814b160a67bc"}
{"ip":"::ffff:192.168.1.22","level":"info","message":"GET /api/payment-numbers 200 — 7ms","timestamp":"2026-09-16 15:41:54","userId":"577dca8f-6f0e-4b76-8ee3-814b160a67bc"}
{"level":"info","message":"[Socket] Connected: 73lO05ILdqx1ytWsAAAa | User: 577dca8f-6f0e-4b76-8ee3-814b160a67bc","timestamp":"2026-09-16 15:41:55"}
{"ip":"::ffff:192.168.1.22","level":"info","message":"POST /api/auth/logout 200 — 35ms","timestamp":"2026-09-16 15:41:58","userId":"577dca8f-6f0e-4b76-8ee3-814b160a67bc"}
{"level":"info","message":"[Socket] Disconnected: 73lO05ILdqx1ytWsAAAa","timestamp":"2026-09-16 15:41:58"}
{"level":"info","message":"✅ Socket.IO initialized","timestamp":"2026-09-20 14:37:27"}
{"level":"info","message":"✅ Database connected","timestamp":"2026-09-20 14:37:27"}
{"level":"info","message":"Java Cafe POS API running on port 3000 [development]","timestamp":"2026-09-20 14:37:27"}
{"ip":"::ffff:192.168.1.4","level":"info","message":"POST /api/auth/google 200 — 1539ms","timestamp":"2026-09-20 14:37:30","userId":"-"}
{"level":"info","message":"[Socket] Connected: itpEmPjlbGIHViE1AAAB | User: 204a6cff-6b89-43b0-bde0-1778236b7f14","timestamp":"2026-09-20 14:37:30"}
{"ip":"::ffff:192.168.1.4","level":"info","message":"GET /api/categories/active 200 — 36ms","timestamp":"2026-09-20 14:37:30","userId":"204a6cff-6b89-43b0-bde0-1778236b7f14"}
{"ip":"::ffff:192.168.1.4","level":"info","message":"GET /api/products 200 — 72ms","timestamp":"2026-09-20 14:37:30","userId":"204a6cff-6b89-43b0-bde0-1778236b7f14"}
{"ip":"::ffff:192.168.1.4","level":"info","message":"GET /api/flavors/active 200 — 7ms","timestamp":"2026-09-20 14:37:30","userId":"204a6cff-6b89-43b0-bde0-1778236b7f14"}
{"ip":"::ffff:192.168.1.4","level":"info","message":"GET /api/orders/my-orders?page=1&limit=1 200 — 62ms","timestamp":"2026-09-20 14:37:30","userId":"204a6cff-6b89-43b0-bde0-1778236b7f14"}
{"ip":"::ffff:192.168.1.4","level":"info","message":"GET /api/orders/my-orders?page=1&limit=50 200 — 14ms","timestamp":"2026-09-20 14:37:31","userId":"204a6cff-6b89-43b0-bde0-1778236b7f14"}
{"ip":"::ffff:192.168.1.4","level":"info","message":"GET /api/orders/my-orders?page=1&limit=50 200 — 60ms","timestamp":"2026-09-20 14:37:57","userId":"204a6cff-6b89-43b0-bde0-1778236b7f14"}
{"ip":"::ffff:192.168.1.4","level":"info","message":"GET /api/orders/my-orders?page=1&limit=50 200 — 59ms","timestamp":"2026-09-20 14:39:05","userId":"204a6cff-6b89-43b0-bde0-1778236b7f14"}
{"ip":"::ffff:192.168.1.4","level":"info","message":"GET /api/orders/my-orders?page=1&limit=50 200 — 10ms","timestamp":"2026-09-20 14:39:06","userId":"204a6cff-6b89-43b0-bde0-1778236b7f14"}
{"ip":"::ffff:192.168.1.4","level":"info","message":"GET /api/orders/my-orders?page=1&limit=50 200 — 58ms","timestamp":"2026-09-20 14:39:22","userId":"204a6cff-6b89-43b0-bde0-1778236b7f14"}
{"level":"info","message":"[Socket] Disconnected: itpEmPjlbGIHViE1AAAB","timestamp":"2026-09-20 14:40:01"}
{"level":"info","message":"[Socket] Connected: tfL5MhFI1IuCmmqiAAAD | User: 204a6cff-6b89-43b0-bde0-1778236b7f14","timestamp":"2026-09-20 14:40:17"}
{"ip":"::ffff:192.168.1.4","level":"info","message":"GET /api/orders/my-orders?page=1&limit=50 200 — 74ms","timestamp":"2026-09-20 14:40:43","userId":"204a6cff-6b89-43b0-bde0-1778236b7f14"}
{"level":"info","message":"[Socket] Disconnected: tfL5MhFI1IuCmmqiAAAD","timestamp":"2026-09-20 14:40:56"}
{"level":"info","message":"[Socket] Connected: DX-bLoFzm9ILVTOgAAAF | User: 204a6cff-6b89-43b0-bde0-1778236b7f14","timestamp":"2026-09-20 14:41:00"}
{"level":"info","message":"[Socket] Disconnected: DX-bLoFzm9ILVTOgAAAF","timestamp":"2026-09-20 14:41:11"}
{"level":"info","message":"[Socket] Connected: 8PUbGSM5-mynGdvzAAAH | User: 204a6cff-6b89-43b0-bde0-1778236b7f14","timestamp":"2026-09-20 14:45:27"}
{"level":"info","message":"[Socket] Disconnected: 8PUbGSM5-mynGdvzAAAH","timestamp":"2026-09-20 14:47:15"}
{"level":"info","message":"[Socket] Connected: 4ibyjI165sJZYNsyAAAJ | User: 204a6cff-6b89-43b0-bde0-1778236b7f14","timestamp":"2026-09-20 14:47:45"}
{"ip":"::ffff:192.168.1.4","level":"info","message":"GET /api/categories/active 200 — 67ms","timestamp":"2026-09-20 14:47:45","userId":"204a6cff-6b89-43b0-bde0-1778236b7f14"}
{"ip":"::ffff:192.168.1.4","level":"info","message":"GET /api/categories/active 200 — 158ms","timestamp":"2026-09-20 14:47:45","userId":"204a6cff-6b89-43b0-bde0-1778236b7f14"}
{"ip":"::ffff:192.168.1.4","level":"info","message":"GET /api/auth/me 200 — 204ms","timestamp":"2026-09-20 14:47:45","userId":"204a6cff-6b89-43b0-bde0-1778236b7f14"}
{"ip":"::ffff:192.168.1.4","level":"info","message":"GET /api/products 200 — 197ms","timestamp":"2026-09-20 14:47:45","userId":"204a6cff-6b89-43b0-bde0-1778236b7f14"}
{"ip":"::ffff:192.168.1.4","level":"info","message":"GET /api/products 200 — 197ms","timestamp":"2026-09-20 14:47:45","userId":"204a6cff-6b89-43b0-bde0-1778236b7f14"}
{"ip":"::ffff:192.168.1.4","level":"info","message":"GET /api/flavors/active 200 — 6ms","timestamp":"2026-09-20 14:47:45","userId":"204a6cff-6b89-43b0-bde0-1778236b7f14"}
{"ip":"::ffff:192.168.1.4","level":"info","message":"GET /api/flavors/active 200 — 5ms","timestamp":"2026-09-20 14:47:45","userId":"204a6cff-6b89-43b0-bde0-1778236b7f14"}
{"ip":"::ffff:192.168.1.4","level":"info","message":"GET /api/orders/my-orders?page=1&limit=1 200 — 27ms","timestamp":"2026-09-20 14:47:45","userId":"204a6cff-6b89-43b0-bde0-1778236b7f14"}
{"ip":"::ffff:192.168.1.4","level":"info","message":"GET /api/orders/my-orders?page=1&limit=1 200 — 24ms","timestamp":"2026-09-20 14:47:45","userId":"204a6cff-6b89-43b0-bde0-1778236b7f14"}
{"ip":"::ffff:192.168.1.4","level":"info","message":"GET /api/orders/my-orders?page=1&limit=50 200 — 10ms","timestamp":"2026-09-20 14:47:46","userId":"204a6cff-6b89-43b0-bde0-1778236b7f14"}
{"ip":"::ffff:192.168.1.4","level":"info","message":"GET /api/orders/my-orders?page=1&limit=50 200 — 8ms","timestamp":"2026-09-20 14:47:49","userId":"204a6cff-6b89-43b0-bde0-1778236b7f14"}
{"ip":"::ffff:192.168.1.4","level":"info","message":"GET /api/orders/my-orders?page=1&limit=50 200 — 7ms","timestamp":"2026-09-20 14:47:52","userId":"204a6cff-6b89-43b0-bde0-1778236b7f14"}
{"ip":"::ffff:192.168.1.4","level":"info","message":"GET /api/orders/my-orders?page=1&limit=50 200 — 7ms","timestamp":"2026-09-20 14:48:02","userId":"204a6cff-6b89-43b0-bde0-1778236b7f14"}
{"ip":"::ffff:192.168.1.4","level":"info","message":"GET /api/orders/my-orders?page=1&limit=50 200 — 84ms","timestamp":"2026-09-20 14:48:35","userId":"204a6cff-6b89-43b0-bde0-1778236b7f14"}
{"ip":"::ffff:192.168.1.4","level":"info","message":"GET /api/orders/my-orders?page=1&limit=50 200 — 56ms","timestamp":"2026-09-20 14:49:35","userId":"204a6cff-6b89-43b0-bde0-1778236b7f14"}
{"ip":"::ffff:192.168.1.4","level":"info","message":"GET /api/orders/my-orders?page=1&limit=50 200 — 9ms","timestamp":"2026-09-20 14:49:40","userId":"204a6cff-6b89-43b0-bde0-1778236b7f14"}
{"ip":"::ffff:192.168.1.4","level":"info","message":"GET /api/orders/my-orders?page=1&limit=50 200 — 6ms","timestamp":"2026-09-20 14:49:44","userId":"204a6cff-6b89-43b0-bde0-1778236b7f14"}
{"level":"info","message":"[Socket] Disconnected: 4ibyjI165sJZYNsyAAAJ","timestamp":"2026-09-20 14:50:46"}
{"level":"info","message":"[Socket] Connected: WLptasXQMPMM6RJ4AAAL | User: 204a6cff-6b89-43b0-bde0-1778236b7f14","timestamp":"2026-09-20 14:51:10"}
{"ip":"::ffff:192.168.1.4","level":"info","message":"GET /api/orders/my-orders?page=1&limit=50 200 — 58ms","timestamp":"2026-09-20 14:52:03","userId":"204a6cff-6b89-43b0-bde0-1778236b7f14"}
{"body":{"refreshToken":"eyJhbGciOiJIUzI1NiIsInR5cCI6IkpXVCJ9.eyJpZCI6IjIwNGE2Y2ZmLTZiODktNDNiMC1iZGUwLTE3NzgyMzZiN2YxNCIsInJvbGUiOiJDVVNUT01FUiIsImlhdCI6MTc4OTkwNDI1MCwiZXhwIjoxNzkwNTA5MDUwfQ.dRu8XWGEjht1V3UIFyisceDA2T0DNMkkBQBHozBqk3A"},"level":"error","message":"[POST] /api/auth/logout — Access token expired","stack":"Error: Access token expired\n    at verifyAccessToken (D:\\Training\\Java\\java_backend\\utils\\jwt.js:25:13)\n    at authenticate (D:\\Training\\Java\\java_backend\\middlewares\\auth.js:11:21)\n    at Layer.handleRequest (D:\\Training\\Java\\java_backend\\node_modules\\router\\lib\\layer.js:152:17)\n    at next (D:\\Training\\Java\\java_backend\\node_modules\\router\\lib\\route.js:157:13)\n    at Route.dispatch (D:\\Training\\Java\\java_backend\\node_modules\\router\\lib\\route.js:117:3)\n    at handle (D:\\Training\\Java\\java_backend\\node_modules\\router\\index.js:435:11)\n    at Layer.handleRequest (D:\\Training\\Java\\java_backend\\node_modules\\router\\lib\\layer.js:152:17)\n    at D:\\Training\\Java\\java_backend\\node_modules\\router\\index.js:295:15\n    at processParams (D:\\Training\\Java\\java_backend\\node_modules\\router\\index.js:582:12)\n    at next (D:\\Training\\Java\\java_backend\\node_modules\\router\\index.js:291:5)","timestamp":"2026-09-20 14:52:45","userId":"unauthenticated"}
{"ip":"::ffff:192.168.1.4","level":"warn","message":"POST /api/auth/logout 401 — 2ms","timestamp":"2026-09-20 14:52:45","userId":"-"}
{"ip":"::ffff:192.168.1.4","level":"info","message":"POST /api/auth/refresh 200 — 86ms","timestamp":"2026-09-20 14:52:45","userId":"-"}
{"ip":"::ffff:192.168.1.4","level":"info","message":"POST /api/auth/logout 200 — 32ms","timestamp":"2026-09-20 14:52:45","userId":"204a6cff-6b89-43b0-bde0-1778236b7f14"}
{"level":"info","message":"[Socket] Disconnected: WLptasXQMPMM6RJ4AAAL","timestamp":"2026-09-20 14:52:45"}
{"ip":"::ffff:192.168.1.4","level":"info","message":"POST /api/auth/login 200 — 377ms","timestamp":"2026-09-20 14:53:05","userId":"-"}
{"ip":"::ffff:192.168.1.4","level":"info","message":"GET /api/categories/active 200 — 14ms","timestamp":"2026-09-20 14:53:06","userId":"577dca8f-6f0e-4b76-8ee3-814b160a67bc"}
{"ip":"::ffff:192.168.1.4","level":"info","message":"GET /api/products 200 — 24ms","timestamp":"2026-09-20 14:53:06","userId":"577dca8f-6f0e-4b76-8ee3-814b160a67bc"}
{"level":"error","message":"[Socket Auth Error] Access token expired","timestamp":"2026-09-20 14:53:06"}
{"ip":"::ffff:192.168.1.4","level":"info","message":"GET /api/products?page=1&limit=100 200 — 68ms","timestamp":"2026-09-20 14:53:06","userId":"577dca8f-6f0e-4b76-8ee3-814b160a67bc"}
{"ip":"::ffff:192.168.1.4","level":"info","message":"GET /api/flavors/active 200 — 5ms","timestamp":"2026-09-20 14:53:06","userId":"577dca8f-6f0e-4b76-8ee3-814b160a67bc"}
{"ip":"::ffff:192.168.1.4","level":"info","message":"GET /api/flavors?page=1&limit=100 200 — 9ms","timestamp":"2026-09-20 14:53:06","userId":"577dca8f-6f0e-4b76-8ee3-814b160a67bc"}
{"ip":"::ffff:192.168.1.4","level":"info","message":"GET /api/orders?page=1&limit=1 200 — 23ms","timestamp":"2026-09-20 14:53:07","userId":"577dca8f-6f0e-4b76-8ee3-814b160a67bc"}
{"ip":"::ffff:192.168.1.4","level":"info","message":"GET /api/categories?page=1&limit=100 200 — 5ms","timestamp":"2026-09-20 14:53:07","userId":"577dca8f-6f0e-4b76-8ee3-814b160a67bc"}
{"ip":"::ffff:192.168.1.4","level":"info","message":"GET /api/users?page=1&limit=100 200 — 6ms","timestamp":"2026-09-20 14:53:07","userId":"577dca8f-6f0e-4b76-8ee3-814b160a67bc"}
{"ip":"::ffff:192.168.1.4","level":"info","message":"GET /api/stock 200 — 48ms","timestamp":"2026-09-20 14:53:07","userId":"577dca8f-6f0e-4b76-8ee3-814b160a67bc"}
{"ip":"::ffff:192.168.1.4","level":"info","message":"GET /api/payment-numbers 200 — 16ms","timestamp":"2026-09-20 14:53:08","userId":"577dca8f-6f0e-4b76-8ee3-814b160a67bc"}
{"level":"error","message":"[Socket Auth Error] Access token expired","timestamp":"2026-09-20 14:53:56"}
{"ip":"::ffff:192.168.1.4","level":"info","message":"GET /api/products?page=1&limit=100 200 — 57ms","timestamp":"2026-09-20 14:54:04","userId":"577dca8f-6f0e-4b76-8ee3-814b160a67bc"}
{"ip":"::ffff:192.168.1.4","level":"info","message":"GET /api/flavors?page=1&limit=100 200 — 7ms","timestamp":"2026-09-20 14:54:04","userId":"577dca8f-6f0e-4b76-8ee3-814b160a67bc"}
{"ip":"::ffff:192.168.1.4","level":"info","message":"GET /api/categories?page=1&limit=100 200 — 4ms","timestamp":"2026-09-20 14:54:04","userId":"577dca8f-6f0e-4b76-8ee3-814b160a67bc"}
{"ip":"::ffff:192.168.1.4","level":"info","message":"GET /api/users?page=1&limit=100 200 — 7ms","timestamp":"2026-09-20 14:54:04","userId":"577dca8f-6f0e-4b76-8ee3-814b160a67bc"}
{"ip":"::ffff:192.168.1.4","level":"info","message":"GET /api/stock 200 — 9ms","timestamp":"2026-09-20 14:54:04","userId":"577dca8f-6f0e-4b76-8ee3-814b160a67bc"}
{"ip":"::ffff:192.168.1.4","level":"info","message":"GET /api/payment-numbers 200 — 12ms","timestamp":"2026-09-20 14:54:04","userId":"577dca8f-6f0e-4b76-8ee3-814b160a67bc"}
{"ip":"::ffff:192.168.1.4","level":"info","message":"GET /api/products?page=1&limit=100 200 — 60ms","timestamp":"2026-09-20 14:54:38","userId":"577dca8f-6f0e-4b76-8ee3-814b160a67bc"}
{"ip":"::ffff:192.168.1.4","level":"info","message":"GET /api/flavors?page=1&limit=100 200 — 7ms","timestamp":"2026-09-20 14:54:38","userId":"577dca8f-6f0e-4b76-8ee3-814b160a67bc"}
{"ip":"::ffff:192.168.1.4","level":"info","message":"GET /api/categories?page=1&limit=100 200 — 5ms","timestamp":"2026-09-20 14:54:38","userId":"577dca8f-6f0e-4b76-8ee3-814b160a67bc"}
{"ip":"::ffff:192.168.1.4","level":"info","message":"GET /api/users?page=1&limit=100 200 — 4ms","timestamp":"2026-09-20 14:54:38","userId":"577dca8f-6f0e-4b76-8ee3-814b160a67bc"}
{"ip":"::ffff:192.168.1.4","level":"info","message":"GET /api/stock 200 — 9ms","timestamp":"2026-09-20 14:54:38","userId":"577dca8f-6f0e-4b76-8ee3-814b160a67bc"}
{"ip":"::ffff:192.168.1.4","level":"info","message":"GET /api/payment-numbers 200 — 9ms","timestamp":"2026-09-20 14:54:38","userId":"577dca8f-6f0e-4b76-8ee3-814b160a67bc"}
{"ip":"::ffff:192.168.1.4","level":"info","message":"GET /api/products?page=1&limit=100 200 — 54ms","timestamp":"2026-09-20 14:54:51","userId":"577dca8f-6f0e-4b76-8ee3-814b160a67bc"}
{"ip":"::ffff:192.168.1.4","level":"info","message":"GET /api/flavors?page=1&limit=100 200 — 5ms","timestamp":"2026-09-20 14:54:51","userId":"577dca8f-6f0e-4b76-8ee3-814b160a67bc"}
{"ip":"::ffff:192.168.1.4","level":"info","message":"GET /api/categories?page=1&limit=100 200 — 5ms","timestamp":"2026-09-20 14:54:51","userId":"577dca8f-6f0e-4b76-8ee3-814b160a67bc"}
{"ip":"::ffff:192.168.1.4","level":"info","message":"GET /api/users?page=1&limit=100 200 — 13ms","timestamp":"2026-09-20 14:54:51","userId":"577dca8f-6f0e-4b76-8ee3-814b160a67bc"}
{"ip":"::ffff:192.168.1.4","level":"info","message":"GET /api/stock 200 — 20ms","timestamp":"2026-09-20 14:54:52","userId":"577dca8f-6f0e-4b76-8ee3-814b160a67bc"}
{"ip":"::ffff:192.168.1.4","level":"info","message":"GET /api/payment-numbers 200 — 12ms","timestamp":"2026-09-20 14:54:52","userId":"577dca8f-6f0e-4b76-8ee3-814b160a67bc"}
{"ip":"::ffff:192.168.1.4","level":"info","message":"GET /api/reports/daily 200 — 52ms","timestamp":"2026-09-20 14:54:58","userId":"577dca8f-6f0e-4b76-8ee3-814b160a67bc"}
{"ip":"::ffff:192.168.1.4","level":"info","message":"GET /api/orders?page=1&limit=50 200 — 29ms","timestamp":"2026-09-20 14:55:03","userId":"577dca8f-6f0e-4b76-8ee3-814b160a67bc"}
{"level":"info","message":"✅ Socket.IO initialized","timestamp":"2026-09-21 13:00:22"}
{"level":"info","message":"✅ Database connected","timestamp":"2026-09-21 13:00:22"}
{"level":"info","message":"Java Cafe POS API running on port 3000 [development]","timestamp":"2026-09-21 13:00:22"}
{"ip":"::ffff:192.168.1.3","level":"info","message":"POST /api/auth/login 200 — 590ms","timestamp":"2026-09-21 13:00:31","userId":"-"}
{"level":"info","message":"[Socket] Connected: B5Hxx117fI8KJEFSAAAB | User: 577dca8f-6f0e-4b76-8ee3-814b160a67bc","timestamp":"2026-09-21 13:00:33"}
{"ip":"::ffff:192.168.1.3","level":"info","message":"GET /api/categories/active 200 — 57ms","timestamp":"2026-09-21 13:00:33","userId":"577dca8f-6f0e-4b76-8ee3-814b160a67bc"}
{"ip":"::ffff:192.168.1.3","level":"info","message":"GET /api/products?page=1&limit=100 200 — 125ms","timestamp":"2026-09-21 13:00:33","userId":"577dca8f-6f0e-4b76-8ee3-814b160a67bc"}
{"ip":"::ffff:192.168.1.3","level":"info","message":"GET /api/products 200 — 15ms","timestamp":"2026-09-21 13:00:33","userId":"577dca8f-6f0e-4b76-8ee3-814b160a67bc"}
{"ip":"::ffff:192.168.1.3","level":"info","message":"GET /api/flavors/active 200 — 4ms","timestamp":"2026-09-21 13:00:34","userId":"577dca8f-6f0e-4b76-8ee3-814b160a67bc"}
{"ip":"::ffff:192.168.1.3","level":"info","message":"GET /api/flavors?page=1&limit=100 200 — 7ms","timestamp":"2026-09-21 13:00:34","userId":"577dca8f-6f0e-4b76-8ee3-814b160a67bc"}
{"ip":"::ffff:192.168.1.3","level":"info","message":"GET /api/categories?page=1&limit=100 200 — 6ms","timestamp":"2026-09-21 13:00:34","userId":"577dca8f-6f0e-4b76-8ee3-814b160a67bc"}
{"ip":"::ffff:192.168.1.3","level":"info","message":"GET /api/orders?page=1&limit=1 200 — 34ms","timestamp":"2026-09-21 13:00:34","userId":"577dca8f-6f0e-4b76-8ee3-814b160a67bc"}
{"ip":"::ffff:192.168.1.3","level":"info","message":"GET /api/users?page=1&limit=100 200 — 5ms","timestamp":"2026-09-21 13:00:34","userId":"577dca8f-6f0e-4b76-8ee3-814b160a67bc"}
{"ip":"::ffff:192.168.1.3","level":"info","message":"GET /api/stock 200 — 10ms","timestamp":"2026-09-21 13:00:34","userId":"577dca8f-6f0e-4b76-8ee3-814b160a67bc"}
{"ip":"::ffff:192.168.1.3","level":"info","message":"GET /api/payment-numbers 200 — 13ms","timestamp":"2026-09-21 13:00:34","userId":"577dca8f-6f0e-4b76-8ee3-814b160a67bc"}
{"level":"info","message":"[Socket] Disconnected: B5Hxx117fI8KJEFSAAAB","timestamp":"2026-09-21 13:01:15"}
{"level":"info","message":"[Socket] Connected: shORI9TGqtrgUgRKAAAD | User: 577dca8f-6f0e-4b76-8ee3-814b160a67bc","timestamp":"2026-09-21 13:01:23"}
{"level":"info","message":"[Socket] Disconnected: shORI9TGqtrgUgRKAAAD","timestamp":"2026-09-21 13:01:23"}
{"ip":"::ffff:192.168.1.3","level":"info","message":"GET /api/auth/me 200 — 71ms","timestamp":"2026-09-21 13:01:24","userId":"577dca8f-6f0e-4b76-8ee3-814b160a67bc"}
{"ip":"::ffff:192.168.1.3","level":"info","message":"GET /api/categories/active 200 — 76ms","timestamp":"2026-09-21 13:01:24","userId":"577dca8f-6f0e-4b76-8ee3-814b160a67bc"}
{"ip":"::ffff:192.168.1.3","level":"info","message":"GET /api/categories/active 200 — 69ms","timestamp":"2026-09-21 13:01:24","userId":"577dca8f-6f0e-4b76-8ee3-814b160a67bc"}
{"ip":"::ffff:192.168.1.3","level":"info","message":"GET /api/products?page=1&limit=100 200 — 70ms","timestamp":"2026-09-21 13:01:24","userId":"577dca8f-6f0e-4b76-8ee3-814b160a67bc"}
{"ip":"::ffff:192.168.1.3","level":"info","message":"GET /api/flavors?page=1&limit=100 200 — 20ms","timestamp":"2026-09-21 13:01:24","userId":"577dca8f-6f0e-4b76-8ee3-814b160a67bc"}
{"level":"info","message":"[Socket] Connected: ml5go9-yOL4rS2TKAAAF | User: 577dca8f-6f0e-4b76-8ee3-814b160a67bc","timestamp":"2026-09-21 13:01:24"}
{"ip":"::ffff:192.168.1.3","level":"info","message":"GET /api/products 200 — 53ms","timestamp":"2026-09-21 13:01:24","userId":"577dca8f-6f0e-4b76-8ee3-814b160a67bc"}
{"ip":"::ffff:192.168.1.3","level":"info","message":"GET /api/products 200 — 56ms","timestamp":"2026-09-21 13:01:24","userId":"577dca8f-6f0e-4b76-8ee3-814b160a67bc"}
{"ip":"::ffff:192.168.1.3","level":"info","message":"GET /api/categories?page=1&limit=100 200 — 6ms","timestamp":"2026-09-21 13:01:24","userId":"577dca8f-6f0e-4b76-8ee3-814b160a67bc"}
{"ip":"::ffff:192.168.1.3","level":"info","message":"GET /api/flavors/active 200 — 4ms","timestamp":"2026-09-21 13:01:24","userId":"577dca8f-6f0e-4b76-8ee3-814b160a67bc"}
{"ip":"::ffff:192.168.1.3","level":"info","message":"GET /api/flavors/active 200 — 6ms","timestamp":"2026-09-21 13:01:25","userId":"577dca8f-6f0e-4b76-8ee3-814b160a67bc"}
{"ip":"::ffff:192.168.1.3","level":"info","message":"GET /api/users?page=1&limit=100 200 — 7ms","timestamp":"2026-09-21 13:01:25","userId":"577dca8f-6f0e-4b76-8ee3-814b160a67bc"}
{"ip":"::ffff:192.168.1.3","level":"info","message":"GET /api/orders?page=1&limit=1 200 — 47ms","timestamp":"2026-09-21 13:01:25","userId":"577dca8f-6f0e-4b76-8ee3-814b160a67bc"}
{"ip":"::ffff:192.168.1.3","level":"info","message":"GET /api/orders?page=1&limit=1 200 — 46ms","timestamp":"2026-09-21 13:01:25","userId":"577dca8f-6f0e-4b76-8ee3-814b160a67bc"}
{"ip":"::ffff:192.168.1.3","level":"info","message":"GET /api/stock 200 — 13ms","timestamp":"2026-09-21 13:01:25","userId":"577dca8f-6f0e-4b76-8ee3-814b160a67bc"}
{"ip":"::ffff:192.168.1.3","level":"info","message":"GET /api/payment-numbers 200 — 7ms","timestamp":"2026-09-21 13:01:25","userId":"577dca8f-6f0e-4b76-8ee3-814b160a67bc"}
{"level":"info","message":"[Socket] Disconnected: ml5go9-yOL4rS2TKAAAF","timestamp":"2026-09-21 13:02:34"}
{"level":"info","message":"[Socket] Connected: IVP3ODsVSoyEflqlAAAH | User: 577dca8f-6f0e-4b76-8ee3-814b160a67bc","timestamp":"2026-09-21 13:03:25"}
{"ip":"::ffff:192.168.1.3","level":"info","message":"GET /api/auth/me 200 — 149ms","timestamp":"2026-09-21 13:03:25","userId":"577dca8f-6f0e-4b76-8ee3-814b160a67bc"}
{"ip":"::ffff:192.168.1.3","level":"info","message":"GET /api/categories/active 200 — 86ms","timestamp":"2026-09-21 13:03:25","userId":"577dca8f-6f0e-4b76-8ee3-814b160a67bc"}
{"ip":"::ffff:192.168.1.3","level":"info","message":"GET /api/categories/active 200 — 151ms","timestamp":"2026-09-21 13:03:25","userId":"577dca8f-6f0e-4b76-8ee3-814b160a67bc"}
{"ip":"::ffff:192.168.1.3","level":"info","message":"GET /api/products?page=1&limit=100 200 — 83ms","timestamp":"2026-09-21 13:03:25","userId":"577dca8f-6f0e-4b76-8ee3-814b160a67bc"}
{"ip":"::ffff:192.168.1.3","level":"info","message":"GET /api/flavors?page=1&limit=100 200 — 12ms","timestamp":"2026-09-21 13:03:26","userId":"577dca8f-6f0e-4b76-8ee3-814b160a67bc"}
{"ip":"::ffff:192.168.1.3","level":"info","message":"GET /api/products 200 — 36ms","timestamp":"2026-09-21 13:03:26","userId":"577dca8f-6f0e-4b76-8ee3-814b160a67bc"}
{"ip":"::ffff:192.168.1.3","level":"info","message":"GET /api/products 200 — 39ms","timestamp":"2026-09-21 13:03:26","userId":"577dca8f-6f0e-4b76-8ee3-814b160a67bc"}
{"ip":"::ffff:192.168.1.3","level":"info","message":"GET /api/categories?page=1&limit=100 200 — 11ms","timestamp":"2026-09-21 13:03:26","userId":"577dca8f-6f0e-4b76-8ee3-814b160a67bc"}
{"ip":"::ffff:192.168.1.3","level":"info","message":"GET /api/flavors/active 200 — 8ms","timestamp":"2026-09-21 13:03:26","userId":"577dca8f-6f0e-4b76-8ee3-814b160a67bc"}
{"ip":"::ffff:192.168.1.3","level":"info","message":"GET /api/flavors/active 200 — 4ms","timestamp":"2026-09-21 13:03:26","userId":"577dca8f-6f0e-4b76-8ee3-814b160a67bc"}
{"ip":"::ffff:192.168.1.3","level":"info","message":"GET /api/users?page=1&limit=100 200 — 8ms","timestamp":"2026-09-21 13:03:26","userId":"577dca8f-6f0e-4b76-8ee3-814b160a67bc"}
{"ip":"::ffff:192.168.1.3","level":"info","message":"GET /api/orders?page=1&limit=1 200 — 53ms","timestamp":"2026-09-21 13:03:26","userId":"577dca8f-6f0e-4b76-8ee3-814b160a67bc"}
{"ip":"::ffff:192.168.1.3","level":"info","message":"GET /api/orders?page=1&limit=1 200 — 49ms","timestamp":"2026-09-21 13:03:26","userId":"577dca8f-6f0e-4b76-8ee3-814b160a67bc"}
{"ip":"::ffff:192.168.1.3","level":"info","message":"GET /api/stock 200 — 9ms","timestamp":"2026-09-21 13:03:26","userId":"577dca8f-6f0e-4b76-8ee3-814b160a67bc"}
{"ip":"::ffff:192.168.1.3","level":"info","message":"GET /api/payment-numbers 200 — 8ms","timestamp":"2026-09-21 13:03:26","userId":"577dca8f-6f0e-4b76-8ee3-814b160a67bc"}
{"ip":"::ffff:192.168.1.3","level":"info","message":"GET /api/products?page=1&limit=100 200 — 319ms","timestamp":"2026-09-21 13:06:11","userId":"577dca8f-6f0e-4b76-8ee3-814b160a67bc"}
{"ip":"::ffff:192.168.1.3","level":"info","message":"GET /api/flavors?page=1&limit=100 200 — 35ms","timestamp":"2026-09-21 13:06:12","userId":"577dca8f-6f0e-4b76-8ee3-814b160a67bc"}
{"ip":"::ffff:192.168.1.3","level":"info","message":"GET /api/categories?page=1&limit=100 200 — 11ms","timestamp":"2026-09-21 13:06:12","userId":"577dca8f-6f0e-4b76-8ee3-814b160a67bc"}
{"ip":"::ffff:192.168.1.3","level":"info","message":"GET /api/users?page=1&limit=100 200 — 17ms","timestamp":"2026-09-21 13:06:12","userId":"577dca8f-6f0e-4b76-8ee3-814b160a67bc"}
{"ip":"::ffff:192.168.1.3","level":"info","message":"GET /api/stock 200 — 20ms","timestamp":"2026-09-21 13:06:12","userId":"577dca8f-6f0e-4b76-8ee3-814b160a67bc"}
{"ip":"::ffff:192.168.1.3","level":"info","message":"GET /api/payment-numbers 200 — 14ms","timestamp":"2026-09-21 13:06:12","userId":"577dca8f-6f0e-4b76-8ee3-814b160a67bc"}
{"ip":"::ffff:192.168.1.3","level":"info","message":"GET /api/orders?page=1&limit=50 200 — 26ms","timestamp":"2026-09-21 13:06:21","userId":"577dca8f-6f0e-4b76-8ee3-814b160a67bc"}
{"ip":"::ffff:192.168.1.3","level":"info","message":"GET /api/orders?page=1&limit=50 200 — 10ms","timestamp":"2026-09-21 13:06:27","userId":"577dca8f-6f0e-4b76-8ee3-814b160a67bc"}
{"level":"info","message":"[Socket] Disconnected: IVP3ODsVSoyEflqlAAAH","timestamp":"2026-09-21 13:07:55"}
{"level":"info","message":"[Socket] Connected: L6G0NPeZwFY_zbO5AAAJ | User: 577dca8f-6f0e-4b76-8ee3-814b160a67bc","timestamp":"2026-09-21 13:07:57"}
{"level":"error","message":"[GET] /api/categories/active — Access token expired","stack":"Error: Access token expired\n    at verifyAccessToken (D:\\Training\\Java\\java_backend\\utils\\jwt.js:25:13)\n    at authenticate (D:\\Training\\Java\\java_backend\\middlewares\\auth.js:11:21)\n    at Layer.handleRequest (D:\\Training\\Java\\java_backend\\node_modules\\router\\lib\\layer.js:152:17)\n    at trimPrefix (D:\\Training\\Java\\java_backend\\node_modules\\router\\index.js:342:13)\n    at D:\\Training\\Java\\java_backend\\node_modules\\router\\index.js:297:9\n    at processParams (D:\\Training\\Java\\java_backend\\node_modules\\router\\index.js:582:12)\n    at next (D:\\Training\\Java\\java_backend\\node_modules\\router\\index.js:291:5)\n    at router.handle (D:\\Training\\Java\\java_backend\\node_modules\\router\\index.js:186:3)\n    at router (D:\\Training\\Java\\java_backend\\node_modules\\router\\index.js:60:12)\n    at Layer.handleRequest (D:\\Training\\Java\\java_backend\\node_modules\\router\\lib\\layer.js:152:17)","timestamp":"2026-09-21 13:11:45","userId":"unauthenticated"}
{"ip":"::ffff:192.168.1.6","level":"warn","message":"GET /api/categories/active 401 — 6ms","timestamp":"2026-09-21 13:11:45","userId":"-"}
{"level":"error","message":"[GET] /api/categories/active — Access token expired","stack":"Error: Access token expired\n    at verifyAccessToken (D:\\Training\\Java\\java_backend\\utils\\jwt.js:25:13)\n    at authenticate (D:\\Training\\Java\\java_backend\\middlewares\\auth.js:11:21)\n    at Layer.handleRequest (D:\\Training\\Java\\java_backend\\node_modules\\router\\lib\\layer.js:152:17)\n    at trimPrefix (D:\\Training\\Java\\java_backend\\node_modules\\router\\index.js:342:13)\n    at D:\\Training\\Java\\java_backend\\node_modules\\router\\index.js:297:9\n    at processParams (D:\\Training\\Java\\java_backend\\node_modules\\router\\index.js:582:12)\n    at next (D:\\Training\\Java\\java_backend\\node_modules\\router\\index.js:291:5)\n    at router.handle (D:\\Training\\Java\\java_backend\\node_modules\\router\\index.js:186:3)\n    at router (D:\\Training\\Java\\java_backend\\node_modules\\router\\index.js:60:12)\n    at Layer.handleRequest (D:\\Training\\Java\\java_backend\\node_modules\\router\\lib\\layer.js:152:17)","timestamp":"2026-09-21 13:11:45","userId":"unauthenticated"}
{"ip":"::ffff:192.168.1.6","level":"warn","message":"GET /api/categories/active 401 — 1ms","timestamp":"2026-09-21 13:11:45","userId":"-"}
{"level":"error","message":"[GET] /api/auth/me — Access token expired","stack":"Error: Access token expired\n    at verifyAccessToken (D:\\Training\\Java\\java_backend\\utils\\jwt.js:25:13)\n    at authenticate (D:\\Training\\Java\\java_backend\\middlewares\\auth.js:11:21)\n    at Layer.handleRequest (D:\\Training\\Java\\java_backend\\node_modules\\router\\lib\\layer.js:152:17)\n    at next (D:\\Training\\Java\\java_backend\\node_modules\\router\\lib\\route.js:157:13)\n    at Route.dispatch (D:\\Training\\Java\\java_backend\\node_modules\\router\\lib\\route.js:117:3)\n    at handle (D:\\Training\\Java\\java_backend\\node_modules\\router\\index.js:435:11)\n    at Layer.handleRequest (D:\\Training\\Java\\java_backend\\node_modules\\router\\lib\\layer.js:152:17)\n    at D:\\Training\\Java\\java_backend\\node_modules\\router\\index.js:295:15\n    at processParams (D:\\Training\\Java\\java_backend\\node_modules\\router\\index.js:582:12)\n    at next (D:\\Training\\Java\\java_backend\\node_modules\\router\\index.js:291:5)","timestamp":"2026-09-21 13:11:45","userId":"unauthenticated"}
{"ip":"::ffff:192.168.1.6","level":"warn","message":"GET /api/auth/me 401 — 2ms","timestamp":"2026-09-21 13:11:45","userId":"-"}
{"level":"error","message":"[Socket Auth Error] Access token expired","timestamp":"2026-09-21 13:11:45"}
{"ip":"::ffff:192.168.1.6","level":"info","message":"POST /api/auth/refresh 200 — 332ms","timestamp":"2026-09-21 13:11:51","userId":"-"}
{"ip":"::ffff:192.168.1.6","level":"info","message":"GET /api/auth/me 200 — 11ms","timestamp":"2026-09-21 13:11:52","userId":"204a6cff-6b89-43b0-bde0-1778236b7f14"}
{"ip":"::ffff:192.168.1.6","level":"info","message":"GET /api/categories/active 200 — 30ms","timestamp":"2026-09-21 13:11:52","userId":"204a6cff-6b89-43b0-bde0-1778236b7f14"}
{"ip":"::ffff:192.168.1.6","level":"info","message":"GET /api/categories/active 200 — 131ms","timestamp":"2026-09-21 13:11:52","userId":"204a6cff-6b89-43b0-bde0-1778236b7f14"}
{"ip":"::ffff:192.168.1.6","level":"info","message":"GET /api/products 200 — 55ms","timestamp":"2026-09-21 13:11:54","userId":"204a6cff-6b89-43b0-bde0-1778236b7f14"}
{"ip":"::ffff:192.168.1.6","level":"info","message":"GET /api/products 200 — 226ms","timestamp":"2026-09-21 13:11:54","userId":"204a6cff-6b89-43b0-bde0-1778236b7f14"}
{"level":"error","message":"[Socket Auth Error] Access token expired","timestamp":"2026-09-21 13:11:54"}
{"ip":"::ffff:192.168.1.6","level":"info","message":"GET /api/flavors/active 200 — 358ms","timestamp":"2026-09-21 13:11:55","userId":"204a6cff-6b89-43b0-bde0-1778236b7f14"}
{"ip":"::ffff:192.168.1.6","level":"info","message":"GET /api/flavors/active 200 — 369ms","timestamp":"2026-09-21 13:11:55","userId":"204a6cff-6b89-43b0-bde0-1778236b7f14"}
{"ip":"::ffff:192.168.1.6","level":"info","message":"GET /api/orders/my-orders?page=1&limit=1 200 — 569ms","timestamp":"2026-09-21 13:11:56","userId":"204a6cff-6b89-43b0-bde0-1778236b7f14"}
{"ip":"::ffff:192.168.1.6","level":"info","message":"GET /api/orders/my-orders?page=1&limit=1 200 — 581ms","timestamp":"2026-09-21 13:11:56","userId":"204a6cff-6b89-43b0-bde0-1778236b7f14"}
{"level":"error","message":"[Socket Auth Error] Access token expired","timestamp":"2026-09-21 13:12:00"}
{"ip":"::ffff:192.168.1.6","level":"info","message":"GET /api/orders/my-orders?page=1&limit=50 200 — 15ms","timestamp":"2026-09-21 13:12:00","userId":"204a6cff-6b89-43b0-bde0-1778236b7f14"}
{"level":"info","message":"[Socket] Connected: ZE_L9Q3jxwk7U9shAAAR | User: 204a6cff-6b89-43b0-bde0-1778236b7f14","timestamp":"2026-09-21 13:13:29"}
{"ip":"::ffff:192.168.1.6","level":"info","message":"GET /api/auth/me 200 — 243ms","timestamp":"2026-09-21 13:13:30","userId":"204a6cff-6b89-43b0-bde0-1778236b7f14"}
{"ip":"::ffff:192.168.1.6","level":"info","message":"GET /api/categories/active 200 — 38ms","timestamp":"2026-09-21 13:13:31","userId":"204a6cff-6b89-43b0-bde0-1778236b7f14"}
{"ip":"::ffff:192.168.1.6","level":"info","message":"GET /api/categories/active 200 — 63ms","timestamp":"2026-09-21 13:13:31","userId":"204a6cff-6b89-43b0-bde0-1778236b7f14"}
{"ip":"::ffff:192.168.1.6","level":"info","message":"GET /api/categories/active 200 — 70ms","timestamp":"2026-09-21 13:13:31","userId":"204a6cff-6b89-43b0-bde0-1778236b7f14"}
{"ip":"::ffff:192.168.1.6","level":"info","message":"GET /api/products 200 — 72ms","timestamp":"2026-09-21 13:13:31","userId":"204a6cff-6b89-43b0-bde0-1778236b7f14"}
{"ip":"::ffff:192.168.1.6","level":"info","message":"GET /api/products 200 — 98ms","timestamp":"2026-09-21 13:13:31","userId":"204a6cff-6b89-43b0-bde0-1778236b7f14"}
{"ip":"::ffff:192.168.1.6","level":"info","message":"GET /api/products 200 — 112ms","timestamp":"2026-09-21 13:13:31","userId":"204a6cff-6b89-43b0-bde0-1778236b7f14"}
{"ip":"::ffff:192.168.1.6","level":"info","message":"GET /api/flavors/active 200 — 10ms","timestamp":"2026-09-21 13:13:32","userId":"204a6cff-6b89-43b0-bde0-1778236b7f14"}
{"ip":"::ffff:192.168.1.6","level":"info","message":"GET /api/flavors/active 200 — 62ms","timestamp":"2026-09-21 13:13:32","userId":"204a6cff-6b89-43b0-bde0-1778236b7f14"}
{"ip":"::ffff:192.168.1.6","level":"info","message":"GET /api/flavors/active 200 — 56ms","timestamp":"2026-09-21 13:13:32","userId":"204a6cff-6b89-43b0-bde0-1778236b7f14"}
{"ip":"::ffff:192.168.1.6","level":"info","message":"GET /api/orders/my-orders?page=1&limit=1 200 — 360ms","timestamp":"2026-09-21 13:13:32","userId":"204a6cff-6b89-43b0-bde0-1778236b7f14"}
{"ip":"::ffff:192.168.1.6","level":"info","message":"GET /api/orders/my-orders?page=1&limit=1 200 — 409ms","timestamp":"2026-09-21 13:13:32","userId":"204a6cff-6b89-43b0-bde0-1778236b7f14"}
{"ip":"::ffff:192.168.1.6","level":"info","message":"GET /api/orders/my-orders?page=1&limit=1 200 — 384ms","timestamp":"2026-09-21 13:13:32","userId":"204a6cff-6b89-43b0-bde0-1778236b7f14"}
{"ip":"::ffff:192.168.1.6","level":"info","message":"GET /api/orders/my-orders?page=1&limit=50 200 — 15ms","timestamp":"2026-09-21 13:13:32","userId":"204a6cff-6b89-43b0-bde0-1778236b7f14"}
{"ip":"::ffff:192.168.1.6","level":"info","message":"POST /api/auth/logout 200 — 94ms","timestamp":"2026-09-21 13:13:48","userId":"204a6cff-6b89-43b0-bde0-1778236b7f14"}
{"level":"info","message":"[Socket] Disconnected: ZE_L9Q3jxwk7U9shAAAR","timestamp":"2026-09-21 13:13:49"}
{"ip":"::ffff:192.168.1.6","level":"info","message":"POST /api/auth/google 200 — 1651ms","timestamp":"2026-09-21 13:13:57","userId":"-"}
{"ip":"::ffff:192.168.1.6","level":"info","message":"GET /api/categories/active 200 — 13ms","timestamp":"2026-09-21 13:13:57","userId":"204a6cff-6b89-43b0-bde0-1778236b7f14"}
{"ip":"::ffff:192.168.1.6","level":"info","message":"GET /api/products 200 — 72ms","timestamp":"2026-09-21 13:13:57","userId":"204a6cff-6b89-43b0-bde0-1778236b7f14"}
{"level":"info","message":"[Socket] Connected: d0cIhQ3jffaWO2-MAAAT | User: 204a6cff-6b89-43b0-bde0-1778236b7f14","timestamp":"2026-09-21 13:13:58"}
{"ip":"::ffff:192.168.1.6","level":"info","message":"GET /api/orders/my-orders?page=1&limit=50 200 — 64ms","timestamp":"2026-09-21 13:13:58","userId":"204a6cff-6b89-43b0-bde0-1778236b7f14"}
{"ip":"::ffff:192.168.1.6","level":"info","message":"GET /api/flavors/active 200 — 11ms","timestamp":"2026-09-21 13:13:58","userId":"204a6cff-6b89-43b0-bde0-1778236b7f14"}
{"ip":"::ffff:192.168.1.6","level":"info","message":"GET /api/orders/my-orders?page=1&limit=1 200 — 9ms","timestamp":"2026-09-21 13:13:58","userId":"204a6cff-6b89-43b0-bde0-1778236b7f14"}
{"ip":"::ffff:192.168.1.6","level":"info","message":"POST /api/auth/logout 200 — 11ms","timestamp":"2026-09-21 13:14:00","userId":"204a6cff-6b89-43b0-bde0-1778236b7f14"}
{"level":"info","message":"[Socket] Disconnected: d0cIhQ3jffaWO2-MAAAT","timestamp":"2026-09-21 13:14:00"}
{"body":{"email":"adminn@javacafe.com","password":"Admiin@123456"},"level":"error","message":"[POST] /api/auth/login — Invalid email or password","stack":"Error: Invalid email or password\n    at AuthService.login (D:\\Training\\Java\\java_backend\\services\\auth.service.js:136:23)\n    at async login (D:\\Training\\Java\\java_backend\\controllers\\auth.controller.js:44:22)","timestamp":"2026-09-21 13:14:34","userId":"unauthenticated"}
{"ip":"::ffff:192.168.1.6","level":"warn","message":"POST /api/auth/login 401 — 615ms","timestamp":"2026-09-21 13:14:34","userId":"-"}
{"ip":"::ffff:192.168.1.6","level":"info","message":"POST /api/auth/login 200 — 1015ms","timestamp":"2026-09-21 13:14:44","userId":"-"}
{"ip":"::ffff:192.168.1.6","level":"info","message":"GET /api/categories/active 200 — 8ms","timestamp":"2026-09-21 13:14:45","userId":"577dca8f-6f0e-4b76-8ee3-814b160a67bc"}
{"ip":"::ffff:192.168.1.6","level":"info","message":"GET /api/products?page=1&limit=100 200 — 82ms","timestamp":"2026-09-21 13:14:45","userId":"577dca8f-6f0e-4b76-8ee3-814b160a67bc"}
{"level":"info","message":"[Socket] Connected: wxXWcLJD8OM5FCnhAAAV | User: 204a6cff-6b89-43b0-bde0-1778236b7f14","timestamp":"2026-09-21 13:14:45"}
{"ip":"::ffff:192.168.1.6","level":"info","message":"GET /api/products 200 — 399ms","timestamp":"2026-09-21 13:14:46","userId":"577dca8f-6f0e-4b76-8ee3-814b160a67bc"}
{"ip":"::ffff:192.168.1.6","level":"info","message":"GET /api/flavors?page=1&limit=100 200 — 497ms","timestamp":"2026-09-21 13:14:46","userId":"577dca8f-6f0e-4b76-8ee3-814b160a67bc"}
{"ip":"::ffff:192.168.1.6","level":"info","message":"GET /api/flavors/active 200 — 108ms","timestamp":"2026-09-21 13:14:46","userId":"577dca8f-6f0e-4b76-8ee3-814b160a67bc"}
{"ip":"::ffff:192.168.1.6","level":"info","message":"GET /api/categories?page=1&limit=100 200 — 165ms","timestamp":"2026-09-21 13:14:46","userId":"577dca8f-6f0e-4b76-8ee3-814b160a67bc"}
{"ip":"::ffff:192.168.1.6","level":"info","message":"GET /api/users?page=1&limit=100 200 — 105ms","timestamp":"2026-09-21 13:14:46","userId":"577dca8f-6f0e-4b76-8ee3-814b160a67bc"}
{"ip":"::ffff:192.168.1.6","level":"info","message":"GET /api/orders?page=1&limit=1 200 — 321ms","timestamp":"2026-09-21 13:14:46","userId":"577dca8f-6f0e-4b76-8ee3-814b160a67bc"}
{"ip":"::ffff:192.168.1.6","level":"info","message":"GET /api/stock 200 — 27ms","timestamp":"2026-09-21 13:14:47","userId":"577dca8f-6f0e-4b76-8ee3-814b160a67bc"}
{"ip":"::ffff:192.168.1.6","level":"info","message":"GET /api/payment-numbers 200 — 30ms","timestamp":"2026-09-21 13:14:47","userId":"577dca8f-6f0e-4b76-8ee3-814b160a67bc"}
{"level":"info","message":"[Socket] Disconnected: wxXWcLJD8OM5FCnhAAAV","timestamp":"2026-09-21 13:17:15"}
{"level":"error","message":"[Socket Auth Error] Access token expired","timestamp":"2026-09-21 13:21:00"}
{"level":"error","message":"[GET] /api/auth/me — Access token expired","stack":"Error: Access token expired\n    at verifyAccessToken (D:\\Training\\Java\\java_backend\\utils\\jwt.js:25:13)\n    at authenticate (D:\\Training\\Java\\java_backend\\middlewares\\auth.js:11:21)\n    at Layer.handleRequest (D:\\Training\\Java\\java_backend\\node_modules\\router\\lib\\layer.js:152:17)\n    at next (D:\\Training\\Java\\java_backend\\node_modules\\router\\lib\\route.js:157:13)\n    at Route.dispatch (D:\\Training\\Java\\java_backend\\node_modules\\router\\lib\\route.js:117:3)\n    at handle (D:\\Training\\Java\\java_backend\\node_modules\\router\\index.js:435:11)\n    at Layer.handleRequest (D:\\Training\\Java\\java_backend\\node_modules\\router\\lib\\layer.js:152:17)\n    at D:\\Training\\Java\\java_backend\\node_modules\\router\\index.js:295:15\n    at processParams (D:\\Training\\Java\\java_backend\\node_modules\\router\\index.js:582:12)\n    at next (D:\\Training\\Java\\java_backend\\node_modules\\router\\index.js:291:5)","timestamp":"2026-09-21 13:21:00","userId":"unauthenticated"}
{"ip":"::ffff:192.168.1.4","level":"warn","message":"GET /api/auth/me 401 — 2ms","timestamp":"2026-09-21 13:21:00","userId":"-"}
{"level":"error","message":"[GET] /api/categories/active — Access token expired","stack":"Error: Access token expired\n    at verifyAccessToken (D:\\Training\\Java\\java_backend\\utils\\jwt.js:25:13)\n    at authenticate (D:\\Training\\Java\\java_backend\\middlewares\\auth.js:11:21)\n    at Layer.handleRequest (D:\\Training\\Java\\java_backend\\node_modules\\router\\lib\\layer.js:152:17)\n    at trimPrefix (D:\\Training\\Java\\java_backend\\node_modules\\router\\index.js:342:13)\n    at D:\\Training\\Java\\java_backend\\node_modules\\router\\index.js:297:9\n    at processParams (D:\\Training\\Java\\java_backend\\node_modules\\router\\index.js:582:12)\n    at next (D:\\Training\\Java\\java_backend\\node_modules\\router\\index.js:291:5)\n    at router.handle (D:\\Training\\Java\\java_backend\\node_modules\\router\\index.js:186:3)\n    at router (D:\\Training\\Java\\java_backend\\node_modules\\router\\index.js:60:12)\n    at Layer.handleRequest (D:\\Training\\Java\\java_backend\\node_modules\\router\\lib\\layer.js:152:17)","timestamp":"2026-09-21 13:21:00","userId":"unauthenticated"}
{"ip":"::ffff:192.168.1.4","level":"warn","message":"GET /api/categories/active 401 — 2ms","timestamp":"2026-09-21 13:21:00","userId":"-"}
{"level":"error","message":"[GET] /api/products?page=1&limit=100 — Access token expired","stack":"Error: Access token expired\n    at verifyAccessToken (D:\\Training\\Java\\java_backend\\utils\\jwt.js:25:13)\n    at authenticate (D:\\Training\\Java\\java_backend\\middlewares\\auth.js:11:21)\n    at Layer.handleRequest (D:\\Training\\Java\\java_backend\\node_modules\\router\\lib\\layer.js:152:17)\n    at trimPrefix (D:\\Training\\Java\\java_backend\\node_modules\\router\\index.js:342:13)\n    at D:\\Training\\Java\\java_backend\\node_modules\\router\\index.js:297:9\n    at processParams (D:\\Training\\Java\\java_backend\\node_modules\\router\\index.js:582:12)\n    at next (D:\\Training\\Java\\java_backend\\node_modules\\router\\index.js:291:5)\n    at router.handle (D:\\Training\\Java\\java_backend\\node_modules\\router\\index.js:186:3)\n    at router (D:\\Training\\Java\\java_backend\\node_modules\\router\\index.js:60:12)\n    at Layer.handleRequest (D:\\Training\\Java\\java_backend\\node_modules\\router\\lib\\layer.js:152:17)","timestamp":"2026-09-21 13:21:00","userId":"unauthenticated"}
{"ip":"::ffff:192.168.1.4","level":"warn","message":"GET /api/products?page=1&limit=100 401 — 4ms","timestamp":"2026-09-21 13:21:00","userId":"-"}
{"level":"error","message":"[Socket Auth Error] Access token expired","timestamp":"2026-09-21 13:21:00"}
{"ip":"::ffff:192.168.1.4","level":"info","message":"POST /api/auth/refresh 200 — 55ms","timestamp":"2026-09-21 13:21:00","userId":"-"}
{"ip":"::ffff:192.168.1.4","level":"info","message":"GET /api/auth/me 200 — 2ms","timestamp":"2026-09-21 13:21:00","userId":"577dca8f-6f0e-4b76-8ee3-814b160a67bc"}
{"ip":"::ffff:192.168.1.4","level":"info","message":"GET /api/categories/active 200 — 4ms","timestamp":"2026-09-21 13:21:00","userId":"577dca8f-6f0e-4b76-8ee3-814b160a67bc"}
{"ip":"::ffff:192.168.1.4","level":"info","message":"GET /api/products?page=1&limit=100 200 — 15ms","timestamp":"2026-09-21 13:21:00","userId":"577dca8f-6f0e-4b76-8ee3-814b160a67bc"}
{"level":"error","message":"[Socket Auth Error] Access token expired","timestamp":"2026-09-21 13:21:00"}
{"ip":"::ffff:192.168.1.4","level":"info","message":"GET /api/products 200 — 11ms","timestamp":"2026-09-21 13:21:00","userId":"577dca8f-6f0e-4b76-8ee3-814b160a67bc"}
{"ip":"::ffff:192.168.1.4","level":"info","message":"GET /api/flavors/active 200 — 3ms","timestamp":"2026-09-21 13:21:00","userId":"577dca8f-6f0e-4b76-8ee3-814b160a67bc"}
{"ip":"::ffff:192.168.1.4","level":"info","message":"GET /api/flavors?page=1&limit=100 200 — 60ms","timestamp":"2026-09-21 13:21:00","userId":"577dca8f-6f0e-4b76-8ee3-814b160a67bc"}
{"ip":"::ffff:192.168.1.4","level":"info","message":"GET /api/orders?page=1&limit=1 200 — 15ms","timestamp":"2026-09-21 13:21:00","userId":"577dca8f-6f0e-4b76-8ee3-814b160a67bc"}
{"ip":"::ffff:192.168.1.4","level":"info","message":"GET /api/categories?page=1&limit=100 200 — 3ms","timestamp":"2026-09-21 13:21:00","userId":"577dca8f-6f0e-4b76-8ee3-814b160a67bc"}
{"ip":"::ffff:192.168.1.4","level":"info","message":"GET /api/users?page=1&limit=100 200 — 3ms","timestamp":"2026-09-21 13:21:00","userId":"577dca8f-6f0e-4b76-8ee3-814b160a67bc"}
{"ip":"::ffff:192.168.1.4","level":"info","message":"GET /api/stock 200 — 21ms","timestamp":"2026-09-21 13:21:00","userId":"577dca8f-6f0e-4b76-8ee3-814b160a67bc"}
{"ip":"::ffff:192.168.1.4","level":"info","message":"GET /api/payment-numbers 200 — 6ms","timestamp":"2026-09-21 13:21:00","userId":"577dca8f-6f0e-4b76-8ee3-814b160a67bc"}
{"level":"info","message":"[Socket] Disconnected: L6G0NPeZwFY_zbO5AAAJ","timestamp":"2026-09-21 13:25:52"}
{"level":"error","message":"[Socket Auth Error] Access token expired","timestamp":"2026-09-21 13:26:03"}
{"level":"error","message":"[GET] /api/auth/me — Access token expired","stack":"Error: Access token expired\n    at verifyAccessToken (D:\\Training\\Java\\java_backend\\utils\\jwt.js:25:13)\n    at authenticate (D:\\Training\\Java\\java_backend\\middlewares\\auth.js:11:21)\n    at Layer.handleRequest (D:\\Training\\Java\\java_backend\\node_modules\\router\\lib\\layer.js:152:17)\n    at next (D:\\Training\\Java\\java_backend\\node_modules\\router\\lib\\route.js:157:13)\n    at Route.dispatch (D:\\Training\\Java\\java_backend\\node_modules\\router\\lib\\route.js:117:3)\n    at handle (D:\\Training\\Java\\java_backend\\node_modules\\router\\index.js:435:11)\n    at Layer.handleRequest (D:\\Training\\Java\\java_backend\\node_modules\\router\\lib\\layer.js:152:17)\n    at D:\\Training\\Java\\java_backend\\node_modules\\router\\index.js:295:15\n    at processParams (D:\\Training\\Java\\java_backend\\node_modules\\router\\index.js:582:12)\n    at next (D:\\Training\\Java\\java_backend\\node_modules\\router\\index.js:291:5)","timestamp":"2026-09-21 13:26:03","userId":"unauthenticated"}
{"ip":"::ffff:192.168.1.3","level":"warn","message":"GET /api/auth/me 401 — 1ms","timestamp":"2026-09-21 13:26:03","userId":"-"}
{"level":"error","message":"[GET] /api/categories/active — Access token expired","stack":"Error: Access token expired\n    at verifyAccessToken (D:\\Training\\Java\\java_backend\\utils\\jwt.js:25:13)\n    at authenticate (D:\\Training\\Java\\java_backend\\middlewares\\auth.js:11:21)\n    at Layer.handleRequest (D:\\Training\\Java\\java_backend\\node_modules\\router\\lib\\layer.js:152:17)\n    at trimPrefix (D:\\Training\\Java\\java_backend\\node_modules\\router\\index.js:342:13)\n    at D:\\Training\\Java\\java_backend\\node_modules\\router\\index.js:297:9\n    at processParams (D:\\Training\\Java\\java_backend\\node_modules\\router\\index.js:582:12)\n    at next (D:\\Training\\Java\\java_backend\\node_modules\\router\\index.js:291:5)\n    at router.handle (D:\\Training\\Java\\java_backend\\node_modules\\router\\index.js:186:3)\n    at router (D:\\Training\\Java\\java_backend\\node_modules\\router\\index.js:60:12)\n    at Layer.handleRequest (D:\\Training\\Java\\java_backend\\node_modules\\router\\lib\\layer.js:152:17)","timestamp":"2026-09-21 13:26:03","userId":"unauthenticated"}
{"ip":"::ffff:192.168.1.3","level":"warn","message":"GET /api/categories/active 401 — 1ms","timestamp":"2026-09-21 13:26:03","userId":"-"}
{"level":"error","message":"[GET] /api/categories/active — Access token expired","stack":"Error: Access token expired\n    at verifyAccessToken (D:\\Training\\Java\\java_backend\\utils\\jwt.js:25:13)\n    at authenticate (D:\\Training\\Java\\java_backend\\middlewares\\auth.js:11:21)\n    at Layer.handleRequest (D:\\Training\\Java\\java_backend\\node_modules\\router\\lib\\layer.js:152:17)\n    at trimPrefix (D:\\Training\\Java\\java_backend\\node_modules\\router\\index.js:342:13)\n    at D:\\Training\\Java\\java_backend\\node_modules\\router\\index.js:297:9\n    at processParams (D:\\Training\\Java\\java_backend\\node_modules\\router\\index.js:582:12)\n    at next (D:\\Training\\Java\\java_backend\\node_modules\\router\\index.js:291:5)\n    at router.handle (D:\\Training\\Java\\java_backend\\node_modules\\router\\index.js:186:3)\n    at router (D:\\Training\\Java\\java_backend\\node_modules\\router\\index.js:60:12)\n    at Layer.handleRequest (D:\\Training\\Java\\java_backend\\node_modules\\router\\lib\\layer.js:152:17)","timestamp":"2026-09-21 13:26:03","userId":"unauthenticated"}
{"ip":"::ffff:192.168.1.3","level":"warn","message":"GET /api/categories/active 401 — 0ms","timestamp":"2026-09-21 13:26:03","userId":"-"}
{"level":"error","message":"[GET] /api/products?page=1&limit=100 — Access token expired","stack":"Error: Access token expired\n    at verifyAccessToken (D:\\Training\\Java\\java_backend\\utils\\jwt.js:25:13)\n    at authenticate (D:\\Training\\Java\\java_backend\\middlewares\\auth.js:11:21)\n    at Layer.handleRequest (D:\\Training\\Java\\java_backend\\node_modules\\router\\lib\\layer.js:152:17)\n    at trimPrefix (D:\\Training\\Java\\java_backend\\node_modules\\router\\index.js:342:13)\n    at D:\\Training\\Java\\java_backend\\node_modules\\router\\index.js:297:9\n    at processParams (D:\\Training\\Java\\java_backend\\node_modules\\router\\index.js:582:12)\n    at next (D:\\Training\\Java\\java_backend\\node_modules\\router\\index.js:291:5)\n    at router.handle (D:\\Training\\Java\\java_backend\\node_modules\\router\\index.js:186:3)\n    at router (D:\\Training\\Java\\java_backend\\node_modules\\router\\index.js:60:12)\n    at Layer.handleRequest (D:\\Training\\Java\\java_backend\\node_modules\\router\\lib\\layer.js:152:17)","timestamp":"2026-09-21 13:26:03","userId":"unauthenticated"}
{"ip":"::ffff:192.168.1.3","level":"warn","message":"GET /api/products?page=1&limit=100 401 — 1ms","timestamp":"2026-09-21 13:26:03","userId":"-"}
{"ip":"::ffff:192.168.1.3","level":"info","message":"POST /api/auth/refresh 200 — 71ms","timestamp":"2026-09-21 13:26:03","userId":"-"}
{"ip":"::ffff:192.168.1.3","level":"info","message":"GET /api/auth/me 200 — 3ms","timestamp":"2026-09-21 13:26:03","userId":"577dca8f-6f0e-4b76-8ee3-814b160a67bc"}
{"ip":"::ffff:192.168.1.3","level":"info","message":"GET /api/categories/active 200 — 6ms","timestamp":"2026-09-21 13:26:03","userId":"577dca8f-6f0e-4b76-8ee3-814b160a67bc"}
{"ip":"::ffff:192.168.1.3","level":"info","message":"GET /api/categories/active 200 — 2ms","timestamp":"2026-09-21 13:26:03","userId":"577dca8f-6f0e-4b76-8ee3-814b160a67bc"}
{"ip":"::ffff:192.168.1.3","level":"info","message":"GET /api/products?page=1&limit=100 200 — 20ms","timestamp":"2026-09-21 13:26:03","userId":"577dca8f-6f0e-4b76-8ee3-814b160a67bc"}
{"level":"error","message":"[Socket Auth Error] Access token expired","timestamp":"2026-09-21 13:26:03"}
{"ip":"::ffff:192.168.1.3","level":"info","message":"GET /api/products 200 — 8ms","timestamp":"2026-09-21 13:26:04","userId":"577dca8f-6f0e-4b76-8ee3-814b160a67bc"}
{"ip":"::ffff:192.168.1.3","level":"info","message":"GET /api/products 200 — 8ms","timestamp":"2026-09-21 13:26:04","userId":"577dca8f-6f0e-4b76-8ee3-814b160a67bc"}
{"ip":"::ffff:192.168.1.3","level":"info","message":"GET /api/flavors?page=1&limit=100 200 — 6ms","timestamp":"2026-09-21 13:26:04","userId":"577dca8f-6f0e-4b76-8ee3-814b160a67bc"}
{"ip":"::ffff:192.168.1.3","level":"info","message":"GET /api/flavors/active 200 — 4ms","timestamp":"2026-09-21 13:26:04","userId":"577dca8f-6f0e-4b76-8ee3-814b160a67bc"}
{"ip":"::ffff:192.168.1.3","level":"info","message":"GET /api/categories?page=1&limit=100 200 — 5ms","timestamp":"2026-09-21 13:26:04","userId":"577dca8f-6f0e-4b76-8ee3-814b160a67bc"}
{"ip":"::ffff:192.168.1.3","level":"info","message":"GET /api/flavors/active 200 — 3ms","timestamp":"2026-09-21 13:26:04","userId":"577dca8f-6f0e-4b76-8ee3-814b160a67bc"}
{"ip":"::ffff:192.168.1.3","level":"info","message":"GET /api/users?page=1&limit=100 200 — 8ms","timestamp":"2026-09-21 13:26:04","userId":"577dca8f-6f0e-4b76-8ee3-814b160a67bc"}
{"ip":"::ffff:192.168.1.3","level":"info","message":"GET /api/orders?page=1&limit=1 200 — 125ms","timestamp":"2026-09-21 13:26:04","userId":"577dca8f-6f0e-4b76-8ee3-814b160a67bc"}
{"ip":"::ffff:192.168.1.3","level":"info","message":"GET /api/orders?page=1&limit=1 200 — 21ms","timestamp":"2026-09-21 13:26:04","userId":"577dca8f-6f0e-4b76-8ee3-814b160a67bc"}
{"ip":"::ffff:192.168.1.3","level":"info","message":"GET /api/stock 200 — 44ms","timestamp":"2026-09-21 13:26:04","userId":"577dca8f-6f0e-4b76-8ee3-814b160a67bc"}
{"ip":"::ffff:192.168.1.3","level":"info","message":"GET /api/payment-numbers 200 — 18ms","timestamp":"2026-09-21 13:26:04","userId":"577dca8f-6f0e-4b76-8ee3-814b160a67bc"}
{"ip":"::ffff:192.168.1.3","level":"info","message":"GET /api/orders?page=1&limit=50 200 — 61ms","timestamp":"2026-09-21 13:26:14","userId":"577dca8f-6f0e-4b76-8ee3-814b160a67bc"}
{"level":"error","message":"[Socket Auth Error] Access token expired","timestamp":"2026-09-21 13:26:36"}
{"ip":"::ffff:192.168.1.4","level":"info","message":"POST /api/auth/logout 200 — 300ms","timestamp":"2026-09-21 13:26:40","userId":"577dca8f-6f0e-4b76-8ee3-814b160a67bc"}
{"ip":"::ffff:192.168.1.4","level":"info","message":"POST /api/auth/google 200 — 49ms","timestamp":"2026-09-21 13:26:44","userId":"-"}
{"ip":"::ffff:192.168.1.4","level":"info","message":"GET /api/categories/active 200 — 5ms","timestamp":"2026-09-21 13:26:44","userId":"204a6cff-6b89-43b0-bde0-1778236b7f14"}
{"level":"error","message":"[Socket Auth Error] Access token expired","timestamp":"2026-09-21 13:26:44"}
{"ip":"::ffff:192.168.1.4","level":"info","message":"GET /api/products 200 — 15ms","timestamp":"2026-09-21 13:26:44","userId":"204a6cff-6b89-43b0-bde0-1778236b7f14"}
{"ip":"::ffff:192.168.1.4","level":"info","message":"GET /api/flavors/active 200 — 2ms","timestamp":"2026-09-21 13:26:44","userId":"204a6cff-6b89-43b0-bde0-1778236b7f14"}
{"ip":"::ffff:192.168.1.4","level":"info","message":"GET /api/orders/my-orders?page=1&limit=1 200 — 13ms","timestamp":"2026-09-21 13:26:44","userId":"204a6cff-6b89-43b0-bde0-1778236b7f14"}
{"ip":"::ffff:192.168.1.4","level":"info","message":"GET /api/orders/my-orders?page=1&limit=50 200 — 38ms","timestamp":"2026-09-21 13:26:44","userId":"204a6cff-6b89-43b0-bde0-1778236b7f14"}
{"level":"error","message":"[Socket Auth Error] Access token expired","timestamp":"2026-09-21 13:26:49"}
{"ip":"::ffff:192.168.1.4","level":"info","message":"POST /api/orders 201 — 329ms","timestamp":"2026-09-21 13:27:05","userId":"204a6cff-6b89-43b0-bde0-1778236b7f14"}
{"ip":"::ffff:192.168.1.4","level":"info","message":"GET /api/orders/my-orders?page=1&limit=50 200 — 16ms","timestamp":"2026-09-21 13:27:05","userId":"204a6cff-6b89-43b0-bde0-1778236b7f14"}
{"ip":"::ffff:192.168.1.3","level":"info","message":"GET /api/orders?page=1&limit=50 200 — 33ms","timestamp":"2026-09-21 13:27:15","userId":"577dca8f-6f0e-4b76-8ee3-814b160a67bc"}
{"ip":"::ffff:192.168.1.3","level":"info","message":"GET /api/orders?page=1&limit=50 200 — 14ms","timestamp":"2026-09-21 13:27:20","userId":"577dca8f-6f0e-4b76-8ee3-814b160a67bc"}
{"ip":"::ffff:192.168.1.3","level":"info","message":"GET /api/orders?page=1&limit=50 200 — 9ms","timestamp":"2026-09-21 13:27:28","userId":"577dca8f-6f0e-4b76-8ee3-814b160a67bc"}
{"ip":"::ffff:192.168.1.3","level":"info","message":"GET /api/orders?page=1&limit=50 200 — 13ms","timestamp":"2026-09-21 13:27:32","userId":"577dca8f-6f0e-4b76-8ee3-814b160a67bc"}
{"ip":"::ffff:192.168.1.3","level":"info","message":"PATCH /api/orders/a11d4249-eeca-405b-9a16-9ad5dd96f5dc/status 200 — 70ms","timestamp":"2026-09-21 13:27:32","userId":"577dca8f-6f0e-4b76-8ee3-814b160a67bc"}
{"ip":"::ffff:192.168.1.3","level":"info","message":"GET /api/orders/a11d4249-eeca-405b-9a16-9ad5dd96f5dc 200 — 5ms","timestamp":"2026-09-21 13:27:33","userId":"577dca8f-6f0e-4b76-8ee3-814b160a67bc"}
{"ip":"::ffff:192.168.1.4","level":"info","message":"GET /api/orders/my-orders?page=1&limit=50 200 — 10ms","timestamp":"2026-09-21 13:27:38","userId":"204a6cff-6b89-43b0-bde0-1778236b7f14"}
{"ip":"::ffff:192.168.1.3","level":"info","message":"PATCH /api/orders/a11d4249-eeca-405b-9a16-9ad5dd96f5dc/status 200 — 12ms","timestamp":"2026-09-21 13:27:40","userId":"577dca8f-6f0e-4b76-8ee3-814b160a67bc"}
{"ip":"::ffff:192.168.1.3","level":"info","message":"GET /api/orders/a11d4249-eeca-405b-9a16-9ad5dd96f5dc 200 — 5ms","timestamp":"2026-09-21 13:27:40","userId":"577dca8f-6f0e-4b76-8ee3-814b160a67bc"}
{"ip":"::ffff:192.168.1.3","level":"info","message":"PATCH /api/orders/a11d4249-eeca-405b-9a16-9ad5dd96f5dc/status 200 — 16ms","timestamp":"2026-09-21 13:27:44","userId":"577dca8f-6f0e-4b76-8ee3-814b160a67bc"}
{"ip":"::ffff:192.168.1.3","level":"info","message":"GET /api/orders/a11d4249-eeca-405b-9a16-9ad5dd96f5dc 200 — 4ms","timestamp":"2026-09-21 13:27:44","userId":"577dca8f-6f0e-4b76-8ee3-814b160a67bc"}
{"ip":"::ffff:192.168.1.4","level":"info","message":"GET /api/orders/my-orders?page=1&limit=50 200 — 20ms","timestamp":"2026-09-21 13:27:45","userId":"204a6cff-6b89-43b0-bde0-1778236b7f14"}
{"ip":"::ffff:192.168.1.4","level":"info","message":"GET /api/orders/my-orders?page=1&limit=50 200 — 7ms","timestamp":"2026-09-21 13:27:51","userId":"204a6cff-6b89-43b0-bde0-1778236b7f14"}
{"ip":"::ffff:192.168.1.3","level":"info","message":"GET /api/orders?page=1&limit=50 200 — 13ms","timestamp":"2026-09-21 13:27:58","userId":"577dca8f-6f0e-4b76-8ee3-814b160a67bc"}
{"level":"error","message":"[Socket Auth Error] Access token expired","timestamp":"2026-09-21 13:29:10"}
{"level":"info","message":"✅ Socket.IO initialized","timestamp":"2026-09-21 13:31:48"}
{"level":"info","message":"✅ Database connected","timestamp":"2026-09-21 13:31:48"}
{"level":"info","message":"Java Cafe POS API running on port 3000 [development]","timestamp":"2026-09-21 13:31:48"}
{"level":"info","message":"SIGINT received — shutting down gracefully","timestamp":"2026-09-21 13:33:39"}
{"level":"info","message":"✅ Socket.IO initialized","timestamp":"2026-09-21 13:33:45"}
{"level":"info","message":"✅ Database connected","timestamp":"2026-09-21 13:33:45"}
{"level":"info","message":"Java Cafe POS API running on port 3000 [development]","timestamp":"2026-09-21 13:33:45"}
{"level":"info","message":"[Socket] Connected: NHzqRQG-iSAgjcq8AAAB | User: 577dca8f-6f0e-4b76-8ee3-814b160a67bc","timestamp":"2026-09-21 13:33:48"}
{"ip":"::ffff:192.168.1.3","level":"info","message":"GET /api/auth/me 200 — 90ms","timestamp":"2026-09-21 13:33:48","userId":"577dca8f-6f0e-4b76-8ee3-814b160a67bc"}
{"ip":"::ffff:192.168.1.3","level":"info","message":"GET /api/categories/active 200 — 91ms","timestamp":"2026-09-21 13:33:49","userId":"577dca8f-6f0e-4b76-8ee3-814b160a67bc"}
{"ip":"::ffff:192.168.1.3","level":"info","message":"GET /api/products?page=1&limit=100 200 — 117ms","timestamp":"2026-09-21 13:33:49","userId":"577dca8f-6f0e-4b76-8ee3-814b160a67bc"}
{"ip":"::ffff:192.168.1.3","level":"info","message":"GET /api/categories/active 200 — 227ms","timestamp":"2026-09-21 13:33:49","userId":"577dca8f-6f0e-4b76-8ee3-814b160a67bc"}
{"ip":"::ffff:192.168.1.3","level":"info","message":"GET /api/flavors?page=1&limit=100 200 — 16ms","timestamp":"2026-09-21 13:33:49","userId":"577dca8f-6f0e-4b76-8ee3-814b160a67bc"}
{"ip":"::ffff:192.168.1.3","level":"info","message":"GET /api/products 200 — 14ms","timestamp":"2026-09-21 13:33:49","userId":"577dca8f-6f0e-4b76-8ee3-814b160a67bc"}
{"ip":"::ffff:192.168.1.3","level":"info","message":"GET /api/products 200 — 23ms","timestamp":"2026-09-21 13:33:49","userId":"577dca8f-6f0e-4b76-8ee3-814b160a67bc"}
{"ip":"::ffff:192.168.1.3","level":"info","message":"GET /api/categories?page=1&limit=100 200 — 14ms","timestamp":"2026-09-21 13:33:49","userId":"577dca8f-6f0e-4b76-8ee3-814b160a67bc"}
{"ip":"::ffff:192.168.1.3","level":"info","message":"GET /api/flavors/active 200 — 10ms","timestamp":"2026-09-21 13:33:49","userId":"577dca8f-6f0e-4b76-8ee3-814b160a67bc"}
{"ip":"::ffff:192.168.1.3","level":"info","message":"GET /api/flavors/active 200 — 7ms","timestamp":"2026-09-21 13:33:49","userId":"577dca8f-6f0e-4b76-8ee3-814b160a67bc"}
{"ip":"::ffff:192.168.1.3","level":"info","message":"GET /api/users?page=1&limit=100 200 — 20ms","timestamp":"2026-09-21 13:33:49","userId":"577dca8f-6f0e-4b76-8ee3-814b160a67bc"}
{"ip":"::ffff:192.168.1.3","level":"info","message":"GET /api/orders?page=1&limit=1 200 — 30ms","timestamp":"2026-09-21 13:33:49","userId":"577dca8f-6f0e-4b76-8ee3-814b160a67bc"}
{"ip":"::ffff:192.168.1.3","level":"info","message":"GET /api/orders?page=1&limit=1 200 — 30ms","timestamp":"2026-09-21 13:33:49","userId":"577dca8f-6f0e-4b76-8ee3-814b160a67bc"}
{"ip":"::ffff:192.168.1.3","level":"info","message":"GET /api/stock 200 — 7ms","timestamp":"2026-09-21 13:33:50","userId":"577dca8f-6f0e-4b76-8ee3-814b160a67bc"}
{"ip":"::ffff:192.168.1.3","level":"info","message":"GET /api/payment-numbers 200 — 21ms","timestamp":"2026-09-21 13:33:50","userId":"577dca8f-6f0e-4b76-8ee3-814b160a67bc"}
{"ip":"::ffff:192.168.1.3","level":"info","message":"GET /api/orders?page=1&limit=50 200 — 15ms","timestamp":"2026-09-21 13:33:53","userId":"577dca8f-6f0e-4b76-8ee3-814b160a67bc"}
{"level":"info","message":"[Socket] Connected: KyyJIQXS_7L2XqF-AAAD | User: 204a6cff-6b89-43b0-bde0-1778236b7f14","timestamp":"2026-09-21 13:34:05"}
{"ip":"::ffff:192.168.1.4","level":"info","message":"GET /api/auth/me 200 — 40ms","timestamp":"2026-09-21 13:34:05","userId":"204a6cff-6b89-43b0-bde0-1778236b7f14"}
{"ip":"::ffff:192.168.1.4","level":"info","message":"GET /api/categories/active 200 — 41ms","timestamp":"2026-09-21 13:34:05","userId":"204a6cff-6b89-43b0-bde0-1778236b7f14"}
{"ip":"::ffff:192.168.1.4","level":"info","message":"GET /api/categories/active 200 — 3ms","timestamp":"2026-09-21 13:34:05","userId":"204a6cff-6b89-43b0-bde0-1778236b7f14"}
{"ip":"::ffff:192.168.1.4","level":"info","message":"GET /api/products 200 — 20ms","timestamp":"2026-09-21 13:34:05","userId":"204a6cff-6b89-43b0-bde0-1778236b7f14"}
{"ip":"::ffff:192.168.1.4","level":"info","message":"GET /api/flavors/active 200 — 7ms","timestamp":"2026-09-21 13:34:05","userId":"204a6cff-6b89-43b0-bde0-1778236b7f14"}
{"ip":"::ffff:192.168.1.4","level":"info","message":"GET /api/products 200 — 9ms","timestamp":"2026-09-21 13:34:05","userId":"204a6cff-6b89-43b0-bde0-1778236b7f14"}
{"ip":"::ffff:192.168.1.4","level":"info","message":"GET /api/flavors/active 200 — 3ms","timestamp":"2026-09-21 13:34:05","userId":"204a6cff-6b89-43b0-bde0-1778236b7f14"}
{"ip":"::ffff:192.168.1.4","level":"info","message":"GET /api/orders/my-orders?page=1&limit=1 200 — 22ms","timestamp":"2026-09-21 13:34:05","userId":"204a6cff-6b89-43b0-bde0-1778236b7f14"}
{"ip":"::ffff:192.168.1.4","level":"info","message":"GET /api/orders/my-orders?page=1&limit=1 200 — 6ms","timestamp":"2026-09-21 13:34:05","userId":"204a6cff-6b89-43b0-bde0-1778236b7f14"}
{"ip":"::ffff:192.168.1.4","level":"info","message":"GET /api/orders/my-orders?page=1&limit=50 200 — 13ms","timestamp":"2026-09-21 13:34:05","userId":"204a6cff-6b89-43b0-bde0-1778236b7f14"}
{"body":{"deliveryAddress":"المدينة - التعمير | Tel: 01025941259","discount":0,"items":[{"flavorIds":["a810ec55-da7e-4fa9-9a3b-7d4d8d006994"],"notes":null,"productId":"f81450b7-f188-4d2d-b61a-cc942d599b6d","quantity":1}],"notes":null,"orderType":"DELIVERY","paymentMethod":"CASH"},"level":"error","message":"[POST] /api/orders — logger is not defined","stack":"ReferenceError: logger is not defined\n    at OrderService.create (D:\\Training\\Java\\java_backend\\services\\order.service.js:254:7)\n    at process.processTicksAndRejections (node:internal/process/task_queues:104:5)\n    at async create (D:\\Training\\Java\\java_backend\\controllers\\index.js:285:21)","timestamp":"2026-09-21 13:34:34","userId":"204a6cff-6b89-43b0-bde0-1778236b7f14"}
{"ip":"::ffff:192.168.1.4","level":"error","message":"POST /api/orders 500 — 228ms","timestamp":"2026-09-21 13:34:34","userId":"204a6cff-6b89-43b0-bde0-1778236b7f14"}
{"body":{"deliveryAddress":"المدينة - التعمير | Tel: 01025941259","discount":0,"items":[{"flavorIds":["a810ec55-da7e-4fa9-9a3b-7d4d8d006994"],"notes":null,"productId":"f81450b7-f188-4d2d-b61a-cc942d599b6d","quantity":1}],"notes":null,"orderType":"DELIVERY","paymentMethod":"CASH"},"level":"error","message":"[POST] /api/orders — logger is not defined","stack":"ReferenceError: logger is not defined\n    at OrderService.create (D:\\Training\\Java\\java_backend\\services\\order.service.js:254:7)\n    at process.processTicksAndRejections (node:internal/process/task_queues:104:5)\n    at async create (D:\\Training\\Java\\java_backend\\controllers\\index.js:285:21)","timestamp":"2026-09-21 13:34:43","userId":"204a6cff-6b89-43b0-bde0-1778236b7f14"}
{"ip":"::ffff:192.168.1.4","level":"error","message":"POST /api/orders 500 — 29ms","timestamp":"2026-09-21 13:34:43","userId":"204a6cff-6b89-43b0-bde0-1778236b7f14"}
{"body":{"deliveryAddress":"المدينة - مساكن الري | Tel: 01025941259","discount":0,"items":[{"flavorIds":[],"notes":null,"productId":"d236048f-06b6-4f4a-8360-d199bc6e7240","quantity":1}],"notes":null,"orderType":"DELIVERY","paymentMethod":"CASH"},"level":"error","message":"[POST] /api/orders — logger is not defined","stack":"ReferenceError: logger is not defined\n    at OrderService.create (D:\\Training\\Java\\java_backend\\services\\order.service.js:254:7)\n    at process.processTicksAndRejections (node:internal/process/task_queues:104:5)\n    at async create (D:\\Training\\Java\\java_backend\\controllers\\index.js:285:21)","timestamp":"2026-09-21 13:35:05","userId":"204a6cff-6b89-43b0-bde0-1778236b7f14"}
{"ip":"::ffff:192.168.1.4","level":"error","message":"POST /api/orders 500 — 82ms","timestamp":"2026-09-21 13:35:05","userId":"204a6cff-6b89-43b0-bde0-1778236b7f14"}
{"level":"info","message":"[Socket] Disconnected: KyyJIQXS_7L2XqF-AAAD","timestamp":"2026-09-21 13:35:08"}
{"level":"info","message":"[Socket] Connected: XX6CrTVwajFWfzkPAAAF | User: 204a6cff-6b89-43b0-bde0-1778236b7f14","timestamp":"2026-09-21 13:35:12"}
{"ip":"::ffff:192.168.1.4","level":"info","message":"GET /api/auth/me 200 — 8ms","timestamp":"2026-09-21 13:35:12","userId":"204a6cff-6b89-43b0-bde0-1778236b7f14"}
{"ip":"::ffff:192.168.1.4","level":"info","message":"GET /api/categories/active 200 — 6ms","timestamp":"2026-09-21 13:35:12","userId":"204a6cff-6b89-43b0-bde0-1778236b7f14"}
{"ip":"::ffff:192.168.1.4","level":"info","message":"GET /api/products 200 — 13ms","timestamp":"2026-09-21 13:35:12","userId":"204a6cff-6b89-43b0-bde0-1778236b7f14"}
{"ip":"::ffff:192.168.1.4","level":"info","message":"GET /api/flavors/active 200 — 5ms","timestamp":"2026-09-21 13:35:12","userId":"204a6cff-6b89-43b0-bde0-1778236b7f14"}
{"ip":"::ffff:192.168.1.4","level":"info","message":"GET /api/categories/active 200 — 2ms","timestamp":"2026-09-21 13:35:12","userId":"204a6cff-6b89-43b0-bde0-1778236b7f14"}
{"ip":"::ffff:192.168.1.4","level":"info","message":"GET /api/orders/my-orders?page=1&limit=1 200 — 23ms","timestamp":"2026-09-21 13:35:12","userId":"204a6cff-6b89-43b0-bde0-1778236b7f14"}
{"ip":"::ffff:192.168.1.4","level":"info","message":"GET /api/products 200 — 56ms","timestamp":"2026-09-21 13:35:12","userId":"204a6cff-6b89-43b0-bde0-1778236b7f14"}
{"ip":"::ffff:192.168.1.4","level":"info","message":"GET /api/flavors/active 200 — 2ms","timestamp":"2026-09-21 13:35:12","userId":"204a6cff-6b89-43b0-bde0-1778236b7f14"}
{"ip":"::ffff:192.168.1.4","level":"info","message":"GET /api/orders/my-orders?page=1&limit=1 200 — 20ms","timestamp":"2026-09-21 13:35:13","userId":"204a6cff-6b89-43b0-bde0-1778236b7f14"}
{"ip":"::ffff:192.168.1.4","level":"info","message":"GET /api/orders/my-orders?page=1&limit=50 200 — 6ms","timestamp":"2026-09-21 13:35:13","userId":"204a6cff-6b89-43b0-bde0-1778236b7f14"}
{"ip":"::ffff:192.168.1.3","level":"info","message":"GET /api/orders?page=1&limit=50 200 — 17ms","timestamp":"2026-09-21 13:35:21","userId":"577dca8f-6f0e-4b76-8ee3-814b160a67bc"}
{"ip":"::ffff:192.168.1.4","level":"info","message":"PATCH /api/orders/df40fbb8-194c-42b7-b0b7-2304f999f131/status 200 — 132ms","timestamp":"2026-09-21 13:35:32","userId":"204a6cff-6b89-43b0-bde0-1778236b7f14"}
{"ip":"::ffff:192.168.1.4","level":"info","message":"PATCH /api/orders/c81dbabe-91d1-4c2f-9378-a76c8f3fc69c/status 200 — 46ms","timestamp":"2026-09-21 13:35:37","userId":"204a6cff-6b89-43b0-bde0-1778236b7f14"}
{"ip":"::ffff:192.168.1.4","level":"info","message":"PATCH /api/orders/b5e60c84-2bce-46b9-becf-caf8b1056737/status 200 — 51ms","timestamp":"2026-09-21 13:35:39","userId":"204a6cff-6b89-43b0-bde0-1778236b7f14"}
{"ip":"::ffff:192.168.1.3","level":"info","message":"GET /api/orders?page=1&limit=50 200 — 15ms","timestamp":"2026-09-21 13:35:46","userId":"577dca8f-6f0e-4b76-8ee3-814b160a67bc"}
{"ip":"::ffff:192.168.1.3","level":"info","message":"GET /api/orders?page=1&limit=50 200 — 11ms","timestamp":"2026-09-21 13:35:49","userId":"577dca8f-6f0e-4b76-8ee3-814b160a67bc"}
{"level":"info","message":"[Socket] Disconnected: XX6CrTVwajFWfzkPAAAF","timestamp":"2026-09-21 13:36:18"}
{"level":"info","message":"[Socket] Connected: r1sp4Ift6zvSP6tTAAAH | User: 204a6cff-6b89-43b0-bde0-1778236b7f14","timestamp":"2026-09-21 13:36:22"}
{"body":{"deliveryAddress":"المدينة - ال 75 | Tel: 01057275757","discount":0,"items":[{"flavorIds":[],"notes":null,"productId":"d236048f-06b6-4f4a-8360-d199bc6e7240","quantity":1}],"notes":null,"orderType":"DELIVERY","paymentMethod":"CASH"},"level":"error","message":"[POST] /api/orders — logger is not defined","stack":"ReferenceError: logger is not defined\n    at OrderService.create (D:\\Training\\Java\\java_backend\\services\\order.service.js:254:7)\n    at process.processTicksAndRejections (node:internal/process/task_queues:104:5)\n    at async create (D:\\Training\\Java\\java_backend\\controllers\\index.js:285:21)","timestamp":"2026-09-21 13:36:45","userId":"204a6cff-6b89-43b0-bde0-1778236b7f14"}
{"ip":"::ffff:192.168.1.4","level":"error","message":"POST /api/orders 500 — 79ms","timestamp":"2026-09-21 13:36:45","userId":"204a6cff-6b89-43b0-bde0-1778236b7f14"}
{"level":"info","message":"[Socket] Disconnected: r1sp4Ift6zvSP6tTAAAH","timestamp":"2026-09-21 13:37:40"}
{"ip":"::ffff:192.168.1.3","level":"info","message":"GET /api/orders?page=1&limit=50 200 — 61ms","timestamp":"2026-09-21 13:38:19","userId":"577dca8f-6f0e-4b76-8ee3-814b160a67bc"}
{"ip":"::ffff:192.168.1.3","level":"info","message":"GET /api/orders?page=1&limit=50 200 — 12ms","timestamp":"2026-09-21 13:38:21","userId":"577dca8f-6f0e-4b76-8ee3-814b160a67bc"}
{"ip":"::ffff:192.168.1.3","level":"info","message":"PATCH /api/orders/cd576f33-c02a-4d0a-b157-848098760b36/status 200 — 159ms","timestamp":"2026-09-21 13:38:25","userId":"577dca8f-6f0e-4b76-8ee3-814b160a67bc"}
{"ip":"::ffff:192.168.1.3","level":"info","message":"GET /api/orders/cd576f33-c02a-4d0a-b157-848098760b36 200 — 10ms","timestamp":"2026-09-21 13:38:25","userId":"577dca8f-6f0e-4b76-8ee3-814b160a67bc"}
{"level":"info","message":"[Socket] Connected: ZHuC6omWOIXSWhW1AAAJ | User: 204a6cff-6b89-43b0-bde0-1778236b7f14","timestamp":"2026-09-21 13:38:32"}
{"ip":"::ffff:192.168.1.4","level":"info","message":"GET /api/orders/my-orders?page=1&limit=50 200 — 14ms","timestamp":"2026-09-21 13:38:33","userId":"204a6cff-6b89-43b0-bde0-1778236b7f14"}
{"level":"info","message":"[Socket] Disconnected: ZHuC6omWOIXSWhW1AAAJ","timestamp":"2026-09-21 13:38:46"}
{"ip":"::ffff:192.168.1.3","level":"info","message":"GET /api/orders?page=1&limit=50 200 — 66ms","timestamp":"2026-09-21 13:38:59","userId":"577dca8f-6f0e-4b76-8ee3-814b160a67bc"}
{"level":"info","message":"✅ Socket.IO initialized","timestamp":"2026-09-21 13:39:16"}
{"level":"info","message":"✅ Database connected","timestamp":"2026-09-21 13:39:16"}
{"level":"info","message":"Java Cafe POS API running on port 3000 [development]","timestamp":"2026-09-21 13:39:16"}
{"level":"info","message":"[Socket] Connected: qwesmG964NLKmziBAAAB | User: 577dca8f-6f0e-4b76-8ee3-814b160a67bc","timestamp":"2026-09-21 13:39:18"}
{"level":"info","message":"✅ Socket.IO initialized","timestamp":"2026-09-21 13:39:31"}
{"level":"info","message":"✅ Database connected","timestamp":"2026-09-21 13:39:31"}
{"level":"info","message":"Java Cafe POS API running on port 3000 [development]","timestamp":"2026-09-21 13:39:31"}
{"level":"info","message":"[Socket] Connected: Xw4MKhVb8nFBcI9FAAAB | User: 577dca8f-6f0e-4b76-8ee3-814b160a67bc","timestamp":"2026-09-21 13:39:31"}
{"level":"info","message":"[Socket] Connected: o2OTll5jLWGz8IhkAAAD | User: 204a6cff-6b89-43b0-bde0-1778236b7f14","timestamp":"2026-09-21 13:40:33"}
{"level":"info","message":"[Socket] Disconnected: o2OTll5jLWGz8IhkAAAD","timestamp":"2026-09-21 13:40:41"}
{"level":"info","message":"[Socket] Disconnected: Xw4MKhVb8nFBcI9FAAAB","timestamp":"2026-09-21 13:42:22"}
{"level":"info","message":"SIGINT received — shutting down gracefully","timestamp":"2026-09-21 13:42:23"}
{"level":"info","message":"✅ Socket.IO initialized","timestamp":"2026-09-21 13:42:26"}
{"level":"info","message":"✅ Database connected","timestamp":"2026-09-21 13:42:27"}
{"level":"info","message":"Java Cafe POS API running on port 3000 [development]","timestamp":"2026-09-21 13:42:27"}
{"level":"error","message":"[Socket Auth Error] Access token expired","timestamp":"2026-09-21 13:42:40"}
{"level":"error","message":"[GET] /api/auth/me — Access token expired","stack":"Error: Access token expired\n    at verifyAccessToken (D:\\Training\\Java\\java_backend\\utils\\jwt.js:25:13)\n    at authenticate (D:\\Training\\Java\\java_backend\\middlewares\\auth.js:11:21)\n    at Layer.handleRequest (D:\\Training\\Java\\java_backend\\node_modules\\router\\lib\\layer.js:152:17)\n    at next (D:\\Training\\Java\\java_backend\\node_modules\\router\\lib\\route.js:157:13)\n    at Route.dispatch (D:\\Training\\Java\\java_backend\\node_modules\\router\\lib\\route.js:117:3)\n    at handle (D:\\Training\\Java\\java_backend\\node_modules\\router\\index.js:435:11)\n    at Layer.handleRequest (D:\\Training\\Java\\java_backend\\node_modules\\router\\lib\\layer.js:152:17)\n    at D:\\Training\\Java\\java_backend\\node_modules\\router\\index.js:295:15\n    at processParams (D:\\Training\\Java\\java_backend\\node_modules\\router\\index.js:582:12)\n    at next (D:\\Training\\Java\\java_backend\\node_modules\\router\\index.js:291:5)","timestamp":"2026-09-21 13:42:40","userId":"unauthenticated"}
{"ip":"::ffff:192.168.1.4","level":"warn","message":"GET /api/auth/me 401 — 11ms","timestamp":"2026-09-21 13:42:40","userId":"-"}
{"level":"error","message":"[GET] /api/categories/active — Access token expired","stack":"Error: Access token expired\n    at verifyAccessToken (D:\\Training\\Java\\java_backend\\utils\\jwt.js:25:13)\n    at authenticate (D:\\Training\\Java\\java_backend\\middlewares\\auth.js:11:21)\n    at Layer.handleRequest (D:\\Training\\Java\\java_backend\\node_modules\\router\\lib\\layer.js:152:17)\n    at trimPrefix (D:\\Training\\Java\\java_backend\\node_modules\\router\\index.js:342:13)\n    at D:\\Training\\Java\\java_backend\\node_modules\\router\\index.js:297:9\n    at processParams (D:\\Training\\Java\\java_backend\\node_modules\\router\\index.js:582:12)\n    at next (D:\\Training\\Java\\java_backend\\node_modules\\router\\index.js:291:5)\n    at router.handle (D:\\Training\\Java\\java_backend\\node_modules\\router\\index.js:186:3)\n    at router (D:\\Training\\Java\\java_backend\\node_modules\\router\\index.js:60:12)\n    at Layer.handleRequest (D:\\Training\\Java\\java_backend\\node_modules\\router\\lib\\layer.js:152:17)","timestamp":"2026-09-21 13:42:40","userId":"unauthenticated"}
{"ip":"::ffff:192.168.1.4","level":"warn","message":"GET /api/categories/active 401 — 2ms","timestamp":"2026-09-21 13:42:40","userId":"-"}
{"level":"error","message":"[Socket Auth Error] Access token expired","timestamp":"2026-09-21 13:42:40"}
{"level":"error","message":"[GET] /api/categories/active — Access token expired","stack":"Error: Access token expired\n    at verifyAccessToken (D:\\Training\\Java\\java_backend\\utils\\jwt.js:25:13)\n    at authenticate (D:\\Training\\Java\\java_backend\\middlewares\\auth.js:11:21)\n    at Layer.handleRequest (D:\\Training\\Java\\java_backend\\node_modules\\router\\lib\\layer.js:152:17)\n    at trimPrefix (D:\\Training\\Java\\java_backend\\node_modules\\router\\index.js:342:13)\n    at D:\\Training\\Java\\java_backend\\node_modules\\router\\index.js:297:9\n    at processParams (D:\\Training\\Java\\java_backend\\node_modules\\router\\index.js:582:12)\n    at next (D:\\Training\\Java\\java_backend\\node_modules\\router\\index.js:291:5)\n    at router.handle (D:\\Training\\Java\\java_backend\\node_modules\\router\\index.js:186:3)\n    at router (D:\\Training\\Java\\java_backend\\node_modules\\router\\index.js:60:12)\n    at Layer.handleRequest (D:\\Training\\Java\\java_backend\\node_modules\\router\\lib\\layer.js:152:17)","timestamp":"2026-09-21 13:42:40","userId":"unauthenticated"}
{"ip":"::ffff:192.168.1.4","level":"warn","message":"GET /api/categories/active 401 — 1ms","timestamp":"2026-09-21 13:42:40","userId":"-"}
{"ip":"::ffff:192.168.1.4","level":"info","message":"POST /api/auth/refresh 200 — 239ms","timestamp":"2026-09-21 13:42:40","userId":"-"}
{"ip":"::ffff:192.168.1.4","level":"info","message":"GET /api/auth/me 200 — 14ms","timestamp":"2026-09-21 13:42:40","userId":"204a6cff-6b89-43b0-bde0-1778236b7f14"}
{"ip":"::ffff:192.168.1.4","level":"info","message":"GET /api/categories/active 200 — 55ms","timestamp":"2026-09-21 13:42:40","userId":"204a6cff-6b89-43b0-bde0-1778236b7f14"}
{"ip":"::ffff:192.168.1.4","level":"info","message":"GET /api/categories/active 200 — 54ms","timestamp":"2026-09-21 13:42:40","userId":"204a6cff-6b89-43b0-bde0-1778236b7f14"}
{"level":"error","message":"[Socket Auth Error] Access token expired","timestamp":"2026-09-21 13:42:41"}
{"ip":"::ffff:192.168.1.4","level":"info","message":"GET /api/products 200 — 50ms","timestamp":"2026-09-21 13:42:41","userId":"204a6cff-6b89-43b0-bde0-1778236b7f14"}
{"ip":"::ffff:192.168.1.4","level":"info","message":"GET /api/products 200 — 48ms","timestamp":"2026-09-21 13:42:41","userId":"204a6cff-6b89-43b0-bde0-1778236b7f14"}
{"ip":"::ffff:192.168.1.4","level":"info","message":"GET /api/flavors/active 200 — 6ms","timestamp":"2026-09-21 13:42:41","userId":"204a6cff-6b89-43b0-bde0-1778236b7f14"}
{"ip":"::ffff:192.168.1.4","level":"info","message":"GET /api/flavors/active 200 — 5ms","timestamp":"2026-09-21 13:42:41","userId":"204a6cff-6b89-43b0-bde0-1778236b7f14"}
{"ip":"::ffff:192.168.1.4","level":"info","message":"GET /api/orders/my-orders?page=1&limit=1 200 — 22ms","timestamp":"2026-09-21 13:42:41","userId":"204a6cff-6b89-43b0-bde0-1778236b7f14"}
{"ip":"::ffff:192.168.1.4","level":"info","message":"GET /api/orders/my-orders?page=1&limit=1 200 — 19ms","timestamp":"2026-09-21 13:42:41","userId":"204a6cff-6b89-43b0-bde0-1778236b7f14"}
{"ip":"::ffff:192.168.1.4","level":"info","message":"GET /api/orders/my-orders?page=1&limit=50 200 — 14ms","timestamp":"2026-09-21 13:42:41","userId":"204a6cff-6b89-43b0-bde0-1778236b7f14"}
{"level":"error","message":"[Socket Auth Error] Access token expired","timestamp":"2026-09-21 13:43:01"}
{"level":"error","message":"[GET] /api/auth/me — Access token expired","stack":"Error: Access token expired\n    at verifyAccessToken (D:\\Training\\Java\\java_backend\\utils\\jwt.js:25:13)\n    at authenticate (D:\\Training\\Java\\java_backend\\middlewares\\auth.js:11:21)\n    at Layer.handleRequest (D:\\Training\\Java\\java_backend\\node_modules\\router\\lib\\layer.js:152:17)\n    at next (D:\\Training\\Java\\java_backend\\node_modules\\router\\lib\\route.js:157:13)\n    at Route.dispatch (D:\\Training\\Java\\java_backend\\node_modules\\router\\lib\\route.js:117:3)\n    at handle (D:\\Training\\Java\\java_backend\\node_modules\\router\\index.js:435:11)\n    at Layer.handleRequest (D:\\Training\\Java\\java_backend\\node_modules\\router\\lib\\layer.js:152:17)\n    at D:\\Training\\Java\\java_backend\\node_modules\\router\\index.js:295:15\n    at processParams (D:\\Training\\Java\\java_backend\\node_modules\\router\\index.js:582:12)\n    at next (D:\\Training\\Java\\java_backend\\node_modules\\router\\index.js:291:5)","timestamp":"2026-09-21 13:43:01","userId":"unauthenticated"}
{"ip":"::ffff:192.168.1.3","level":"warn","message":"GET /api/auth/me 401 — 2ms","timestamp":"2026-09-21 13:43:01","userId":"-"}
{"level":"error","message":"[GET] /api/categories/active — Access token expired","stack":"Error: Access token expired\n    at verifyAccessToken (D:\\Training\\Java\\java_backend\\utils\\jwt.js:25:13)\n    at authenticate (D:\\Training\\Java\\java_backend\\middlewares\\auth.js:11:21)\n    at Layer.handleRequest (D:\\Training\\Java\\java_backend\\node_modules\\router\\lib\\layer.js:152:17)\n    at trimPrefix (D:\\Training\\Java\\java_backend\\node_modules\\router\\index.js:342:13)\n    at D:\\Training\\Java\\java_backend\\node_modules\\router\\index.js:297:9\n    at processParams (D:\\Training\\Java\\java_backend\\node_modules\\router\\index.js:582:12)\n    at next (D:\\Training\\Java\\java_backend\\node_modules\\router\\index.js:291:5)\n    at router.handle (D:\\Training\\Java\\java_backend\\node_modules\\router\\index.js:186:3)\n    at router (D:\\Training\\Java\\java_backend\\node_modules\\router\\index.js:60:12)\n    at Layer.handleRequest (D:\\Training\\Java\\java_backend\\node_modules\\router\\lib\\layer.js:152:17)","timestamp":"2026-09-21 13:43:01","userId":"unauthenticated"}
{"ip":"::ffff:192.168.1.3","level":"warn","message":"GET /api/categories/active 401 — 2ms","timestamp":"2026-09-21 13:43:01","userId":"-"}
{"level":"error","message":"[GET] /api/categories/active — Access token expired","stack":"Error: Access token expired\n    at verifyAccessToken (D:\\Training\\Java\\java_backend\\utils\\jwt.js:25:13)\n    at authenticate (D:\\Training\\Java\\java_backend\\middlewares\\auth.js:11:21)\n    at Layer.handleRequest (D:\\Training\\Java\\java_backend\\node_modules\\router\\lib\\layer.js:152:17)\n    at trimPrefix (D:\\Training\\Java\\java_backend\\node_modules\\router\\index.js:342:13)\n    at D:\\Training\\Java\\java_backend\\node_modules\\router\\index.js:297:9\n    at processParams (D:\\Training\\Java\\java_backend\\node_modules\\router\\index.js:582:12)\n    at next (D:\\Training\\Java\\java_backend\\node_modules\\router\\index.js:291:5)\n    at router.handle (D:\\Training\\Java\\java_backend\\node_modules\\router\\index.js:186:3)\n    at router (D:\\Training\\Java\\java_backend\\node_modules\\router\\index.js:60:12)\n    at Layer.handleRequest (D:\\Training\\Java\\java_backend\\node_modules\\router\\lib\\layer.js:152:17)","timestamp":"2026-09-21 13:43:01","userId":"unauthenticated"}
{"ip":"::ffff:192.168.1.3","level":"warn","message":"GET /api/categories/active 401 — 1ms","timestamp":"2026-09-21 13:43:01","userId":"-"}
{"level":"error","message":"[GET] /api/products?page=1&limit=100 — Access token expired","stack":"Error: Access token expired\n    at verifyAccessToken (D:\\Training\\Java\\java_backend\\utils\\jwt.js:25:13)\n    at authenticate (D:\\Training\\Java\\java_backend\\middlewares\\auth.js:11:21)\n    at Layer.handleRequest (D:\\Training\\Java\\java_backend\\node_modules\\router\\lib\\layer.js:152:17)\n    at trimPrefix (D:\\Training\\Java\\java_backend\\node_modules\\router\\index.js:342:13)\n    at D:\\Training\\Java\\java_backend\\node_modules\\router\\index.js:297:9\n    at processParams (D:\\Training\\Java\\java_backend\\node_modules\\router\\index.js:582:12)\n    at next (D:\\Training\\Java\\java_backend\\node_modules\\router\\index.js:291:5)\n    at router.handle (D:\\Training\\Java\\java_backend\\node_modules\\router\\index.js:186:3)\n    at router (D:\\Training\\Java\\java_backend\\node_modules\\router\\index.js:60:12)\n    at Layer.handleRequest (D:\\Training\\Java\\java_backend\\node_modules\\router\\lib\\layer.js:152:17)","timestamp":"2026-09-21 13:43:01","userId":"unauthenticated"}
{"ip":"::ffff:192.168.1.3","level":"warn","message":"GET /api/products?page=1&limit=100 401 — 2ms","timestamp":"2026-09-21 13:43:01","userId":"-"}
{"ip":"::ffff:192.168.1.3","level":"info","message":"POST /api/auth/refresh 200 — 78ms","timestamp":"2026-09-21 13:43:01","userId":"-"}
{"ip":"::ffff:192.168.1.3","level":"info","message":"GET /api/auth/me 200 — 3ms","timestamp":"2026-09-21 13:43:01","userId":"577dca8f-6f0e-4b76-8ee3-814b160a67bc"}
{"ip":"::ffff:192.168.1.3","level":"info","message":"GET /api/categories/active 200 — 6ms","timestamp":"2026-09-21 13:43:01","userId":"577dca8f-6f0e-4b76-8ee3-814b160a67bc"}
{"ip":"::ffff:192.168.1.3","level":"info","message":"GET /api/categories/active 200 — 5ms","timestamp":"2026-09-21 13:43:01","userId":"577dca8f-6f0e-4b76-8ee3-814b160a67bc"}
{"ip":"::ffff:192.168.1.3","level":"info","message":"GET /api/products?page=1&limit=100 200 — 22ms","timestamp":"2026-09-21 13:43:01","userId":"577dca8f-6f0e-4b76-8ee3-814b160a67bc"}
{"level":"error","message":"[Socket Auth Error] Access token expired","timestamp":"2026-09-21 13:43:02"}
{"ip":"::ffff:192.168.1.3","level":"info","message":"GET /api/products 200 — 11ms","timestamp":"2026-09-21 13:43:02","userId":"577dca8f-6f0e-4b76-8ee3-814b160a67bc"}
{"ip":"::ffff:192.168.1.3","level":"info","message":"GET /api/products 200 — 9ms","timestamp":"2026-09-21 13:43:02","userId":"577dca8f-6f0e-4b76-8ee3-814b160a67bc"}
{"ip":"::ffff:192.168.1.3","level":"info","message":"GET /api/flavors?page=1&limit=100 200 — 14ms","timestamp":"2026-09-21 13:43:02","userId":"577dca8f-6f0e-4b76-8ee3-814b160a67bc"}
{"ip":"::ffff:192.168.1.3","level":"info","message":"GET /api/flavors/active 200 — 7ms","timestamp":"2026-09-21 13:43:02","userId":"577dca8f-6f0e-4b76-8ee3-814b160a67bc"}
{"ip":"::ffff:192.168.1.3","level":"info","message":"GET /api/flavors/active 200 — 6ms","timestamp":"2026-09-21 13:43:02","userId":"577dca8f-6f0e-4b76-8ee3-814b160a67bc"}
{"ip":"::ffff:192.168.1.3","level":"info","message":"GET /api/categories?page=1&limit=100 200 — 6ms","timestamp":"2026-09-21 13:43:02","userId":"577dca8f-6f0e-4b76-8ee3-814b160a67bc"}
{"ip":"::ffff:192.168.1.3","level":"info","message":"GET /api/orders?page=1&limit=1 200 — 29ms","timestamp":"2026-09-21 13:43:02","userId":"577dca8f-6f0e-4b76-8ee3-814b160a67bc"}
{"ip":"::ffff:192.168.1.3","level":"info","message":"GET /api/users?page=1&limit=100 200 — 62ms","timestamp":"2026-09-21 13:43:02","userId":"577dca8f-6f0e-4b76-8ee3-814b160a67bc"}
{"ip":"::ffff:192.168.1.3","level":"info","message":"GET /api/orders?page=1&limit=1 200 — 106ms","timestamp":"2026-09-21 13:43:02","userId":"577dca8f-6f0e-4b76-8ee3-814b160a67bc"}
{"ip":"::ffff:192.168.1.3","level":"info","message":"GET /api/stock 200 — 6ms","timestamp":"2026-09-21 13:43:02","userId":"577dca8f-6f0e-4b76-8ee3-814b160a67bc"}
{"ip":"::ffff:192.168.1.3","level":"info","message":"GET /api/payment-numbers 200 — 10ms","timestamp":"2026-09-21 13:43:02","userId":"577dca8f-6f0e-4b76-8ee3-814b160a67bc"}
{"level":"info","message":"SIGINT received — shutting down gracefully","timestamp":"2026-09-21 13:45:05"}
{"level":"info","message":"✅ Socket.IO initialized","timestamp":"2026-09-21 13:45:07"}
{"level":"info","message":"✅ Database connected","timestamp":"2026-09-21 13:45:07"}
{"level":"info","message":"Java Cafe POS API running on port 3000 [development]","timestamp":"2026-09-21 13:45:07"}
{"level":"error","message":"[Socket Auth Error] Access token expired","timestamp":"2026-09-21 13:45:41"}
{"ip":"::ffff:192.168.1.4","level":"info","message":"POST /api/auth/logout 200 — 133ms","timestamp":"2026-09-21 13:45:55","userId":"204a6cff-6b89-43b0-bde0-1778236b7f14"}
{"level":"info","message":"[Socket] Connected: JyU3ovUW9Kw_-MDoAAAD | User: 577dca8f-6f0e-4b76-8ee3-814b160a67bc","timestamp":"2026-09-21 13:46:07"}
{"ip":"::ffff:192.168.1.3","level":"info","message":"GET /api/auth/me 200 — 58ms","timestamp":"2026-09-21 13:46:07","userId":"577dca8f-6f0e-4b76-8ee3-814b160a67bc"}
{"ip":"::ffff:192.168.1.3","level":"info","message":"GET /api/categories/active 200 — 74ms","timestamp":"2026-09-21 13:46:07","userId":"577dca8f-6f0e-4b76-8ee3-814b160a67bc"}
{"ip":"::ffff:192.168.1.3","level":"info","message":"GET /api/products?page=1&limit=100 200 — 39ms","timestamp":"2026-09-21 13:46:07","userId":"577dca8f-6f0e-4b76-8ee3-814b160a67bc"}
{"ip":"::ffff:192.168.1.3","level":"info","message":"GET /api/categories/active 200 — 152ms","timestamp":"2026-09-21 13:46:07","userId":"577dca8f-6f0e-4b76-8ee3-814b160a67bc"}
{"ip":"::ffff:192.168.1.3","level":"info","message":"GET /api/products 200 — 15ms","timestamp":"2026-09-21 13:46:07","userId":"577dca8f-6f0e-4b76-8ee3-814b160a67bc"}
{"ip":"::ffff:192.168.1.3","level":"info","message":"GET /api/flavors?page=1&limit=100 200 — 18ms","timestamp":"2026-09-21 13:46:07","userId":"577dca8f-6f0e-4b76-8ee3-814b160a67bc"}
{"ip":"::ffff:192.168.1.3","level":"info","message":"GET /api/products 200 — 26ms","timestamp":"2026-09-21 13:46:08","userId":"577dca8f-6f0e-4b76-8ee3-814b160a67bc"}
{"ip":"::ffff:192.168.1.3","level":"info","message":"GET /api/flavors/active 200 — 8ms","timestamp":"2026-09-21 13:46:08","userId":"577dca8f-6f0e-4b76-8ee3-814b160a67bc"}
{"ip":"::ffff:192.168.1.3","level":"info","message":"GET /api/categories?page=1&limit=100 200 — 10ms","timestamp":"2026-09-21 13:46:08","userId":"577dca8f-6f0e-4b76-8ee3-814b160a67bc"}
{"ip":"::ffff:192.168.1.3","level":"info","message":"GET /api/flavors/active 200 — 3ms","timestamp":"2026-09-21 13:46:08","userId":"577dca8f-6f0e-4b76-8ee3-814b160a67bc"}
{"ip":"::ffff:192.168.1.3","level":"info","message":"GET /api/users?page=1&limit=100 200 — 11ms","timestamp":"2026-09-21 13:46:08","userId":"577dca8f-6f0e-4b76-8ee3-814b160a67bc"}
{"ip":"::ffff:192.168.1.3","level":"info","message":"GET /api/orders?page=1&limit=1 200 — 20ms","timestamp":"2026-09-21 13:46:08","userId":"577dca8f-6f0e-4b76-8ee3-814b160a67bc"}
{"ip":"::ffff:192.168.1.3","level":"info","message":"GET /api/orders?page=1&limit=1 200 — 28ms","timestamp":"2026-09-21 13:46:08","userId":"577dca8f-6f0e-4b76-8ee3-814b160a67bc"}
{"ip":"::ffff:192.168.1.3","level":"info","message":"GET /api/stock 200 — 7ms","timestamp":"2026-09-21 13:46:08","userId":"577dca8f-6f0e-4b76-8ee3-814b160a67bc"}
{"ip":"::ffff:192.168.1.3","level":"info","message":"GET /api/payment-numbers 200 — 12ms","timestamp":"2026-09-21 13:46:08","userId":"577dca8f-6f0e-4b76-8ee3-814b160a67bc"}
{"ip":"::ffff:192.168.1.4","level":"info","message":"POST /api/auth/google 200 — 470ms","timestamp":"2026-09-21 13:46:21","userId":"-"}
{"ip":"::ffff:192.168.1.4","level":"info","message":"GET /api/categories/active 200 — 21ms","timestamp":"2026-09-21 13:46:21","userId":"204a6cff-6b89-43b0-bde0-1778236b7f14"}
{"level":"error","message":"[Socket Auth Error] Access token expired","timestamp":"2026-09-21 13:46:21"}
{"ip":"::ffff:192.168.1.4","level":"info","message":"GET /api/products 200 — 31ms","timestamp":"2026-09-21 13:46:21","userId":"204a6cff-6b89-43b0-bde0-1778236b7f14"}
{"ip":"::ffff:192.168.1.4","level":"info","message":"GET /api/orders/my-orders?page=1&limit=50 200 — 26ms","timestamp":"2026-09-21 13:46:21","userId":"204a6cff-6b89-43b0-bde0-1778236b7f14"}
{"ip":"::ffff:192.168.1.4","level":"info","message":"GET /api/flavors/active 200 — 42ms","timestamp":"2026-09-21 13:46:21","userId":"204a6cff-6b89-43b0-bde0-1778236b7f14"}
{"ip":"::ffff:192.168.1.4","level":"info","message":"GET /api/orders/my-orders?page=1&limit=1 200 — 17ms","timestamp":"2026-09-21 13:46:21","userId":"204a6cff-6b89-43b0-bde0-1778236b7f14"}
{"ip":"::ffff:192.168.1.3","level":"info","message":"GET /api/orders?page=1&limit=50 200 — 111ms","timestamp":"2026-09-21 13:46:51","userId":"577dca8f-6f0e-4b76-8ee3-814b160a67bc"}
{"ip":"::ffff:192.168.1.3","level":"info","message":"POST /api/auth/logout 200 — 34ms","timestamp":"2026-09-21 13:46:54","userId":"577dca8f-6f0e-4b76-8ee3-814b160a67bc"}
{"level":"info","message":"[Socket] Disconnected: JyU3ovUW9Kw_-MDoAAAD","timestamp":"2026-09-21 13:46:54"}
{"ip":"::ffff:192.168.1.3","level":"info","message":"POST /api/auth/login 200 — 466ms","timestamp":"2026-09-21 13:47:35","userId":"-"}
{"ip":"::ffff:192.168.1.3","level":"info","message":"GET /api/categories/active 200 — 6ms","timestamp":"2026-09-21 13:47:36","userId":"577dca8f-6f0e-4b76-8ee3-814b160a67bc"}
{"level":"info","message":"[Socket] Connected: 4dWeDaFbPAUmYv-sAAAH | User: 577dca8f-6f0e-4b76-8ee3-814b160a67bc","timestamp":"2026-09-21 13:47:36"}
{"ip":"::ffff:192.168.1.3","level":"info","message":"GET /api/products?page=1&limit=100 200 — 16ms","timestamp":"2026-09-21 13:47:36","userId":"577dca8f-6f0e-4b76-8ee3-814b160a67bc"}
{"ip":"::ffff:192.168.1.3","level":"info","message":"GET /api/products 200 — 26ms","timestamp":"2026-09-21 13:47:36","userId":"577dca8f-6f0e-4b76-8ee3-814b160a67bc"}
{"ip":"::ffff:192.168.1.3","level":"info","message":"GET /api/flavors?page=1&limit=100 200 — 55ms","timestamp":"2026-09-21 13:47:36","userId":"577dca8f-6f0e-4b76-8ee3-814b160a67bc"}
{"ip":"::ffff:192.168.1.3","level":"info","message":"GET /api/flavors/active 200 — 3ms","timestamp":"2026-09-21 13:47:36","userId":"577dca8f-6f0e-4b76-8ee3-814b160a67bc"}
{"ip":"::ffff:192.168.1.3","level":"info","message":"GET /api/categories?page=1&limit=100 200 — 5ms","timestamp":"2026-09-21 13:47:36","userId":"577dca8f-6f0e-4b76-8ee3-814b160a67bc"}
{"ip":"::ffff:192.168.1.3","level":"info","message":"GET /api/orders?page=1&limit=1 200 — 16ms","timestamp":"2026-09-21 13:47:36","userId":"577dca8f-6f0e-4b76-8ee3-814b160a67bc"}
{"ip":"::ffff:192.168.1.3","level":"info","message":"GET /api/users?page=1&limit=100 200 — 4ms","timestamp":"2026-09-21 13:47:36","userId":"577dca8f-6f0e-4b76-8ee3-814b160a67bc"}
{"ip":"::ffff:192.168.1.3","level":"info","message":"GET /api/stock 200 — 6ms","timestamp":"2026-09-21 13:47:36","userId":"577dca8f-6f0e-4b76-8ee3-814b160a67bc"}
{"ip":"::ffff:192.168.1.3","level":"info","message":"GET /api/payment-numbers 200 — 21ms","timestamp":"2026-09-21 13:47:36","userId":"577dca8f-6f0e-4b76-8ee3-814b160a67bc"}
{"level":"info","message":"[Socket] Connected: fcYI8kbIcFXielYcAAAJ | User: 204a6cff-6b89-43b0-bde0-1778236b7f14","timestamp":"2026-09-21 13:47:43"}
{"ip":"::ffff:192.168.1.4","level":"info","message":"GET /api/auth/me 200 — 3ms","timestamp":"2026-09-21 13:47:43","userId":"204a6cff-6b89-43b0-bde0-1778236b7f14"}
{"ip":"::ffff:192.168.1.4","level":"info","message":"GET /api/categories/active 200 — 3ms","timestamp":"2026-09-21 13:47:43","userId":"204a6cff-6b89-43b0-bde0-1778236b7f14"}
{"ip":"::ffff:192.168.1.4","level":"info","message":"GET /api/products 200 — 10ms","timestamp":"2026-09-21 13:47:43","userId":"204a6cff-6b89-43b0-bde0-1778236b7f14"}
{"ip":"::ffff:192.168.1.4","level":"info","message":"GET /api/categories/active 200 — 3ms","timestamp":"2026-09-21 13:47:43","userId":"204a6cff-6b89-43b0-bde0-1778236b7f14"}
{"ip":"::ffff:192.168.1.4","level":"info","message":"GET /api/flavors/active 200 — 3ms","timestamp":"2026-09-21 13:47:43","userId":"204a6cff-6b89-43b0-bde0-1778236b7f14"}
{"ip":"::ffff:192.168.1.4","level":"info","message":"GET /api/products 200 — 14ms","timestamp":"2026-09-21 13:47:43","userId":"204a6cff-6b89-43b0-bde0-1778236b7f14"}
{"ip":"::ffff:192.168.1.4","level":"info","message":"GET /api/orders/my-orders?page=1&limit=1 200 — 13ms","timestamp":"2026-09-21 13:47:43","userId":"204a6cff-6b89-43b0-bde0-1778236b7f14"}
{"ip":"::ffff:192.168.1.4","level":"info","message":"GET /api/flavors/active 200 — 3ms","timestamp":"2026-09-21 13:47:43","userId":"204a6cff-6b89-43b0-bde0-1778236b7f14"}
{"ip":"::ffff:192.168.1.4","level":"info","message":"GET /api/orders/my-orders?page=1&limit=1 200 — 7ms","timestamp":"2026-09-21 13:47:43","userId":"204a6cff-6b89-43b0-bde0-1778236b7f14"}
{"ip":"::ffff:192.168.1.4","level":"info","message":"GET /api/orders/my-orders?page=1&limit=50 200 — 13ms","timestamp":"2026-09-21 13:47:43","userId":"204a6cff-6b89-43b0-bde0-1778236b7f14"}
{"ip":"::ffff:192.168.1.3","level":"info","message":"GET /api/orders?page=1&limit=50 200 — 65ms","timestamp":"2026-09-21 13:48:11","userId":"577dca8f-6f0e-4b76-8ee3-814b160a67bc"}
{"level":"info","message":"[Socket Broadcast] Emitting order_created for order #LC-20260921-0006","timestamp":"2026-09-21 13:48:30"}
{"ip":"::ffff:192.168.1.4","level":"info","message":"POST /api/orders 201 — 209ms","timestamp":"2026-09-21 13:48:30","userId":"204a6cff-6b89-43b0-bde0-1778236b7f14"}
{"ip":"::ffff:192.168.1.3","level":"info","message":"GET /api/orders?page=1&limit=50 200 — 21ms","timestamp":"2026-09-21 13:48:31","userId":"577dca8f-6f0e-4b76-8ee3-814b160a67bc"}
{"ip":"::ffff:192.168.1.3","level":"info","message":"GET /api/orders?page=1&limit=50 200 — 19ms","timestamp":"2026-09-21 13:48:31","userId":"577dca8f-6f0e-4b76-8ee3-814b160a67bc"}
{"ip":"::ffff:192.168.1.3","level":"info","message":"GET /api/orders?page=1&limit=50 200 — 125ms","timestamp":"2026-09-21 13:48:31","userId":"577dca8f-6f0e-4b76-8ee3-814b160a67bc"}
{"ip":"::ffff:192.168.1.3","level":"info","message":"GET /api/orders?page=1&limit=50 200 — 123ms","timestamp":"2026-09-21 13:48:31","userId":"577dca8f-6f0e-4b76-8ee3-814b160a67bc"}
{"ip":"::ffff:192.168.1.3","level":"info","message":"GET /api/orders?page=1&limit=50 200 — 188ms","timestamp":"2026-09-21 13:48:31","userId":"577dca8f-6f0e-4b76-8ee3-814b160a67bc"}
{"ip":"::ffff:192.168.1.3","level":"info","message":"GET /api/orders?page=1&limit=50 200 — 170ms","timestamp":"2026-09-21 13:48:31","userId":"577dca8f-6f0e-4b76-8ee3-814b160a67bc"}
{"ip":"::ffff:192.168.1.3","level":"info","message":"GET /api/orders?page=1&limit=50 200 — 11ms","timestamp":"2026-09-21 13:48:39","userId":"577dca8f-6f0e-4b76-8ee3-814b160a67bc"}
{"ip":"::ffff:192.168.1.3","level":"info","message":"GET /api/orders?page=1&limit=50 200 — 56ms","timestamp":"2026-09-21 13:48:58","userId":"577dca8f-6f0e-4b76-8ee3-814b160a67bc"}
{"level":"info","message":"[Socket] Disconnected: fcYI8kbIcFXielYcAAAJ","timestamp":"2026-09-21 13:49:05"}
{"ip":"::ffff:192.168.1.3","level":"info","message":"GET /api/orders?page=1&limit=50 200 — 33ms","timestamp":"2026-09-21 13:49:07","userId":"577dca8f-6f0e-4b76-8ee3-814b160a67bc"}
{"level":"info","message":"[Socket] Connected: -MdRdyy_tsgtfjhcAAAL | User: 204a6cff-6b89-43b0-bde0-1778236b7f14","timestamp":"2026-09-21 13:49:13"}
{"level":"info","message":"[Socket] Disconnected: -MdRdyy_tsgtfjhcAAAL","timestamp":"2026-09-21 13:49:19"}
{"level":"info","message":"[Socket] Connected: biSN6WuiG1m0okZtAAAN | User: 204a6cff-6b89-43b0-bde0-1778236b7f14","timestamp":"2026-09-21 13:49:24"}
{"ip":"::ffff:192.168.1.4","level":"info","message":"GET /api/auth/me 200 — 43ms","timestamp":"2026-09-21 13:49:24","userId":"204a6cff-6b89-43b0-bde0-1778236b7f14"}
{"ip":"::ffff:192.168.1.4","level":"info","message":"GET /api/categories/active 200 — 5ms","timestamp":"2026-09-21 13:49:24","userId":"204a6cff-6b89-43b0-bde0-1778236b7f14"}
{"ip":"::ffff:192.168.1.4","level":"info","message":"GET /api/categories/active 200 — 41ms","timestamp":"2026-09-21 13:49:24","userId":"204a6cff-6b89-43b0-bde0-1778236b7f14"}
{"ip":"::ffff:192.168.1.4","level":"info","message":"GET /api/products 200 — 26ms","timestamp":"2026-09-21 13:49:24","userId":"204a6cff-6b89-43b0-bde0-1778236b7f14"}
{"ip":"::ffff:192.168.1.4","level":"info","message":"GET /api/products 200 — 25ms","timestamp":"2026-09-21 13:49:24","userId":"204a6cff-6b89-43b0-bde0-1778236b7f14"}
{"ip":"::ffff:192.168.1.4","level":"info","message":"GET /api/flavors/active 200 — 4ms","timestamp":"2026-09-21 13:49:24","userId":"204a6cff-6b89-43b0-bde0-1778236b7f14"}
{"ip":"::ffff:192.168.1.4","level":"info","message":"GET /api/flavors/active 200 — 4ms","timestamp":"2026-09-21 13:49:24","userId":"204a6cff-6b89-43b0-bde0-1778236b7f14"}
{"ip":"::ffff:192.168.1.4","level":"info","message":"GET /api/orders/my-orders?page=1&limit=1 200 — 28ms","timestamp":"2026-09-21 13:49:24","userId":"204a6cff-6b89-43b0-bde0-1778236b7f14"}
{"ip":"::ffff:192.168.1.4","level":"info","message":"GET /api/orders/my-orders?page=1&limit=1 200 — 27ms","timestamp":"2026-09-21 13:49:24","userId":"204a6cff-6b89-43b0-bde0-1778236b7f14"}
{"ip":"::ffff:192.168.1.4","level":"info","message":"GET /api/orders/my-orders?page=1&limit=50 200 — 27ms","timestamp":"2026-09-21 13:49:24","userId":"204a6cff-6b89-43b0-bde0-1778236b7f14"}
{"ip":"::ffff:192.168.1.3","level":"info","message":"GET /api/orders?page=1&limit=50 200 — 24ms","timestamp":"2026-09-21 13:49:33","userId":"577dca8f-6f0e-4b76-8ee3-814b160a67bc"}
{"ip":"::ffff:192.168.1.3","level":"info","message":"GET /api/orders?page=1&limit=50 200 — 13ms","timestamp":"2026-09-21 13:49:36","userId":"577dca8f-6f0e-4b76-8ee3-814b160a67bc"}
{"level":"info","message":"[Socket Broadcast] Emitting status change (CANCELLED) for order #LC-20260921-0006","timestamp":"2026-09-21 13:49:41"}
{"ip":"::ffff:192.168.1.4","level":"info","message":"PATCH /api/orders/5c32e04b-67e7-4494-9621-0cb80b33d055/status 200 — 60ms","timestamp":"2026-09-21 13:49:41","userId":"204a6cff-6b89-43b0-bde0-1778236b7f14"}
{"level":"info","message":"[Socket] Disconnected: biSN6WuiG1m0okZtAAAN","timestamp":"2026-09-21 13:50:21"}
{"level":"info","message":"[Socket] Connected: zGd1vqdch69pQapZAAAP | User: 204a6cff-6b89-43b0-bde0-1778236b7f14","timestamp":"2026-09-21 13:51:10"}
{"ip":"::ffff:192.168.1.4","level":"info","message":"POST /api/auth/logout 200 — 176ms","timestamp":"2026-09-21 13:51:12","userId":"204a6cff-6b89-43b0-bde0-1778236b7f14"}
{"level":"info","message":"[Socket] Disconnected: zGd1vqdch69pQapZAAAP","timestamp":"2026-09-21 13:51:12"}
{"ip":"::ffff:192.168.1.4","level":"info","message":"POST /api/auth/login 200 — 346ms","timestamp":"2026-09-21 13:51:34","userId":"-"}
{"ip":"::ffff:192.168.1.4","level":"info","message":"GET /api/categories/active 200 — 9ms","timestamp":"2026-09-21 13:51:35","userId":"577dca8f-6f0e-4b76-8ee3-814b160a67bc"}
{"level":"info","message":"[Socket] Connected: _YgxsSpmQe5jg0FZAAAT | User: 204a6cff-6b89-43b0-bde0-1778236b7f14","timestamp":"2026-09-21 13:51:35"}
{"ip":"::ffff:192.168.1.4","level":"info","message":"GET /api/products?page=1&limit=100 200 — 28ms","timestamp":"2026-09-21 13:51:35","userId":"577dca8f-6f0e-4b76-8ee3-814b160a67bc"}
{"ip":"::ffff:192.168.1.4","level":"info","message":"GET /api/products 200 — 55ms","timestamp":"2026-09-21 13:51:35","userId":"577dca8f-6f0e-4b76-8ee3-814b160a67bc"}
{"ip":"::ffff:192.168.1.4","level":"info","message":"GET /api/flavors/active 200 — 3ms","timestamp":"2026-09-21 13:51:35","userId":"577dca8f-6f0e-4b76-8ee3-814b160a67bc"}
{"ip":"::ffff:192.168.1.4","level":"info","message":"GET /api/flavors?page=1&limit=100 200 — 6ms","timestamp":"2026-09-21 13:51:35","userId":"577dca8f-6f0e-4b76-8ee3-814b160a67bc"}
{"ip":"::ffff:192.168.1.4","level":"info","message":"GET /api/categories?page=1&limit=100 200 — 5ms","timestamp":"2026-09-21 13:51:35","userId":"577dca8f-6f0e-4b76-8ee3-814b160a67bc"}
{"ip":"::ffff:192.168.1.4","level":"info","message":"GET /api/users?page=1&limit=100 200 — 7ms","timestamp":"2026-09-21 13:51:35","userId":"577dca8f-6f0e-4b76-8ee3-814b160a67bc"}
{"ip":"::ffff:192.168.1.4","level":"info","message":"GET /api/orders?page=1&limit=1 200 — 27ms","timestamp":"2026-09-21 13:51:35","userId":"577dca8f-6f0e-4b76-8ee3-814b160a67bc"}
{"ip":"::ffff:192.168.1.4","level":"info","message":"GET /api/stock 200 — 21ms","timestamp":"2026-09-21 13:51:35","userId":"577dca8f-6f0e-4b76-8ee3-814b160a67bc"}
{"ip":"::ffff:192.168.1.4","level":"info","message":"GET /api/payment-numbers 200 — 13ms","timestamp":"2026-09-21 13:51:35","userId":"577dca8f-6f0e-4b76-8ee3-814b160a67bc"}
{"ip":"::ffff:192.168.1.4","level":"info","message":"GET /api/orders?page=1&limit=50 200 — 14ms","timestamp":"2026-09-21 13:51:36","userId":"577dca8f-6f0e-4b76-8ee3-814b160a67bc"}
{"ip":"::ffff:192.168.1.4","level":"info","message":"GET /api/orders?page=1&limit=50 200 — 14ms","timestamp":"2026-09-21 13:51:39","userId":"577dca8f-6f0e-4b76-8ee3-814b160a67bc"}
{"ip":"::ffff:192.168.1.3","level":"info","message":"GET /api/orders?page=1&limit=50 200 — 59ms","timestamp":"2026-09-21 13:51:57","userId":"577dca8f-6f0e-4b76-8ee3-814b160a67bc"}
{"ip":"::ffff:192.168.1.4","level":"info","message":"GET /api/orders?page=1&limit=50 200 — 56ms","timestamp":"2026-09-21 13:52:10","userId":"577dca8f-6f0e-4b76-8ee3-814b160a67bc"}
{"ip":"::ffff:192.168.1.3","level":"info","message":"POST /api/auth/logout 200 — 28ms","timestamp":"2026-09-21 13:52:14","userId":"577dca8f-6f0e-4b76-8ee3-814b160a67bc"}
{"level":"info","message":"[Socket] Disconnected: 4dWeDaFbPAUmYv-sAAAH","timestamp":"2026-09-21 13:52:14"}
{"ip":"::ffff:192.168.1.3","level":"info","message":"POST /api/auth/google 200 — 302ms","timestamp":"2026-09-21 13:52:24","userId":"-"}
{"level":"info","message":"[Socket] Connected: o7ktsD1Tvy2yIMfqAAAV | User: 577dca8f-6f0e-4b76-8ee3-814b160a67bc","timestamp":"2026-09-21 13:52:24"}
{"ip":"::ffff:192.168.1.3","level":"info","message":"GET /api/categories/active 200 — 5ms","timestamp":"2026-09-21 13:52:24","userId":"f99d896b-c4cf-4248-8824-974543fbd289"}
{"ip":"::ffff:192.168.1.3","level":"info","message":"GET /api/products 200 — 20ms","timestamp":"2026-09-21 13:52:25","userId":"f99d896b-c4cf-4248-8824-974543fbd289"}
{"ip":"::ffff:192.168.1.3","level":"info","message":"GET /api/flavors/active 200 — 4ms","timestamp":"2026-09-21 13:52:25","userId":"f99d896b-c4cf-4248-8824-974543fbd289"}
{"ip":"::ffff:192.168.1.3","level":"info","message":"GET /api/orders/my-orders?page=1&limit=1 200 — 18ms","timestamp":"2026-09-21 13:52:25","userId":"f99d896b-c4cf-4248-8824-974543fbd289"}
{"ip":"::ffff:192.168.1.3","level":"info","message":"GET /api/orders/my-orders?page=1&limit=50 200 — 11ms","timestamp":"2026-09-21 13:52:29","userId":"f99d896b-c4cf-4248-8824-974543fbd289"}
{"level":"info","message":"[Socket] Disconnected: _YgxsSpmQe5jg0FZAAAT","timestamp":"2026-09-21 13:52:46"}
{"level":"info","message":"[Socket Broadcast] Emitting order_created for order #LC-20260921-0007","timestamp":"2026-09-21 13:53:08"}
{"ip":"::ffff:192.168.1.3","level":"info","message":"POST /api/orders 201 — 174ms","timestamp":"2026-09-21 13:53:08","userId":"f99d896b-c4cf-4248-8824-974543fbd289"}
{"ip":"::ffff:192.168.1.3","level":"info","message":"GET /api/payment-numbers/defaults 200 — 44ms","timestamp":"2026-09-21 13:53:08","userId":"f99d896b-c4cf-4248-8824-974543fbd289"}
{"level":"info","message":"[Socket] Connected: caVnVvNDIOjSdlYDAAAX | User: 204a6cff-6b89-43b0-bde0-1778236b7f14","timestamp":"2026-09-21 13:53:09"}
{"ip":"::ffff:192.168.1.4","level":"info","message":"GET /api/orders?page=1&limit=50 200 — 63ms","timestamp":"2026-09-21 13:53:28","userId":"577dca8f-6f0e-4b76-8ee3-814b160a67bc"}
{"ip":"::ffff:192.168.1.4","level":"info","message":"GET /api/orders?page=1&limit=50 200 — 14ms","timestamp":"2026-09-21 13:53:31","userId":"577dca8f-6f0e-4b76-8ee3-814b160a67bc"}
{"level":"info","message":"[Socket Broadcast] Emitting status change (PREPARING) for order #LC-20260921-0007","timestamp":"2026-09-21 13:53:31"}
{"ip":"::ffff:192.168.1.4","level":"info","message":"PATCH /api/orders/d1370863-9113-45cf-a2c9-c4d03dc5cd9c/status 200 — 71ms","timestamp":"2026-09-21 13:53:31","userId":"577dca8f-6f0e-4b76-8ee3-814b160a67bc"}
{"ip":"::ffff:192.168.1.4","level":"info","message":"GET /api/orders/d1370863-9113-45cf-a2c9-c4d03dc5cd9c 200 — 8ms","timestamp":"2026-09-21 13:53:31","userId":"577dca8f-6f0e-4b76-8ee3-814b160a67bc"}
{"level":"info","message":"[Socket Broadcast] Emitting status change (READY) for order #LC-20260921-0007","timestamp":"2026-09-21 13:53:34"}
{"ip":"::ffff:192.168.1.4","level":"info","message":"PATCH /api/orders/d1370863-9113-45cf-a2c9-c4d03dc5cd9c/status 200 — 11ms","timestamp":"2026-09-21 13:53:34","userId":"577dca8f-6f0e-4b76-8ee3-814b160a67bc"}
{"ip":"::ffff:192.168.1.4","level":"info","message":"GET /api/orders/d1370863-9113-45cf-a2c9-c4d03dc5cd9c 200 — 4ms","timestamp":"2026-09-21 13:53:34","userId":"577dca8f-6f0e-4b76-8ee3-814b160a67bc"}
{"ip":"::ffff:192.168.1.4","level":"info","message":"GET /api/orders?page=1&limit=50 200 — 25ms","timestamp":"2026-09-21 13:53:35","userId":"577dca8f-6f0e-4b76-8ee3-814b160a67bc"}
{"level":"info","message":"[Socket Broadcast] Emitting status change (DELIVERED) for order #LC-20260921-0007","timestamp":"2026-09-21 13:53:38"}
{"ip":"::ffff:192.168.1.4","level":"info","message":"PATCH /api/orders/d1370863-9113-45cf-a2c9-c4d03dc5cd9c/status 200 — 37ms","timestamp":"2026-09-21 13:53:38","userId":"577dca8f-6f0e-4b76-8ee3-814b160a67bc"}
{"ip":"::ffff:192.168.1.4","level":"info","message":"GET /api/orders/d1370863-9113-45cf-a2c9-c4d03dc5cd9c 200 — 5ms","timestamp":"2026-09-21 13:53:39","userId":"577dca8f-6f0e-4b76-8ee3-814b160a67bc"}
{"level":"info","message":"[Socket] Disconnected: caVnVvNDIOjSdlYDAAAX","timestamp":"2026-09-21 13:53:46"}
{"level":"info","message":"[Socket] Connected: gY-G0wyAIAEXOYknAAAa | User: 204a6cff-6b89-43b0-bde0-1778236b7f14","timestamp":"2026-09-21 13:57:37"}
{"ip":"::ffff:192.168.1.4","level":"info","message":"GET /api/orders?page=1&limit=50 200 — 71ms","timestamp":"2026-09-21 13:57:45","userId":"577dca8f-6f0e-4b76-8ee3-814b160a67bc"}
{"level":"info","message":"[Socket] Disconnected: gY-G0wyAIAEXOYknAAAa","timestamp":"2026-09-21 13:58:38"}
{"level":"info","message":"[Socket] Connected: EKScJe1loSLoIjnIAAAc | User: 204a6cff-6b89-43b0-bde0-1778236b7f14","timestamp":"2026-09-21 13:59:42"}
{"level":"info","message":"SIGINT received — shutting down gracefully","timestamp":"2026-09-21 13:59:49"}
{"level":"info","message":"✅ Socket.IO initialized","timestamp":"2026-09-21 13:59:52"}
{"level":"info","message":"✅ Database connected","timestamp":"2026-09-21 13:59:52"}
{"level":"info","message":"Java Cafe POS API running on port 3000 [development]","timestamp":"2026-09-21 13:59:52"}
{"level":"info","message":"[Socket] Connected: luASWygXqQacQdEAAAAB | User: 204a6cff-6b89-43b0-bde0-1778236b7f14","timestamp":"2026-09-21 13:59:53"}
{"level":"error","message":"[Socket Auth Error] Access token expired","timestamp":"2026-09-21 13:59:53"}
{"body":{"refreshToken":"eyJhbGciOiJIUzI1NiIsInR5cCI6IkpXVCJ9.eyJpZCI6ImY5OWQ4OTZiLWM0Y2YtNDI0OC04ODI0LTk3NDU0M2ZiZDI4OSIsInJvbGUiOiJDVVNUT01FUiIsImlhdCI6MTc4OTk4Nzk0NCwiZXhwIjoxNzkyNTc5OTQ0fQ.-Z5nxjVWGouV5SfbbMq7OQ-8PDWPm_xpZtsmS_3MtZI"},"level":"error","message":"[POST] /api/auth/refresh — Invalid or expired refresh token","stack":"Error: Invalid or expired refresh token\n    at AuthService.refresh (D:\\Training\\Java\\java_backend\\services\\auth.service.js:290:13)\n    at process.processTicksAndRejections (node:internal/process/task_queues:104:5)\n    at async refresh (D:\\Training\\Java\\java_backend\\controllers\\auth.controller.js:107:22)","timestamp":"2026-09-21 13:59:53","userId":"unauthenticated"}
{"ip":"::ffff:192.168.1.3","level":"warn","message":"POST /api/auth/refresh 401 — 133ms","timestamp":"2026-09-21 13:59:53","userId":"-"}
{"ip":"::ffff:192.168.1.3","level":"info","message":"POST /api/auth/refresh 200 — 82ms","timestamp":"2026-09-21 13:59:53","userId":"-"}
{"body":{"refreshToken":"eyJhbGciOiJIUzI1NiIsInR5cCI6IkpXVCJ9.eyJpZCI6ImY5OWQ4OTZiLWM0Y2YtNDI0OC04ODI0LTk3NDU0M2ZiZDI4OSIsInJvbGUiOiJDVVNUT01FUiIsImlhdCI6MTc4OTk4Nzk0NCwiZXhwIjoxNzkyNTc5OTQ0fQ.-Z5nxjVWGouV5SfbbMq7OQ-8PDWPm_xpZtsmS_3MtZI"},"level":"error","message":"[POST] /api/auth/refresh — \nInvalid `this.model.create()` invocation in\nD:\\Training\\Java\\java_backend\\repositories\\refreshToken.repository.js:17:23\n\n  14 }\n  15 \n  16 create(userId, token, expiresAt) {\n→ 17   return this.model.create(\nUnique constraint failed on the fields: (`token`)","stack":"PrismaClientKnownRequestError: \nInvalid `this.model.create()` invocation in\nD:\\Training\\Java\\java_backend\\repositories\\refreshToken.repository.js:17:23\n\n  14 }\n  15 \n  16 create(userId, token, expiresAt) {\n→ 17   return this.model.create(\nUnique constraint failed on the fields: (`token`)\n    at zr.handleRequestError (D:\\Training\\Java\\java_backend\\node_modules\\@prisma\\client\\runtime\\client.js:65:8286)\n    at zr.handleAndLogRequestError (D:\\Training\\Java\\java_backend\\node_modules\\@prisma\\client\\runtime\\client.js:65:7581)\n    at zr.request (D:\\Training\\Java\\java_backend\\node_modules\\@prisma\\client\\runtime\\client.js:65:7288)\n    at process.processTicksAndRejections (node:internal/process/task_queues:104:5)\n    at async a (D:\\Training\\Java\\java_backend\\node_modules\\@prisma\\client\\runtime\\client.js:75:6862)\n    at async AuthService.refresh (D:\\Training\\Java\\java_backend\\services\\auth.service.js:300:5)\n    at async refresh (D:\\Training\\Java\\java_backend\\controllers\\auth.controller.js:107:22)","timestamp":"2026-09-21 13:59:53","userId":"unauthenticated"}
{"ip":"::ffff:192.168.1.3","level":"warn","message":"POST /api/auth/refresh 409 — 86ms","timestamp":"2026-09-21 13:59:53","userId":"-"}
{"level":"error","message":"[Socket Auth Error] Access token expired","timestamp":"2026-09-21 13:59:53"}
{"body":{"refreshToken":"eyJhbGciOiJIUzI1NiIsInR5cCI6IkpXVCJ9.eyJpZCI6ImY5OWQ4OTZiLWM0Y2YtNDI0OC04ODI0LTk3NDU0M2ZiZDI4OSIsInJvbGUiOiJDVVNUT01FUiIsImlhdCI6MTc4OTk4ODM5MywiZXhwIjoxNzkyNTgwMzkzfQ.7hFid0IvnaMLlx9uVtaum874e460AH_1bcDezlj8Lqc"},"level":"error","message":"[POST] /api/auth/refresh — \nInvalid `this.model.create()` invocation in\nD:\\Training\\Java\\java_backend\\repositories\\refreshToken.repository.js:17:23\n\n  14 }\n  15 \n  16 create(userId, token, expiresAt) {\n→ 17   return this.model.create(\nUnique constraint failed on the fields: (`token`)","stack":"PrismaClientKnownRequestError: \nInvalid `this.model.create()` invocation in\nD:\\Training\\Java\\java_backend\\repositories\\refreshToken.repository.js:17:23\n\n  14 }\n  15 \n  16 create(userId, token, expiresAt) {\n→ 17   return this.model.create(\nUnique constraint failed on the fields: (`token`)\n    at zr.handleRequestError (D:\\Training\\Java\\java_backend\\node_modules\\@prisma\\client\\runtime\\client.js:65:8286)\n    at zr.handleAndLogRequestError (D:\\Training\\Java\\java_backend\\node_modules\\@prisma\\client\\runtime\\client.js:65:7581)\n    at zr.request (D:\\Training\\Java\\java_backend\\node_modules\\@prisma\\client\\runtime\\client.js:65:7288)\n    at process.processTicksAndRejections (node:internal/process/task_queues:104:5)\n    at async a (D:\\Training\\Java\\java_backend\\node_modules\\@prisma\\client\\runtime\\client.js:75:6862)\n    at async AuthService.refresh (D:\\Training\\Java\\java_backend\\services\\auth.service.js:300:5)\n    at async refresh (D:\\Training\\Java\\java_backend\\controllers\\auth.controller.js:107:22)","timestamp":"2026-09-21 13:59:53","userId":"unauthenticated"}
{"ip":"::ffff:192.168.1.3","level":"warn","message":"POST /api/auth/refresh 409 — 25ms","timestamp":"2026-09-21 13:59:53","userId":"-"}
{"body":{"refreshToken":"eyJhbGciOiJIUzI1NiIsInR5cCI6IkpXVCJ9.eyJpZCI6ImY5OWQ4OTZiLWM0Y2YtNDI0OC04ODI0LTk3NDU0M2ZiZDI4OSIsInJvbGUiOiJDVVNUT01FUiIsImlhdCI6MTc4OTk4ODM5MywiZXhwIjoxNzkyNTgwMzkzfQ.7hFid0IvnaMLlx9uVtaum874e460AH_1bcDezlj8Lqc"},"level":"error","message":"[POST] /api/auth/refresh — \nInvalid `this.model.create()` invocation in\nD:\\Training\\Java\\java_backend\\repositories\\refreshToken.repository.js:17:23\n\n  14 }\n  15 \n  16 create(userId, token, expiresAt) {\n→ 17   return this.model.create(\nUnique constraint failed on the fields: (`token`)","stack":"PrismaClientKnownRequestError: \nInvalid `this.model.create()` invocation in\nD:\\Training\\Java\\java_backend\\repositories\\refreshToken.repository.js:17:23\n\n  14 }\n  15 \n  16 create(userId, token, expiresAt) {\n→ 17   return this.model.create(\nUnique constraint failed on the fields: (`token`)\n    at zr.handleRequestError (D:\\Training\\Java\\java_backend\\node_modules\\@prisma\\client\\runtime\\client.js:65:8286)\n    at zr.handleAndLogRequestError (D:\\Training\\Java\\java_backend\\node_modules\\@prisma\\client\\runtime\\client.js:65:7581)\n    at zr.request (D:\\Training\\Java\\java_backend\\node_modules\\@prisma\\client\\runtime\\client.js:65:7288)\n    at process.processTicksAndRejections (node:internal/process/task_queues:104:5)\n    at async a (D:\\Training\\Java\\java_backend\\node_modules\\@prisma\\client\\runtime\\client.js:75:6862)\n    at async AuthService.refresh (D:\\Training\\Java\\java_backend\\services\\auth.service.js:300:5)\n    at async refresh (D:\\Training\\Java\\java_backend\\controllers\\auth.controller.js:107:22)","timestamp":"2026-09-21 13:59:53","userId":"unauthenticated"}
{"ip":"::ffff:192.168.1.3","level":"warn","message":"POST /api/auth/refresh 409 — 23ms","timestamp":"2026-09-21 13:59:53","userId":"-"}
{"body":{"refreshToken":"eyJhbGciOiJIUzI1NiIsInR5cCI6IkpXVCJ9.eyJpZCI6ImY5OWQ4OTZiLWM0Y2YtNDI0OC04ODI0LTk3NDU0M2ZiZDI4OSIsInJvbGUiOiJDVVNUT01FUiIsImlhdCI6MTc4OTk4ODM5MywiZXhwIjoxNzkyNTgwMzkzfQ.7hFid0IvnaMLlx9uVtaum874e460AH_1bcDezlj8Lqc"},"level":"error","message":"[POST] /api/auth/refresh — Invalid or expired refresh token","stack":"Error: Invalid or expired refresh token\n    at AuthService.refresh (D:\\Training\\Java\\java_backend\\services\\auth.service.js:290:13)\n    at process.processTicksAndRejections (node:internal/process/task_queues:104:5)\n    at async refresh (D:\\Training\\Java\\java_backend\\controllers\\auth.controller.js:107:22)","timestamp":"2026-09-21 13:59:53","userId":"unauthenticated"}
{"ip":"::ffff:192.168.1.3","level":"warn","message":"POST /api/auth/refresh 401 — 47ms","timestamp":"2026-09-21 13:59:53","userId":"-"}
{"body":{"refreshToken":"eyJhbGciOiJIUzI1NiIsInR5cCI6IkpXVCJ9.eyJpZCI6ImY5OWQ4OTZiLWM0Y2YtNDI0OC04ODI0LTk3NDU0M2ZiZDI4OSIsInJvbGUiOiJDVVNUT01FUiIsImlhdCI6MTc4OTk4ODM5MywiZXhwIjoxNzkyNTgwMzkzfQ.7hFid0IvnaMLlx9uVtaum874e460AH_1bcDezlj8Lqc"},"level":"error","message":"[POST] /api/auth/refresh — Invalid or expired refresh token","stack":"Error: Invalid or expired refresh token\n    at AuthService.refresh (D:\\Training\\Java\\java_backend\\services\\auth.service.js:290:13)\n    at process.processTicksAndRejections (node:internal/process/task_queues:104:5)\n    at async refresh (D:\\Training\\Java\\java_backend\\controllers\\auth.controller.js:107:22)","timestamp":"2026-09-21 13:59:53","userId":"unauthenticated"}
{"ip":"::ffff:192.168.1.3","level":"warn","message":"POST /api/auth/refresh 401 — 62ms","timestamp":"2026-09-21 13:59:53","userId":"-"}
{"level":"info","message":"SIGINT received — shutting down gracefully","timestamp":"2026-09-21 14:00:00"}
{"level":"info","message":"✅ Socket.IO initialized","timestamp":"2026-09-21 14:00:03"}
{"level":"info","message":"✅ Database connected","timestamp":"2026-09-21 14:00:03"}
{"level":"info","message":"Java Cafe POS API running on port 3000 [development]","timestamp":"2026-09-21 14:00:03"}
{"level":"info","message":"[Socket] Connected: JrwaD9PhVvJOzjmTAAAB | User: 577dca8f-6f0e-4b76-8ee3-814b160a67bc","timestamp":"2026-09-21 14:00:36"}
{"ip":"::ffff:192.168.1.4","level":"info","message":"GET /api/auth/me 200 — 139ms","timestamp":"2026-09-21 14:00:36","userId":"577dca8f-6f0e-4b76-8ee3-814b160a67bc"}
{"ip":"::ffff:192.168.1.4","level":"info","message":"GET /api/categories/active 200 — 92ms","timestamp":"2026-09-21 14:00:36","userId":"577dca8f-6f0e-4b76-8ee3-814b160a67bc"}
{"ip":"::ffff:192.168.1.4","level":"info","message":"GET /api/products?page=1&limit=100 200 — 113ms","timestamp":"2026-09-21 14:00:36","userId":"577dca8f-6f0e-4b76-8ee3-814b160a67bc"}
{"ip":"::ffff:192.168.1.4","level":"info","message":"GET /api/flavors?page=1&limit=100 200 — 16ms","timestamp":"2026-09-21 14:00:36","userId":"577dca8f-6f0e-4b76-8ee3-814b160a67bc"}
{"ip":"::ffff:192.168.1.4","level":"info","message":"GET /api/categories?page=1&limit=100 200 — 12ms","timestamp":"2026-09-21 14:00:36","userId":"577dca8f-6f0e-4b76-8ee3-814b160a67bc"}
{"ip":"::ffff:192.168.1.4","level":"info","message":"GET /api/products 200 — 43ms","timestamp":"2026-09-21 14:00:36","userId":"577dca8f-6f0e-4b76-8ee3-814b160a67bc"}
{"ip":"::ffff:192.168.1.4","level":"info","message":"GET /api/flavors/active 200 — 8ms","timestamp":"2026-09-21 14:00:36","userId":"577dca8f-6f0e-4b76-8ee3-814b160a67bc"}
{"ip":"::ffff:192.168.1.4","level":"info","message":"GET /api/users?page=1&limit=100 200 — 12ms","timestamp":"2026-09-21 14:00:36","userId":"577dca8f-6f0e-4b76-8ee3-814b160a67bc"}
{"ip":"::ffff:192.168.1.4","level":"info","message":"GET /api/stock 200 — 19ms","timestamp":"2026-09-21 14:00:36","userId":"577dca8f-6f0e-4b76-8ee3-814b160a67bc"}
{"ip":"::ffff:192.168.1.4","level":"info","message":"GET /api/orders?page=1&limit=1 200 — 39ms","timestamp":"2026-09-21 14:00:36","userId":"577dca8f-6f0e-4b76-8ee3-814b160a67bc"}
{"ip":"::ffff:192.168.1.4","level":"info","message":"GET /api/payment-numbers 200 — 9ms","timestamp":"2026-09-21 14:00:36","userId":"577dca8f-6f0e-4b76-8ee3-814b160a67bc"}
{"ip":"::ffff:192.168.1.4","level":"info","message":"GET /api/orders?page=1&limit=50 200 — 20ms","timestamp":"2026-09-21 14:00:39","userId":"577dca8f-6f0e-4b76-8ee3-814b160a67bc"}
{"ip":"::ffff:192.168.1.4","level":"info","message":"GET /api/orders?page=1&limit=50 200 — 15ms","timestamp":"2026-09-21 14:00:42","userId":"577dca8f-6f0e-4b76-8ee3-814b160a67bc"}
{"ip":"::ffff:192.168.1.4","level":"info","message":"GET /api/orders?page=1&limit=50 200 — 82ms","timestamp":"2026-09-21 14:00:53","userId":"577dca8f-6f0e-4b76-8ee3-814b160a67bc"}
{"level":"info","message":"[Socket] Connected: pJKHQ48clvMCUqaeAAAD | User: f99d896b-c4cf-4248-8824-974543fbd289","timestamp":"2026-09-21 14:01:09"}
{"level":"info","message":"[Socket] Connected: twXO8PWbrO3vqtohAAAE | User: f99d896b-c4cf-4248-8824-974543fbd289","timestamp":"2026-09-21 14:01:09"}
{"level":"info","message":"[Socket] Disconnected: pJKHQ48clvMCUqaeAAAD","timestamp":"2026-09-21 14:01:09"}
{"level":"info","message":"[Socket] Disconnected: twXO8PWbrO3vqtohAAAE","timestamp":"2026-09-21 14:01:09"}
{"ip":"::ffff:192.168.1.3","level":"info","message":"GET /api/auth/me 200 — 48ms","timestamp":"2026-09-21 14:01:09","userId":"f99d896b-c4cf-4248-8824-974543fbd289"}
{"ip":"::ffff:192.168.1.3","level":"info","message":"GET /api/categories/active 200 — 42ms","timestamp":"2026-09-21 14:01:09","userId":"f99d896b-c4cf-4248-8824-974543fbd289"}
{"ip":"::ffff:192.168.1.3","level":"info","message":"GET /api/categories/active 200 — 43ms","timestamp":"2026-09-21 14:01:09","userId":"f99d896b-c4cf-4248-8824-974543fbd289"}
{"ip":"::ffff:192.168.1.3","level":"info","message":"GET /api/products 200 — 18ms","timestamp":"2026-09-21 14:01:09","userId":"f99d896b-c4cf-4248-8824-974543fbd289"}
{"ip":"::ffff:192.168.1.3","level":"info","message":"GET /api/products 200 — 18ms","timestamp":"2026-09-21 14:01:09","userId":"f99d896b-c4cf-4248-8824-974543fbd289"}
{"ip":"::ffff:192.168.1.3","level":"info","message":"GET /api/flavors/active 200 — 11ms","timestamp":"2026-09-21 14:01:09","userId":"f99d896b-c4cf-4248-8824-974543fbd289"}
{"level":"info","message":"[Socket] Connected: DrqLFKx6lg-VNx5lAAAG | User: f99d896b-c4cf-4248-8824-974543fbd289","timestamp":"2026-09-21 14:01:09"}
{"ip":"::ffff:192.168.1.3","level":"info","message":"GET /api/flavors/active 200 — 3ms","timestamp":"2026-09-21 14:01:09","userId":"f99d896b-c4cf-4248-8824-974543fbd289"}
{"ip":"::ffff:192.168.1.3","level":"info","message":"GET /api/orders/my-orders?page=1&limit=1 200 — 19ms","timestamp":"2026-09-21 14:01:09","userId":"f99d896b-c4cf-4248-8824-974543fbd289"}
{"ip":"::ffff:192.168.1.3","level":"info","message":"GET /api/orders/my-orders?page=1&limit=1 200 — 6ms","timestamp":"2026-09-21 14:01:09","userId":"f99d896b-c4cf-4248-8824-974543fbd289"}
{"ip":"::ffff:192.168.1.3","level":"info","message":"GET /api/orders/my-orders?page=1&limit=50 200 — 29ms","timestamp":"2026-09-21 14:01:14","userId":"f99d896b-c4cf-4248-8824-974543fbd289"}
{"level":"info","message":"[Socket] Disconnected: JrwaD9PhVvJOzjmTAAAB","timestamp":"2026-09-21 14:01:28"}
{"level":"info","message":"[Socket] Connected: 85_AOR3Bo7FI9UVrAAAI | User: 577dca8f-6f0e-4b76-8ee3-814b160a67bc","timestamp":"2026-09-21 14:01:44"}
{"level":"info","message":"[Socket Broadcast] Emitting order_created for order #LC-20260921-0008","timestamp":"2026-09-21 14:01:51"}
{"ip":"::ffff:192.168.1.3","level":"info","message":"POST /api/orders 201 — 98ms","timestamp":"2026-09-21 14:01:51","userId":"f99d896b-c4cf-4248-8824-974543fbd289"}
{"ip":"::ffff:192.168.1.3","level":"info","message":"GET /api/payment-numbers/defaults 200 — 48ms","timestamp":"2026-09-21 14:01:53","userId":"f99d896b-c4cf-4248-8824-974543fbd289"}
{"ip":"::ffff:192.168.1.4","level":"info","message":"GET /api/orders?page=1&limit=50 200 — 30ms","timestamp":"2026-09-21 14:01:59","userId":"577dca8f-6f0e-4b76-8ee3-814b160a67bc"}
{"ip":"::ffff:192.168.1.4","level":"info","message":"GET /api/orders?page=1&limit=50 200 — 70ms","timestamp":"2026-09-21 14:02:14","userId":"577dca8f-6f0e-4b76-8ee3-814b160a67bc"}
{"level":"info","message":"[Socket Broadcast] Emitting status change (PREPARING) for order #LC-20260921-0008","timestamp":"2026-09-21 14:02:14"}
{"ip":"::ffff:192.168.1.4","level":"info","message":"PATCH /api/orders/69a073ad-e1dc-4c7d-ab54-fd42ca7c11be/status 200 — 121ms","timestamp":"2026-09-21 14:02:14","userId":"577dca8f-6f0e-4b76-8ee3-814b160a67bc"}
{"ip":"::ffff:192.168.1.4","level":"info","message":"GET /api/orders/69a073ad-e1dc-4c7d-ab54-fd42ca7c11be 200 — 12ms","timestamp":"2026-09-21 14:02:14","userId":"577dca8f-6f0e-4b76-8ee3-814b160a67bc"}
{"level":"info","message":"[Socket Broadcast] Emitting status change (READY) for order #LC-20260921-0008","timestamp":"2026-09-21 14:02:15"}
{"ip":"::ffff:192.168.1.4","level":"info","message":"PATCH /api/orders/69a073ad-e1dc-4c7d-ab54-fd42ca7c11be/status 200 — 11ms","timestamp":"2026-09-21 14:02:15","userId":"577dca8f-6f0e-4b76-8ee3-814b160a67bc"}
{"ip":"::ffff:192.168.1.4","level":"info","message":"GET /api/orders/69a073ad-e1dc-4c7d-ab54-fd42ca7c11be 200 — 5ms","timestamp":"2026-09-21 14:02:15","userId":"577dca8f-6f0e-4b76-8ee3-814b160a67bc"}
{"level":"info","message":"[Socket Broadcast] Emitting status change (DELIVERED) for order #LC-20260921-0008","timestamp":"2026-09-21 14:02:15"}
{"ip":"::ffff:192.168.1.4","level":"info","message":"PATCH /api/orders/69a073ad-e1dc-4c7d-ab54-fd42ca7c11be/status 200 — 21ms","timestamp":"2026-09-21 14:02:15","userId":"577dca8f-6f0e-4b76-8ee3-814b160a67bc"}
{"ip":"::ffff:192.168.1.4","level":"info","message":"GET /api/orders/69a073ad-e1dc-4c7d-ab54-fd42ca7c11be 200 — 15ms","timestamp":"2026-09-21 14:02:15","userId":"577dca8f-6f0e-4b76-8ee3-814b160a67bc"}
{"ip":"::ffff:192.168.1.4","level":"info","message":"GET /api/orders?page=1&limit=50 200 — 24ms","timestamp":"2026-09-21 14:02:18","userId":"577dca8f-6f0e-4b76-8ee3-814b160a67bc"}
{"ip":"::ffff:192.168.1.4","level":"info","message":"GET /api/orders?page=1&limit=50 200 — 14ms","timestamp":"2026-09-21 14:02:18","userId":"577dca8f-6f0e-4b76-8ee3-814b160a67bc"}
{"ip":"::ffff:192.168.1.3","level":"info","message":"GET /api/orders/my-orders?page=1&limit=50 200 — 61ms","timestamp":"2026-09-21 14:02:52","userId":"f99d896b-c4cf-4248-8824-974543fbd289"}
{"level":"info","message":"[Socket] Disconnected: 85_AOR3Bo7FI9UVrAAAI","timestamp":"2026-09-21 14:02:58"}
{"level":"info","message":"[Socket] Disconnected: DrqLFKx6lg-VNx5lAAAG","timestamp":"2026-09-21 14:03:07"}
{"level":"info","message":"[Socket] Connected: Besa1r3wp0Rj5IwpAAAK | User: f99d896b-c4cf-4248-8824-974543fbd289","timestamp":"2026-09-21 14:03:19"}
{"ip":"::ffff:192.168.1.3","level":"info","message":"GET /api/categories/active 200 — 46ms","timestamp":"2026-09-21 14:03:19","userId":"f99d896b-c4cf-4248-8824-974543fbd289"}
{"ip":"::ffff:192.168.1.3","level":"info","message":"GET /api/categories/active 200 — 44ms","timestamp":"2026-09-21 14:03:19","userId":"f99d896b-c4cf-4248-8824-974543fbd289"}
{"ip":"::ffff:192.168.1.3","level":"info","message":"GET /api/auth/me 200 — 145ms","timestamp":"2026-09-21 14:03:19","userId":"f99d896b-c4cf-4248-8824-974543fbd289"}
{"ip":"::ffff:192.168.1.3","level":"info","message":"GET /api/products 200 — 31ms","timestamp":"2026-09-21 14:03:19","userId":"f99d896b-c4cf-4248-8824-974543fbd289"}
{"ip":"::ffff:192.168.1.3","level":"info","message":"GET /api/products 200 — 27ms","timestamp":"2026-09-21 14:03:19","userId":"f99d896b-c4cf-4248-8824-974543fbd289"}
{"ip":"::ffff:192.168.1.3","level":"info","message":"GET /api/flavors/active 200 — 4ms","timestamp":"2026-09-21 14:03:20","userId":"f99d896b-c4cf-4248-8824-974543fbd289"}
{"ip":"::ffff:192.168.1.3","level":"info","message":"GET /api/flavors/active 200 — 4ms","timestamp":"2026-09-21 14:03:20","userId":"f99d896b-c4cf-4248-8824-974543fbd289"}
{"ip":"::ffff:192.168.1.3","level":"info","message":"GET /api/orders/my-orders?page=1&limit=1 200 — 26ms","timestamp":"2026-09-21 14:03:20","userId":"f99d896b-c4cf-4248-8824-974543fbd289"}
{"ip":"::ffff:192.168.1.3","level":"info","message":"GET /api/orders/my-orders?page=1&limit=1 200 — 36ms","timestamp":"2026-09-21 14:03:20","userId":"f99d896b-c4cf-4248-8824-974543fbd289"}
{"ip":"::ffff:192.168.1.3","level":"info","message":"GET /api/orders/my-orders?page=1&limit=50 200 — 55ms","timestamp":"2026-09-21 14:03:34","userId":"f99d896b-c4cf-4248-8824-974543fbd289"}
{"ip":"::ffff:192.168.1.3","level":"info","message":"POST /api/auth/logout 200 — 16ms","timestamp":"2026-09-21 14:03:37","userId":"f99d896b-c4cf-4248-8824-974543fbd289"}
{"level":"info","message":"[Socket] Disconnected: Besa1r3wp0Rj5IwpAAAK","timestamp":"2026-09-21 14:03:37"}
{"ip":"::ffff:192.168.1.3","level":"info","message":"POST /api/auth/login 200 — 355ms","timestamp":"2026-09-21 14:04:10","userId":"-"}
{"level":"info","message":"[Socket] Connected: oHxY-CVMf7xkbkvJAAAM | User: f99d896b-c4cf-4248-8824-974543fbd289","timestamp":"2026-09-21 14:04:11"}
{"level":"info","message":"[Socket] Disconnected: oHxY-CVMf7xkbkvJAAAM","timestamp":"2026-09-21 14:04:11"}
{"ip":"::ffff:192.168.1.3","level":"info","message":"GET /api/categories/active 200 — 9ms","timestamp":"2026-09-21 14:04:11","userId":"577dca8f-6f0e-4b76-8ee3-814b160a67bc"}
{"ip":"::ffff:192.168.1.3","level":"info","message":"GET /api/products?page=1&limit=100 200 — 19ms","timestamp":"2026-09-21 14:04:11","userId":"577dca8f-6f0e-4b76-8ee3-814b160a67bc"}
{"ip":"::ffff:192.168.1.3","level":"info","message":"GET /api/products 200 — 8ms","timestamp":"2026-09-21 14:04:12","userId":"577dca8f-6f0e-4b76-8ee3-814b160a67bc"}
{"ip":"::ffff:192.168.1.3","level":"info","message":"GET /api/flavors/active 200 — 5ms","timestamp":"2026-09-21 14:04:12","userId":"577dca8f-6f0e-4b76-8ee3-814b160a67bc"}
{"ip":"::ffff:192.168.1.3","level":"info","message":"GET /api/flavors?page=1&limit=100 200 — 155ms","timestamp":"2026-09-21 14:04:12","userId":"577dca8f-6f0e-4b76-8ee3-814b160a67bc"}
{"ip":"::ffff:192.168.1.3","level":"info","message":"GET /api/orders?page=1&limit=1 200 — 15ms","timestamp":"2026-09-21 14:04:12","userId":"577dca8f-6f0e-4b76-8ee3-814b160a67bc"}
{"ip":"::ffff:192.168.1.3","level":"info","message":"GET /api/categories?page=1&limit=100 200 — 5ms","timestamp":"2026-09-21 14:04:12","userId":"577dca8f-6f0e-4b76-8ee3-814b160a67bc"}
{"ip":"::ffff:192.168.1.3","level":"info","message":"GET /api/users?page=1&limit=100 200 — 4ms","timestamp":"2026-09-21 14:04:12","userId":"577dca8f-6f0e-4b76-8ee3-814b160a67bc"}
{"ip":"::ffff:192.168.1.3","level":"info","message":"GET /api/stock 200 — 6ms","timestamp":"2026-09-21 14:04:12","userId":"577dca8f-6f0e-4b76-8ee3-814b160a67bc"}
{"ip":"::ffff:192.168.1.3","level":"info","message":"GET /api/payment-numbers 200 — 7ms","timestamp":"2026-09-21 14:04:12","userId":"577dca8f-6f0e-4b76-8ee3-814b160a67bc"}
{"level":"info","message":"[Socket] Connected: p1NVuEar87tb4rmPAAAO | User: f99d896b-c4cf-4248-8824-974543fbd289","timestamp":"2026-09-21 14:04:12"}
{"ip":"::ffff:192.168.1.3","level":"info","message":"GET /api/orders?page=1&limit=50 200 — 13ms","timestamp":"2026-09-21 14:04:15","userId":"577dca8f-6f0e-4b76-8ee3-814b160a67bc"}
{"level":"info","message":"[Socket] Connected: zHd4v_HHEkJtBB_PAAAQ | User: 577dca8f-6f0e-4b76-8ee3-814b160a67bc","timestamp":"2026-09-21 14:04:23"}
{"ip":"::ffff:192.168.1.4","level":"info","message":"POST /api/auth/logout 200 — 66ms","timestamp":"2026-09-21 14:04:25","userId":"577dca8f-6f0e-4b76-8ee3-814b160a67bc"}
{"level":"info","message":"[Socket] Disconnected: zHd4v_HHEkJtBB_PAAAQ","timestamp":"2026-09-21 14:04:25"}
{"ip":"::ffff:192.168.1.4","level":"info","message":"POST /api/auth/google 200 — 311ms","timestamp":"2026-09-21 14:04:28","userId":"-"}
{"level":"info","message":"[Socket] Connected: DBJF7JNjBa2nDYdLAAAS | User: 577dca8f-6f0e-4b76-8ee3-814b160a67bc","timestamp":"2026-09-21 14:04:28"}
{"ip":"::ffff:192.168.1.4","level":"info","message":"GET /api/categories/active 200 — 6ms","timestamp":"2026-09-21 14:04:28","userId":"204a6cff-6b89-43b0-bde0-1778236b7f14"}
{"ip":"::ffff:192.168.1.4","level":"info","message":"GET /api/products 200 — 16ms","timestamp":"2026-09-21 14:04:28","userId":"204a6cff-6b89-43b0-bde0-1778236b7f14"}
{"ip":"::ffff:192.168.1.4","level":"info","message":"GET /api/orders/my-orders?page=1&limit=50 200 — 23ms","timestamp":"2026-09-21 14:04:28","userId":"204a6cff-6b89-43b0-bde0-1778236b7f14"}
{"ip":"::ffff:192.168.1.4","level":"info","message":"GET /api/flavors/active 200 — 2ms","timestamp":"2026-09-21 14:04:28","userId":"204a6cff-6b89-43b0-bde0-1778236b7f14"}
{"ip":"::ffff:192.168.1.4","level":"info","message":"GET /api/orders/my-orders?page=1&limit=1 200 — 6ms","timestamp":"2026-09-21 14:04:28","userId":"204a6cff-6b89-43b0-bde0-1778236b7f14"}
{"ip":"::ffff:192.168.1.4","level":"info","message":"GET /api/orders/my-orders?page=1&limit=50 200 — 68ms","timestamp":"2026-09-21 14:04:39","userId":"204a6cff-6b89-43b0-bde0-1778236b7f14"}
{"ip":"::ffff:192.168.1.4","level":"info","message":"GET /api/orders/my-orders?page=1&limit=50 200 — 9ms","timestamp":"2026-09-21 14:04:46","userId":"204a6cff-6b89-43b0-bde0-1778236b7f14"}
{"level":"info","message":"[Socket Broadcast] Emitting order_created for order #LC-20260921-0009","timestamp":"2026-09-21 14:05:05"}
{"ip":"::ffff:192.168.1.4","level":"info","message":"POST /api/orders 201 — 90ms","timestamp":"2026-09-21 14:05:05","userId":"204a6cff-6b89-43b0-bde0-1778236b7f14"}
{"ip":"::ffff:192.168.1.4","level":"info","message":"GET /api/payment-numbers/defaults 200 — 168ms","timestamp":"2026-09-21 14:05:05","userId":"204a6cff-6b89-43b0-bde0-1778236b7f14"}
{"ip":"::ffff:192.168.1.3","level":"info","message":"GET /api/orders?page=1&limit=50 200 — 26ms","timestamp":"2026-09-21 14:05:11","userId":"577dca8f-6f0e-4b76-8ee3-814b160a67bc"}
{"ip":"::ffff:192.168.1.3","level":"info","message":"GET /api/orders?page=1&limit=50 200 — 9ms","timestamp":"2026-09-21 14:05:20","userId":"577dca8f-6f0e-4b76-8ee3-814b160a67bc"}
{"level":"info","message":"[Socket Broadcast] Emitting status change (PREPARING) for order #LC-20260921-0009","timestamp":"2026-09-21 14:05:20"}
{"ip":"::ffff:192.168.1.3","level":"info","message":"PATCH /api/orders/16e7f5ae-0254-4bde-906e-1a9334e28d0b/status 200 — 64ms","timestamp":"2026-09-21 14:05:20","userId":"577dca8f-6f0e-4b76-8ee3-814b160a67bc"}
{"ip":"::ffff:192.168.1.3","level":"info","message":"GET /api/orders/16e7f5ae-0254-4bde-906e-1a9334e28d0b 200 — 61ms","timestamp":"2026-09-21 14:05:21","userId":"577dca8f-6f0e-4b76-8ee3-814b160a67bc"}
{"level":"info","message":"[Socket Broadcast] Emitting status change (READY) for order #LC-20260921-0009","timestamp":"2026-09-21 14:05:22"}
{"ip":"::ffff:192.168.1.3","level":"info","message":"PATCH /api/orders/16e7f5ae-0254-4bde-906e-1a9334e28d0b/status 200 — 26ms","timestamp":"2026-09-21 14:05:22","userId":"577dca8f-6f0e-4b76-8ee3-814b160a67bc"}
{"ip":"::ffff:192.168.1.3","level":"info","message":"GET /api/orders/16e7f5ae-0254-4bde-906e-1a9334e28d0b 200 — 14ms","timestamp":"2026-09-21 14:05:22","userId":"577dca8f-6f0e-4b76-8ee3-814b160a67bc"}
{"level":"info","message":"[Socket Broadcast] Emitting status change (DELIVERED) for order #LC-20260921-0009","timestamp":"2026-09-21 14:05:22"}
{"ip":"::ffff:192.168.1.3","level":"info","message":"PATCH /api/orders/16e7f5ae-0254-4bde-906e-1a9334e28d0b/status 200 — 24ms","timestamp":"2026-09-21 14:05:22","userId":"577dca8f-6f0e-4b76-8ee3-814b160a67bc"}
{"ip":"::ffff:192.168.1.3","level":"info","message":"GET /api/orders/16e7f5ae-0254-4bde-906e-1a9334e28d0b 200 — 4ms","timestamp":"2026-09-21 14:05:23","userId":"577dca8f-6f0e-4b76-8ee3-814b160a67bc"}
{"level":"info","message":"[Socket Broadcast] Emitting order_created for order #LC-20260921-0010","timestamp":"2026-09-21 14:05:40"}
{"ip":"::ffff:192.168.1.4","level":"info","message":"POST /api/orders 201 — 92ms","timestamp":"2026-09-21 14:05:40","userId":"204a6cff-6b89-43b0-bde0-1778236b7f14"}
{"ip":"::ffff:192.168.1.4","level":"info","message":"GET /api/orders/my-orders?page=1&limit=50 200 — 11ms","timestamp":"2026-09-21 14:05:40","userId":"204a6cff-6b89-43b0-bde0-1778236b7f14"}
{"ip":"::ffff:192.168.1.4","level":"info","message":"GET /api/payment-numbers/defaults 200 — 43ms","timestamp":"2026-09-21 14:05:40","userId":"204a6cff-6b89-43b0-bde0-1778236b7f14"}
{"ip":"::ffff:192.168.1.4","level":"info","message":"GET /api/payment-numbers/defaults 200 — 43ms","timestamp":"2026-09-21 14:05:40","userId":"204a6cff-6b89-43b0-bde0-1778236b7f14"}
{"ip":"::ffff:192.168.1.4","level":"info","message":"GET /api/payment-numbers/defaults 200 — 81ms","timestamp":"2026-09-21 14:05:40","userId":"204a6cff-6b89-43b0-bde0-1778236b7f14"}
{"level":"info","message":"[Socket Broadcast] Emitting status change (CANCELLED) for order #LC-20260921-0010","timestamp":"2026-09-21 14:05:47"}
{"ip":"::ffff:192.168.1.3","level":"info","message":"PATCH /api/orders/73de86bb-9374-4011-aee3-fafd6d0025fd/status 200 — 51ms","timestamp":"2026-09-21 14:05:47","userId":"577dca8f-6f0e-4b76-8ee3-814b160a67bc"}
{"ip":"::ffff:192.168.1.3","level":"info","message":"GET /api/orders/73de86bb-9374-4011-aee3-fafd6d0025fd 200 — 5ms","timestamp":"2026-09-21 14:05:47","userId":"577dca8f-6f0e-4b76-8ee3-814b160a67bc"}
{"ip":"::ffff:192.168.1.3","level":"info","message":"GET /api/orders?page=1&limit=50 200 — 20ms","timestamp":"2026-09-21 14:05:50","userId":"577dca8f-6f0e-4b76-8ee3-814b160a67bc"}
{"level":"info","message":"[Socket] Disconnected: DBJF7JNjBa2nDYdLAAAS","timestamp":"2026-09-21 14:07:00"}
{"level":"info","message":"[Socket] Connected: wyZ8gyH--aG0ilL9AAAU | User: 577dca8f-6f0e-4b76-8ee3-814b160a67bc","timestamp":"2026-09-21 14:07:19"}
{"level":"info","message":"[Socket] Disconnected: wyZ8gyH--aG0ilL9AAAU","timestamp":"2026-09-21 14:07:28"}
{"ip":"::ffff:192.168.1.3","level":"info","message":"POST /api/auth/logout 200 — 63ms","timestamp":"2026-09-21 14:08:51","userId":"577dca8f-6f0e-4b76-8ee3-814b160a67bc"}
{"level":"info","message":"[Socket] Disconnected: p1NVuEar87tb4rmPAAAO","timestamp":"2026-09-21 14:08:51"}
{"level":"info","message":"[Socket] Connected: eiyQPs9UcIGugWmkAAAW | User: 577dca8f-6f0e-4b76-8ee3-814b160a67bc","timestamp":"2026-09-21 14:09:20"}
{"level":"info","message":"[Socket] Disconnected: eiyQPs9UcIGugWmkAAAW","timestamp":"2026-09-21 14:09:22"}
{"ip":"::ffff:192.168.1.4","level":"info","message":"GET /api/orders/my-orders?page=1&limit=50 200 — 190ms","timestamp":"2026-09-21 14:09:28","userId":"204a6cff-6b89-43b0-bde0-1778236b7f14"}
{"level":"info","message":"[Socket] Connected: 1gRCyVOnF_RhmrWNAAAY | User: 577dca8f-6f0e-4b76-8ee3-814b160a67bc","timestamp":"2026-09-21 14:09:29"}
{"level":"info","message":"[Socket] Disconnected: 1gRCyVOnF_RhmrWNAAAY","timestamp":"2026-09-21 14:10:03"}
{"ip":"::ffff:192.168.1.3","level":"info","message":"POST /api/auth/google 200 — 106ms","timestamp":"2026-09-21 14:11:18","userId":"-"}
{"level":"info","message":"[Socket] Connected: LobM5bwAVtw5jIcjAAAa | User: f99d896b-c4cf-4248-8824-974543fbd289","timestamp":"2026-09-21 14:11:18"}
{"ip":"::ffff:192.168.1.3","level":"info","message":"GET /api/categories/active 200 — 7ms","timestamp":"2026-09-21 14:11:18","userId":"f99d896b-c4cf-4248-8824-974543fbd289"}
{"ip":"::ffff:192.168.1.3","level":"info","message":"GET /api/orders/my-orders?page=1&limit=50 200 — 23ms","timestamp":"2026-09-21 14:11:19","userId":"f99d896b-c4cf-4248-8824-974543fbd289"}
{"ip":"::ffff:192.168.1.3","level":"info","message":"GET /api/products 200 — 59ms","timestamp":"2026-09-21 14:11:19","userId":"f99d896b-c4cf-4248-8824-974543fbd289"}
{"ip":"::ffff:192.168.1.3","level":"info","message":"GET /api/flavors/active 200 — 4ms","timestamp":"2026-09-21 14:11:20","userId":"f99d896b-c4cf-4248-8824-974543fbd289"}
{"ip":"::ffff:192.168.1.3","level":"info","message":"GET /api/orders/my-orders?page=1&limit=1 200 — 17ms","timestamp":"2026-09-21 14:11:20","userId":"f99d896b-c4cf-4248-8824-974543fbd289"}
{"level":"info","message":"[Socket] Disconnected: LobM5bwAVtw5jIcjAAAa","timestamp":"2026-09-21 14:11:23"}
{"level":"info","message":"[Socket] Connected: iXmRQn8rxGNSLrlZAAAc | User: f99d896b-c4cf-4248-8824-974543fbd289","timestamp":"2026-09-21 14:11:32"}
{"ip":"::ffff:192.168.1.3","level":"info","message":"GET /api/auth/me 200 — 40ms","timestamp":"2026-09-21 14:11:33","userId":"f99d896b-c4cf-4248-8824-974543fbd289"}
{"ip":"::ffff:192.168.1.3","level":"info","message":"GET /api/categories/active 200 — 151ms","timestamp":"2026-09-21 14:11:33","userId":"f99d896b-c4cf-4248-8824-974543fbd289"}
{"ip":"::ffff:192.168.1.3","level":"info","message":"GET /api/categories/active 200 — 6ms","timestamp":"2026-09-21 14:11:33","userId":"f99d896b-c4cf-4248-8824-974543fbd289"}
{"ip":"::ffff:192.168.1.3","level":"info","message":"GET /api/categories/active 200 — 4ms","timestamp":"2026-09-21 14:11:34","userId":"f99d896b-c4cf-4248-8824-974543fbd289"}
{"ip":"::ffff:192.168.1.3","level":"info","message":"GET /api/products 200 — 43ms","timestamp":"2026-09-21 14:11:34","userId":"f99d896b-c4cf-4248-8824-974543fbd289"}
{"ip":"::ffff:192.168.1.3","level":"info","message":"GET /api/products 200 — 10ms","timestamp":"2026-09-21 14:11:34","userId":"f99d896b-c4cf-4248-8824-974543fbd289"}
{"ip":"::ffff:192.168.1.3","level":"info","message":"GET /api/products 200 — 22ms","timestamp":"2026-09-21 14:11:34","userId":"f99d896b-c4cf-4248-8824-974543fbd289"}
{"ip":"::ffff:192.168.1.3","level":"info","message":"GET /api/flavors/active 200 — 6ms","timestamp":"2026-09-21 14:11:34","userId":"f99d896b-c4cf-4248-8824-974543fbd289"}
{"ip":"::ffff:192.168.1.3","level":"info","message":"GET /api/flavors/active 200 — 7ms","timestamp":"2026-09-21 14:11:34","userId":"f99d896b-c4cf-4248-8824-974543fbd289"}
{"ip":"::ffff:192.168.1.3","level":"info","message":"GET /api/flavors/active 200 — 3ms","timestamp":"2026-09-21 14:11:34","userId":"f99d896b-c4cf-4248-8824-974543fbd289"}
{"ip":"::ffff:192.168.1.3","level":"info","message":"GET /api/orders/my-orders?page=1&limit=1 200 — 39ms","timestamp":"2026-09-21 14:11:35","userId":"f99d896b-c4cf-4248-8824-974543fbd289"}
{"ip":"::ffff:192.168.1.3","level":"info","message":"GET /api/orders/my-orders?page=1&limit=1 200 — 34ms","timestamp":"2026-09-21 14:11:35","userId":"f99d896b-c4cf-4248-8824-974543fbd289"}
{"ip":"::ffff:192.168.1.3","level":"info","message":"GET /api/orders/my-orders?page=1&limit=1 200 — 74ms","timestamp":"2026-09-21 14:11:35","userId":"f99d896b-c4cf-4248-8824-974543fbd289"}
{"ip":"::ffff:192.168.1.3","level":"info","message":"GET /api/orders/my-orders?page=1&limit=50 200 — 6ms","timestamp":"2026-09-21 14:11:36","userId":"f99d896b-c4cf-4248-8824-974543fbd289"}
{"level":"info","message":"[Socket] Connected: mLnxgFShmMyd5JI0AAAe | User: 577dca8f-6f0e-4b76-8ee3-814b160a67bc","timestamp":"2026-09-21 14:12:02"}
{"level":"info","message":"[Socket] Disconnected: iXmRQn8rxGNSLrlZAAAc","timestamp":"2026-09-21 14:12:17"}
{"level":"info","message":"[Socket] Connected: uRv6Va_J5rfPnmsBAAAh | User: f99d896b-c4cf-4248-8824-974543fbd289","timestamp":"2026-09-21 14:12:44"}
{"level":"info","message":"[Socket] Disconnected: uRv6Va_J5rfPnmsBAAAh","timestamp":"2026-09-21 14:12:44"}
{"ip":"::ffff:192.168.1.3","level":"info","message":"GET /api/auth/me 200 — 49ms","timestamp":"2026-09-21 14:12:44","userId":"f99d896b-c4cf-4248-8824-974543fbd289"}
{"ip":"::ffff:192.168.1.3","level":"info","message":"GET /api/categories/active 200 — 45ms","timestamp":"2026-09-21 14:12:44","userId":"f99d896b-c4cf-4248-8824-974543fbd289"}
{"ip":"::ffff:192.168.1.3","level":"info","message":"GET /api/categories/active 200 — 40ms","timestamp":"2026-09-21 14:12:44","userId":"f99d896b-c4cf-4248-8824-974543fbd289"}
{"ip":"::ffff:192.168.1.3","level":"info","message":"GET /api/products 200 — 28ms","timestamp":"2026-09-21 14:12:44","userId":"f99d896b-c4cf-4248-8824-974543fbd289"}
{"ip":"::ffff:192.168.1.3","level":"info","message":"GET /api/products 200 — 35ms","timestamp":"2026-09-21 14:12:44","userId":"f99d896b-c4cf-4248-8824-974543fbd289"}
{"ip":"::ffff:192.168.1.3","level":"info","message":"GET /api/flavors/active 200 — 3ms","timestamp":"2026-09-21 14:12:45","userId":"f99d896b-c4cf-4248-8824-974543fbd289"}
{"ip":"::ffff:192.168.1.3","level":"info","message":"GET /api/flavors/active 200 — 3ms","timestamp":"2026-09-21 14:12:45","userId":"f99d896b-c4cf-4248-8824-974543fbd289"}
{"ip":"::ffff:192.168.1.3","level":"info","message":"GET /api/orders/my-orders?page=1&limit=1 200 — 46ms","timestamp":"2026-09-21 14:12:45","userId":"f99d896b-c4cf-4248-8824-974543fbd289"}
{"ip":"::ffff:192.168.1.3","level":"info","message":"GET /api/orders/my-orders?page=1&limit=1 200 — 46ms","timestamp":"2026-09-21 14:12:45","userId":"f99d896b-c4cf-4248-8824-974543fbd289"}
{"level":"info","message":"[Socket] Connected: jBomMDvbK9o7-tOsAAAj | User: f99d896b-c4cf-4248-8824-974543fbd289","timestamp":"2026-09-21 14:12:45"}
{"ip":"::ffff:192.168.1.3","level":"info","message":"GET /api/orders/my-orders?page=1&limit=50 200 — 21ms","timestamp":"2026-09-21 14:12:49","userId":"f99d896b-c4cf-4248-8824-974543fbd289"}
{"level":"info","message":"[Socket] Disconnected: mLnxgFShmMyd5JI0AAAe","timestamp":"2026-09-21 14:13:27"}
{"level":"info","message":"[Socket Broadcast] Emitting order_created for order #LC-20260921-0011","timestamp":"2026-09-21 14:13:42"}
{"ip":"::ffff:192.168.1.3","level":"info","message":"POST /api/orders 201 — 100ms","timestamp":"2026-09-21 14:13:42","userId":"f99d896b-c4cf-4248-8824-974543fbd289"}
{"level":"info","message":"[Socket] Connected: EWxsmYaDko8w57s_AAAl | User: 204a6cff-6b89-43b0-bde0-1778236b7f14","timestamp":"2026-09-21 14:13:59"}
{"ip":"::ffff:192.168.1.4","level":"info","message":"GET /api/auth/me 200 — 47ms","timestamp":"2026-09-21 14:13:59","userId":"204a6cff-6b89-43b0-bde0-1778236b7f14"}
{"ip":"::ffff:192.168.1.4","level":"info","message":"GET /api/categories/active 200 — 47ms","timestamp":"2026-09-21 14:13:59","userId":"204a6cff-6b89-43b0-bde0-1778236b7f14"}
{"ip":"::ffff:192.168.1.4","level":"info","message":"GET /api/categories/active 200 — 6ms","timestamp":"2026-09-21 14:13:59","userId":"204a6cff-6b89-43b0-bde0-1778236b7f14"}
{"ip":"::ffff:192.168.1.4","level":"info","message":"GET /api/products 200 — 22ms","timestamp":"2026-09-21 14:13:59","userId":"204a6cff-6b89-43b0-bde0-1778236b7f14"}
{"ip":"::ffff:192.168.1.4","level":"info","message":"GET /api/products 200 — 12ms","timestamp":"2026-09-21 14:13:59","userId":"204a6cff-6b89-43b0-bde0-1778236b7f14"}
{"ip":"::ffff:192.168.1.4","level":"info","message":"GET /api/flavors/active 200 — 5ms","timestamp":"2026-09-21 14:13:59","userId":"204a6cff-6b89-43b0-bde0-1778236b7f14"}
{"ip":"::ffff:192.168.1.4","level":"info","message":"GET /api/flavors/active 200 — 4ms","timestamp":"2026-09-21 14:13:59","userId":"204a6cff-6b89-43b0-bde0-1778236b7f14"}
{"ip":"::ffff:192.168.1.4","level":"info","message":"GET /api/orders/my-orders?page=1&limit=1 200 — 32ms","timestamp":"2026-09-21 14:14:00","userId":"204a6cff-6b89-43b0-bde0-1778236b7f14"}
{"ip":"::ffff:192.168.1.4","level":"info","message":"GET /api/orders/my-orders?page=1&limit=1 200 — 31ms","timestamp":"2026-09-21 14:14:00","userId":"204a6cff-6b89-43b0-bde0-1778236b7f14"}
{"ip":"::ffff:192.168.1.4","level":"info","message":"GET /api/orders/my-orders?page=1&limit=50 200 — 9ms","timestamp":"2026-09-21 14:14:00","userId":"204a6cff-6b89-43b0-bde0-1778236b7f14"}
{"ip":"::ffff:192.168.1.4","level":"info","message":"GET /api/orders/my-orders?page=1&limit=50 200 — 7ms","timestamp":"2026-09-21 14:14:06","userId":"204a6cff-6b89-43b0-bde0-1778236b7f14"}
{"ip":"::ffff:192.168.1.4","level":"info","message":"GET /api/orders/my-orders?page=1&limit=50 200 — 8ms","timestamp":"2026-09-21 14:14:09","userId":"204a6cff-6b89-43b0-bde0-1778236b7f14"}
{"ip":"::ffff:192.168.1.4","level":"info","message":"POST /api/auth/logout 200 — 26ms","timestamp":"2026-09-21 14:14:11","userId":"204a6cff-6b89-43b0-bde0-1778236b7f14"}
{"level":"info","message":"[Socket] Disconnected: EWxsmYaDko8w57s_AAAl","timestamp":"2026-09-21 14:14:11"}
{"ip":"::ffff:192.168.1.4","level":"info","message":"POST /api/auth/login 200 — 426ms","timestamp":"2026-09-21 14:14:30","userId":"-"}
{"ip":"::ffff:192.168.1.4","level":"info","message":"GET /api/categories/active 200 — 6ms","timestamp":"2026-09-21 14:14:31","userId":"577dca8f-6f0e-4b76-8ee3-814b160a67bc"}
{"level":"info","message":"[Socket] Connected: k3CYdVlkeGTbC4LtAAAn | User: 204a6cff-6b89-43b0-bde0-1778236b7f14","timestamp":"2026-09-21 14:14:31"}
{"ip":"::ffff:192.168.1.4","level":"info","message":"GET /api/products?page=1&limit=100 200 — 29ms","timestamp":"2026-09-21 14:14:31","userId":"577dca8f-6f0e-4b76-8ee3-814b160a67bc"}
{"ip":"::ffff:192.168.1.4","level":"info","message":"GET /api/flavors?page=1&limit=100 200 — 6ms","timestamp":"2026-09-21 14:14:31","userId":"577dca8f-6f0e-4b76-8ee3-814b160a67bc"}
{"ip":"::ffff:192.168.1.4","level":"info","message":"GET /api/products 200 — 215ms","timestamp":"2026-09-21 14:14:31","userId":"577dca8f-6f0e-4b76-8ee3-814b160a67bc"}
{"ip":"::ffff:192.168.1.4","level":"info","message":"GET /api/flavors/active 200 — 4ms","timestamp":"2026-09-21 14:14:31","userId":"577dca8f-6f0e-4b76-8ee3-814b160a67bc"}
{"ip":"::ffff:192.168.1.4","level":"info","message":"GET /api/categories?page=1&limit=100 200 — 22ms","timestamp":"2026-09-21 14:14:31","userId":"577dca8f-6f0e-4b76-8ee3-814b160a67bc"}
{"ip":"::ffff:192.168.1.4","level":"info","message":"GET /api/users?page=1&limit=100 200 — 3ms","timestamp":"2026-09-21 14:14:31","userId":"577dca8f-6f0e-4b76-8ee3-814b160a67bc"}
{"ip":"::ffff:192.168.1.4","level":"info","message":"GET /api/stock 200 — 9ms","timestamp":"2026-09-21 14:14:31","userId":"577dca8f-6f0e-4b76-8ee3-814b160a67bc"}
{"ip":"::ffff:192.168.1.4","level":"info","message":"GET /api/orders?page=1&limit=1 200 — 28ms","timestamp":"2026-09-21 14:14:31","userId":"577dca8f-6f0e-4b76-8ee3-814b160a67bc"}
{"ip":"::ffff:192.168.1.4","level":"info","message":"GET /api/payment-numbers 200 — 9ms","timestamp":"2026-09-21 14:14:31","userId":"577dca8f-6f0e-4b76-8ee3-814b160a67bc"}
{"ip":"::ffff:192.168.1.4","level":"info","message":"GET /api/orders?page=1&limit=50 200 — 12ms","timestamp":"2026-09-21 14:14:33","userId":"577dca8f-6f0e-4b76-8ee3-814b160a67bc"}
{"ip":"::ffff:192.168.1.4","level":"info","message":"GET /api/orders?page=1&limit=50 200 — 8ms","timestamp":"2026-09-21 14:14:36","userId":"577dca8f-6f0e-4b76-8ee3-814b160a67bc"}
{"level":"info","message":"[Socket Broadcast] Emitting status change (CANCELLED) for order #LC-20260921-0011","timestamp":"2026-09-21 14:14:40"}
{"ip":"::ffff:192.168.1.4","level":"info","message":"PATCH /api/orders/32c558f7-bccf-4a79-9fbf-c522e0d6a289/status 200 — 26ms","timestamp":"2026-09-21 14:14:40","userId":"577dca8f-6f0e-4b76-8ee3-814b160a67bc"}
{"ip":"::ffff:192.168.1.4","level":"info","message":"GET /api/orders/32c558f7-bccf-4a79-9fbf-c522e0d6a289 200 — 5ms","timestamp":"2026-09-21 14:14:40","userId":"577dca8f-6f0e-4b76-8ee3-814b160a67bc"}
{"ip":"::ffff:192.168.1.4","level":"info","message":"GET /api/orders?page=1&limit=50 200 — 8ms","timestamp":"2026-09-21 14:14:45","userId":"577dca8f-6f0e-4b76-8ee3-814b160a67bc"}
{"level":"info","message":"[Socket Broadcast] Emitting order_created for order #LC-20260921-0012","timestamp":"2026-09-21 14:14:59"}
{"ip":"::ffff:192.168.1.3","level":"info","message":"POST /api/orders 201 — 80ms","timestamp":"2026-09-21 14:14:59","userId":"f99d896b-c4cf-4248-8824-974543fbd289"}
{"ip":"::ffff:192.168.1.3","level":"info","message":"GET /api/orders/my-orders?page=1&limit=50 200 — 7ms","timestamp":"2026-09-21 14:15:00","userId":"f99d896b-c4cf-4248-8824-974543fbd289"}
{"ip":"::ffff:192.168.1.4","level":"info","message":"GET /api/orders?page=1&limit=50 200 — 9ms","timestamp":"2026-09-21 14:15:07","userId":"577dca8f-6f0e-4b76-8ee3-814b160a67bc"}
{"ip":"::ffff:192.168.1.4","level":"info","message":"GET /api/orders?page=1&limit=50 200 — 68ms","timestamp":"2026-09-21 14:15:18","userId":"577dca8f-6f0e-4b76-8ee3-814b160a67bc"}
{"level":"info","message":"[Socket Broadcast] Emitting status change (PREPARING) for order #LC-20260921-0012","timestamp":"2026-09-21 14:15:18"}
{"ip":"::ffff:192.168.1.4","level":"info","message":"PATCH /api/orders/083d5b42-109a-4441-a9d5-05f94d207c9d/status 200 — 114ms","timestamp":"2026-09-21 14:15:18","userId":"577dca8f-6f0e-4b76-8ee3-814b160a67bc"}
{"ip":"::ffff:192.168.1.4","level":"info","message":"GET /api/orders/083d5b42-109a-4441-a9d5-05f94d207c9d 200 — 17ms","timestamp":"2026-09-21 14:15:18","userId":"577dca8f-6f0e-4b76-8ee3-814b160a67bc"}
{"ip":"::ffff:192.168.1.4","level":"info","message":"GET /api/orders?page=1&limit=50 200 — 22ms","timestamp":"2026-09-21 14:15:22","userId":"577dca8f-6f0e-4b76-8ee3-814b160a67bc"}
{"level":"info","message":"[Socket Broadcast] Emitting status change (READY) for order #LC-20260921-0012","timestamp":"2026-09-21 14:15:24"}
{"ip":"::ffff:192.168.1.4","level":"info","message":"PATCH /api/orders/083d5b42-109a-4441-a9d5-05f94d207c9d/status 200 — 20ms","timestamp":"2026-09-21 14:15:24","userId":"577dca8f-6f0e-4b76-8ee3-814b160a67bc"}
{"ip":"::ffff:192.168.1.4","level":"info","message":"GET /api/orders/083d5b42-109a-4441-a9d5-05f94d207c9d 200 — 4ms","timestamp":"2026-09-21 14:15:24","userId":"577dca8f-6f0e-4b76-8ee3-814b160a67bc"}
{"ip":"::ffff:192.168.1.3","level":"info","message":"GET /api/orders/my-orders?page=1&limit=50 200 — 6ms","timestamp":"2026-09-21 14:15:33","userId":"f99d896b-c4cf-4248-8824-974543fbd289"}
{"level":"info","message":"[Socket Broadcast] Emitting status change (DELIVERED) for order #LC-20260921-0012","timestamp":"2026-09-21 14:15:40"}
{"ip":"::ffff:192.168.1.4","level":"info","message":"PATCH /api/orders/083d5b42-109a-4441-a9d5-05f94d207c9d/status 200 — 57ms","timestamp":"2026-09-21 14:15:40","userId":"577dca8f-6f0e-4b76-8ee3-814b160a67bc"}
{"ip":"::ffff:192.168.1.4","level":"info","message":"GET /api/orders/083d5b42-109a-4441-a9d5-05f94d207c9d 200 — 11ms","timestamp":"2026-09-21 14:15:40","userId":"577dca8f-6f0e-4b76-8ee3-814b160a67bc"}
{"level":"info","message":"[Socket] Disconnected: k3CYdVlkeGTbC4LtAAAn","timestamp":"2026-09-21 14:15:50"}
{"level":"info","message":"[Socket] Connected: nLOjEqEYrPT0zGiLAAAp | User: 577dca8f-6f0e-4b76-8ee3-814b160a67bc","timestamp":"2026-09-21 14:16:54"}
{"level":"info","message":"[Socket] Disconnected: nLOjEqEYrPT0zGiLAAAp","timestamp":"2026-09-21 14:16:54"}
{"ip":"::ffff:192.168.1.4","level":"info","message":"GET /api/auth/me 200 — 48ms","timestamp":"2026-09-21 14:16:54","userId":"577dca8f-6f0e-4b76-8ee3-814b160a67bc"}
{"ip":"::ffff:192.168.1.4","level":"info","message":"GET /api/categories/active 200 — 50ms","timestamp":"2026-09-21 14:16:54","userId":"577dca8f-6f0e-4b76-8ee3-814b160a67bc"}
{"ip":"::ffff:192.168.1.4","level":"info","message":"GET /api/products?page=1&limit=100 200 — 81ms","timestamp":"2026-09-21 14:16:54","userId":"577dca8f-6f0e-4b76-8ee3-814b160a67bc"}
{"ip":"::ffff:192.168.1.4","level":"info","message":"GET /api/products 200 — 25ms","timestamp":"2026-09-21 14:16:54","userId":"577dca8f-6f0e-4b76-8ee3-814b160a67bc"}
{"ip":"::ffff:192.168.1.4","level":"info","message":"GET /api/flavors?page=1&limit=100 200 — 10ms","timestamp":"2026-09-21 14:16:54","userId":"577dca8f-6f0e-4b76-8ee3-814b160a67bc"}
{"ip":"::ffff:192.168.1.4","level":"info","message":"GET /api/flavors/active 200 — 8ms","timestamp":"2026-09-21 14:16:54","userId":"577dca8f-6f0e-4b76-8ee3-814b160a67bc"}
{"ip":"::ffff:192.168.1.4","level":"info","message":"GET /api/categories?page=1&limit=100 200 — 14ms","timestamp":"2026-09-21 14:16:54","userId":"577dca8f-6f0e-4b76-8ee3-814b160a67bc"}
{"ip":"::ffff:192.168.1.4","level":"info","message":"GET /api/users?page=1&limit=100 200 — 7ms","timestamp":"2026-09-21 14:16:54","userId":"577dca8f-6f0e-4b76-8ee3-814b160a67bc"}
{"ip":"::ffff:192.168.1.4","level":"info","message":"GET /api/orders?page=1&limit=1 200 — 39ms","timestamp":"2026-09-21 14:16:54","userId":"577dca8f-6f0e-4b76-8ee3-814b160a67bc"}
{"ip":"::ffff:192.168.1.4","level":"info","message":"GET /api/stock 200 — 10ms","timestamp":"2026-09-21 14:16:54","userId":"577dca8f-6f0e-4b76-8ee3-814b160a67bc"}
{"ip":"::ffff:192.168.1.4","level":"info","message":"GET /api/payment-numbers 200 — 13ms","timestamp":"2026-09-21 14:16:54","userId":"577dca8f-6f0e-4b76-8ee3-814b160a67bc"}
{"level":"info","message":"[Socket] Connected: zRJBOQiclFIh3HBZAAAr | User: 577dca8f-6f0e-4b76-8ee3-814b160a67bc","timestamp":"2026-09-21 14:16:55"}
{"ip":"::ffff:192.168.1.4","level":"info","message":"GET /api/orders?page=1&limit=50 200 — 27ms","timestamp":"2026-09-21 14:16:56","userId":"577dca8f-6f0e-4b76-8ee3-814b160a67bc"}
{"ip":"::ffff:192.168.1.4","level":"info","message":"GET /api/orders?page=1&limit=50 200 — 90ms","timestamp":"2026-09-21 14:17:41","userId":"577dca8f-6f0e-4b76-8ee3-814b160a67bc"}
{"level":"info","message":"[Socket] Disconnected: zRJBOQiclFIh3HBZAAAr","timestamp":"2026-09-21 14:18:13"}
{"level":"info","message":"[Socket] Connected: KVg99bBMOznXN6o0AAAt | User: 577dca8f-6f0e-4b76-8ee3-814b160a67bc","timestamp":"2026-09-21 14:18:27"}
{"ip":"::ffff:192.168.1.4","level":"info","message":"GET /api/categories/active 200 — 43ms","timestamp":"2026-09-21 14:18:28","userId":"577dca8f-6f0e-4b76-8ee3-814b160a67bc"}
{"ip":"::ffff:192.168.1.4","level":"info","message":"GET /api/products?page=1&limit=100 200 — 65ms","timestamp":"2026-09-21 14:18:28","userId":"577dca8f-6f0e-4b76-8ee3-814b160a67bc"}
{"ip":"::ffff:192.168.1.4","level":"info","message":"GET /api/auth/me 200 — 163ms","timestamp":"2026-09-21 14:18:28","userId":"577dca8f-6f0e-4b76-8ee3-814b160a67bc"}
{"ip":"::ffff:192.168.1.4","level":"info","message":"GET /api/products 200 — 11ms","timestamp":"2026-09-21 14:18:28","userId":"577dca8f-6f0e-4b76-8ee3-814b160a67bc"}
{"ip":"::ffff:192.168.1.4","level":"info","message":"GET /api/flavors?page=1&limit=100 200 — 14ms","timestamp":"2026-09-21 14:18:28","userId":"577dca8f-6f0e-4b76-8ee3-814b160a67bc"}
{"ip":"::ffff:192.168.1.4","level":"info","message":"GET /api/flavors/active 200 — 4ms","timestamp":"2026-09-21 14:18:28","userId":"577dca8f-6f0e-4b76-8ee3-814b160a67bc"}
{"ip":"::ffff:192.168.1.4","level":"info","message":"GET /api/categories?page=1&limit=100 200 — 4ms","timestamp":"2026-09-21 14:18:28","userId":"577dca8f-6f0e-4b76-8ee3-814b160a67bc"}
{"ip":"::ffff:192.168.1.4","level":"info","message":"GET /api/users?page=1&limit=100 200 — 5ms","timestamp":"2026-09-21 14:18:28","userId":"577dca8f-6f0e-4b76-8ee3-814b160a67bc"}
{"ip":"::ffff:192.168.1.4","level":"info","message":"GET /api/orders?page=1&limit=1 200 — 21ms","timestamp":"2026-09-21 14:18:28","userId":"577dca8f-6f0e-4b76-8ee3-814b160a67bc"}
{"ip":"::ffff:192.168.1.4","level":"info","message":"GET /api/stock 200 — 6ms","timestamp":"2026-09-21 14:18:28","userId":"577dca8f-6f0e-4b76-8ee3-814b160a67bc"}
{"ip":"::ffff:192.168.1.4","level":"info","message":"GET /api/payment-numbers 200 — 10ms","timestamp":"2026-09-21 14:18:28","userId":"577dca8f-6f0e-4b76-8ee3-814b160a67bc"}
{"ip":"::ffff:192.168.1.4","level":"info","message":"GET /api/orders?page=1&limit=50 200 — 9ms","timestamp":"2026-09-21 14:18:30","userId":"577dca8f-6f0e-4b76-8ee3-814b160a67bc"}
{"level":"info","message":"[Socket] Disconnected: KVg99bBMOznXN6o0AAAt","timestamp":"2026-09-21 14:19:05"}
{"level":"info","message":"[Socket Broadcast] Emitting order_created for order #LC-20260921-0013","timestamp":"2026-09-21 14:19:07"}
{"ip":"::ffff:192.168.1.3","level":"info","message":"POST /api/orders 201 — 200ms","timestamp":"2026-09-21 14:19:07","userId":"f99d896b-c4cf-4248-8824-974543fbd289"}
{"level":"info","message":"[Socket] Connected: bR3KJRSOac9M3dh2AAAv | User: 577dca8f-6f0e-4b76-8ee3-814b160a67bc","timestamp":"2026-09-21 14:19:13"}
{"ip":"::ffff:192.168.1.4","level":"info","message":"GET /api/orders?page=1&limit=50 200 — 21ms","timestamp":"2026-09-21 14:19:16","userId":"577dca8f-6f0e-4b76-8ee3-814b160a67bc"}
{"level":"info","message":"[Socket] Disconnected: bR3KJRSOac9M3dh2AAAv","timestamp":"2026-09-21 14:19:27"}
{"level":"info","message":"[Socket] Disconnected: jBomMDvbK9o7-tOsAAAj","timestamp":"2026-09-21 14:21:53"}
{"level":"info","message":"✅ Socket.IO initialized","timestamp":"2026-09-21 14:49:07"}
{"level":"info","message":"✅ Database connected","timestamp":"2026-09-21 14:49:07"}
{"level":"info","message":"Java Cafe POS API running on port 3000 [development]","timestamp":"2026-09-21 14:49:08"}
{"error":"Key not found","level":"error","message":"[Email] Failed to send verification email","timestamp":"2026-09-24 13:37:11"}
{"error":"We have detected you are using an unrecognised IP address 156.206.53.5. If you performed this action make sure to add the new IP address in this link: https://app.brevo.com/security/authorised_ips","level":"error","message":"[Email] Failed to send verification email","timestamp":"2026-09-24 13:46:32"}
{"level":"info","message":"[Email] Verification code sent to lungoforbusiness@gmail.com","timestamp":"2026-09-24 13:47:26"}
{"level":"info","message":"✅ Socket.IO initialized","timestamp":"2026-09-24 13:49:35"}
{"level":"info","message":"✅ Database connected","timestamp":"2026-09-24 13:49:35"}
{"level":"info","message":"Java Cafe POS API running on port 3000 [development]","timestamp":"2026-09-24 13:49:35"}
{"level":"info","message":"[Socket] Connected: kOkXWPZ5caov3R95AAAB | User: 577dca8f-6f0e-4b76-8ee3-814b160a67bc","timestamp":"2026-09-24 13:49:35"}
{"ip":"::ffff:192.168.1.22","level":"info","message":"GET /api/products 200 — 510ms","timestamp":"2026-09-24 13:49:37","userId":"577dca8f-6f0e-4b76-8ee3-814b160a67bc"}
{"ip":"::ffff:192.168.1.22","level":"info","message":"GET /api/flavors/active 200 — 6ms","timestamp":"2026-09-24 13:49:37","userId":"577dca8f-6f0e-4b76-8ee3-814b160a67bc"}
{"ip":"::ffff:192.168.1.22","level":"info","message":"GET /api/orders?page=1&limit=1 200 — 69ms","timestamp":"2026-09-24 13:49:37","userId":"577dca8f-6f0e-4b76-8ee3-814b160a67bc"}
{"ip":"::ffff:192.168.1.22","level":"info","message":"GET /api/categories/active 200 — 6ms","timestamp":"2026-09-24 13:49:43","userId":"577dca8f-6f0e-4b76-8ee3-814b160a67bc"}
{"ip":"::ffff:192.168.1.22","level":"info","message":"GET /api/products 200 — 7ms","timestamp":"2026-09-24 13:49:43","userId":"577dca8f-6f0e-4b76-8ee3-814b160a67bc"}
{"ip":"::ffff:192.168.1.22","level":"info","message":"GET /api/flavors/active 200 — 3ms","timestamp":"2026-09-24 13:49:43","userId":"577dca8f-6f0e-4b76-8ee3-814b160a67bc"}
{"ip":"::ffff:192.168.1.22","level":"info","message":"GET /api/orders?page=1&limit=1 200 — 9ms","timestamp":"2026-09-24 13:49:43","userId":"577dca8f-6f0e-4b76-8ee3-814b160a67bc"}
{"ip":"::ffff:192.168.1.22","level":"info","message":"GET /api/orders?page=1&limit=50 200 — 26ms","timestamp":"2026-09-24 13:49:43","userId":"577dca8f-6f0e-4b76-8ee3-814b160a67bc"}
{"ip":"::ffff:192.168.1.22","level":"info","message":"POST /api/auth/logout 200 — 59ms","timestamp":"2026-09-24 13:49:44","userId":"577dca8f-6f0e-4b76-8ee3-814b160a67bc"}
{"level":"info","message":"[Socket] Disconnected: kOkXWPZ5caov3R95AAAB","timestamp":"2026-09-24 13:49:44"}
{"ip":"::ffff:192.168.1.22","level":"info","message":"POST /api/auth/login 200 — 379ms","timestamp":"2026-09-24 13:50:15","userId":"-"}
{"ip":"::ffff:192.168.1.22","level":"info","message":"GET /api/categories/active 200 — 7ms","timestamp":"2026-09-24 13:50:15","userId":"577dca8f-6f0e-4b76-8ee3-814b160a67bc"}
{"level":"info","message":"[Socket] Connected: oohU26WBr1dFM1QqAAAE | User: 577dca8f-6f0e-4b76-8ee3-814b160a67bc","timestamp":"2026-09-24 13:50:15"}
{"ip":"::ffff:192.168.1.22","level":"info","message":"GET /api/products?page=1&limit=100 200 — 29ms","timestamp":"2026-09-24 13:50:15","userId":"577dca8f-6f0e-4b76-8ee3-814b160a67bc"}
{"ip":"::ffff:192.168.1.22","level":"info","message":"GET /api/flavors?page=1&limit=100 200 — 6ms","timestamp":"2026-09-24 13:50:15","userId":"577dca8f-6f0e-4b76-8ee3-814b160a67bc"}
{"ip":"::ffff:192.168.1.22","level":"info","message":"GET /api/categories?page=1&limit=100 200 — 4ms","timestamp":"2026-09-24 13:50:15","userId":"577dca8f-6f0e-4b76-8ee3-814b160a67bc"}
{"ip":"::ffff:192.168.1.22","level":"info","message":"GET /api/products 200 — 68ms","timestamp":"2026-09-24 13:50:15","userId":"577dca8f-6f0e-4b76-8ee3-814b160a67bc"}
{"ip":"::ffff:192.168.1.22","level":"info","message":"GET /api/flavors/active 200 — 9ms","timestamp":"2026-09-24 13:50:15","userId":"577dca8f-6f0e-4b76-8ee3-814b160a67bc"}
{"ip":"::ffff:192.168.1.22","level":"info","message":"GET /api/users?page=1&limit=100 200 — 23ms","timestamp":"2026-09-24 13:50:15","userId":"577dca8f-6f0e-4b76-8ee3-814b160a67bc"}
{"ip":"::ffff:192.168.1.22","level":"info","message":"GET /api/orders?page=1&limit=1 200 — 27ms","timestamp":"2026-09-24 13:50:15","userId":"577dca8f-6f0e-4b76-8ee3-814b160a67bc"}
{"ip":"::ffff:192.168.1.22","level":"info","message":"GET /api/stock 200 — 38ms","timestamp":"2026-09-24 13:50:15","userId":"577dca8f-6f0e-4b76-8ee3-814b160a67bc"}
{"ip":"::ffff:192.168.1.22","level":"info","message":"GET /api/payment-numbers 200 — 13ms","timestamp":"2026-09-24 13:50:16","userId":"577dca8f-6f0e-4b76-8ee3-814b160a67bc"}
{"ip":"::ffff:192.168.1.22","level":"info","message":"DELETE /api/users/f99d896b-c4cf-4248-8824-974543fbd289 200 — 68ms","timestamp":"2026-09-24 13:50:23","userId":"577dca8f-6f0e-4b76-8ee3-814b160a67bc"}
{"ip":"::ffff:192.168.1.22","level":"info","message":"GET /api/categories/active 200 — 4ms","timestamp":"2026-09-24 13:50:23","userId":"577dca8f-6f0e-4b76-8ee3-814b160a67bc"}
{"ip":"::ffff:192.168.1.22","level":"info","message":"GET /api/products 200 — 6ms","timestamp":"2026-09-24 13:50:23","userId":"577dca8f-6f0e-4b76-8ee3-814b160a67bc"}
{"ip":"::ffff:192.168.1.22","level":"info","message":"GET /api/flavors/active 200 — 3ms","timestamp":"2026-09-24 13:50:23","userId":"577dca8f-6f0e-4b76-8ee3-814b160a67bc"}
{"ip":"::ffff:192.168.1.22","level":"info","message":"GET /api/orders?page=1&limit=1 200 — 7ms","timestamp":"2026-09-24 13:50:23","userId":"577dca8f-6f0e-4b76-8ee3-814b160a67bc"}
{"ip":"::ffff:192.168.1.22","level":"info","message":"DELETE /api/users/204a6cff-6b89-43b0-bde0-1778236b7f14 200 — 48ms","timestamp":"2026-09-24 13:50:27","userId":"577dca8f-6f0e-4b76-8ee3-814b160a67bc"}
{"ip":"::ffff:192.168.1.22","level":"info","message":"GET /api/categories/active 200 — 5ms","timestamp":"2026-09-24 13:50:27","userId":"577dca8f-6f0e-4b76-8ee3-814b160a67bc"}
{"ip":"::ffff:192.168.1.22","level":"info","message":"GET /api/products 200 — 7ms","timestamp":"2026-09-24 13:50:27","userId":"577dca8f-6f0e-4b76-8ee3-814b160a67bc"}
{"ip":"::ffff:192.168.1.22","level":"info","message":"GET /api/flavors/active 200 — 2ms","timestamp":"2026-09-24 13:50:27","userId":"577dca8f-6f0e-4b76-8ee3-814b160a67bc"}
{"ip":"::ffff:192.168.1.22","level":"info","message":"GET /api/orders?page=1&limit=1 200 — 8ms","timestamp":"2026-09-24 13:50:27","userId":"577dca8f-6f0e-4b76-8ee3-814b160a67bc"}
{"ip":"::ffff:192.168.1.22","level":"info","message":"DELETE /api/users/fa0194d2-f838-485e-8798-61fcba7d1ab6 200 — 42ms","timestamp":"2026-09-24 13:50:30","userId":"577dca8f-6f0e-4b76-8ee3-814b160a67bc"}
{"ip":"::ffff:192.168.1.22","level":"info","message":"GET /api/categories/active 200 — 3ms","timestamp":"2026-09-24 13:50:30","userId":"577dca8f-6f0e-4b76-8ee3-814b160a67bc"}
{"ip":"::ffff:192.168.1.22","level":"info","message":"GET /api/products 200 — 7ms","timestamp":"2026-09-24 13:50:30","userId":"577dca8f-6f0e-4b76-8ee3-814b160a67bc"}
{"ip":"::ffff:192.168.1.22","level":"info","message":"GET /api/flavors/active 200 — 3ms","timestamp":"2026-09-24 13:50:30","userId":"577dca8f-6f0e-4b76-8ee3-814b160a67bc"}
{"ip":"::ffff:192.168.1.22","level":"info","message":"GET /api/orders?page=1&limit=1 200 — 7ms","timestamp":"2026-09-24 13:50:30","userId":"577dca8f-6f0e-4b76-8ee3-814b160a67bc"}
{"ip":"::ffff:192.168.1.22","level":"info","message":"DELETE /api/users/0cf1a74b-604d-43cc-a30b-0e36e0f0c9f0 200 — 21ms","timestamp":"2026-09-24 13:50:32","userId":"577dca8f-6f0e-4b76-8ee3-814b160a67bc"}
{"ip":"::ffff:192.168.1.22","level":"info","message":"GET /api/categories/active 200 — 2ms","timestamp":"2026-09-24 13:50:32","userId":"577dca8f-6f0e-4b76-8ee3-814b160a67bc"}
{"ip":"::ffff:192.168.1.22","level":"info","message":"GET /api/products 200 — 7ms","timestamp":"2026-09-24 13:50:32","userId":"577dca8f-6f0e-4b76-8ee3-814b160a67bc"}
{"ip":"::ffff:192.168.1.22","level":"info","message":"GET /api/flavors/active 200 — 3ms","timestamp":"2026-09-24 13:50:32","userId":"577dca8f-6f0e-4b76-8ee3-814b160a67bc"}
{"ip":"::ffff:192.168.1.22","level":"info","message":"GET /api/orders?page=1&limit=1 200 — 6ms","timestamp":"2026-09-24 13:50:32","userId":"577dca8f-6f0e-4b76-8ee3-814b160a67bc"}
{"ip":"::ffff:192.168.1.22","level":"info","message":"GET /api/orders?page=1&limit=50 200 — 14ms","timestamp":"2026-09-24 13:50:37","userId":"577dca8f-6f0e-4b76-8ee3-814b160a67bc"}
{"ip":"::ffff:192.168.1.22","level":"info","message":"POST /api/auth/logout 200 — 8ms","timestamp":"2026-09-24 13:50:41","userId":"577dca8f-6f0e-4b76-8ee3-814b160a67bc"}
{"level":"info","message":"[Socket] Disconnected: oohU26WBr1dFM1QqAAAE","timestamp":"2026-09-24 13:50:41"}
{"level":"info","message":"[Email] Verification code sent to mr.houda2001@gmail.com","timestamp":"2026-09-24 13:51:11"}
{"ip":"::ffff:192.168.1.22","level":"info","message":"POST /api/auth/register 201 — 679ms","timestamp":"2026-09-24 13:51:11","userId":"-"}
{"ip":"::ffff:192.168.1.22","level":"info","message":"POST /api/auth/verify-email 200 — 78ms","timestamp":"2026-09-24 13:51:54","userId":"-"}
{"ip":"::ffff:192.168.1.22","level":"info","message":"POST /api/auth/google 200 — 930ms","timestamp":"2026-09-24 13:52:02","userId":"-"}
{"ip":"::ffff:192.168.1.22","level":"info","message":"GET /api/categories/active 200 — 10ms","timestamp":"2026-09-24 13:52:02","userId":"c2f09762-eb83-40c7-af4d-b86aad0e8d86"}
{"level":"info","message":"[Socket] Connected: wWhxFqx7jA4HygGTAAAG | User: 577dca8f-6f0e-4b76-8ee3-814b160a67bc","timestamp":"2026-09-24 13:52:02"}
{"ip":"::ffff:192.168.1.22","level":"info","message":"GET /api/products 200 — 19ms","timestamp":"2026-09-24 13:52:02","userId":"c2f09762-eb83-40c7-af4d-b86aad0e8d86"}
{"ip":"::ffff:192.168.1.22","level":"info","message":"GET /api/flavors/active 200 — 4ms","timestamp":"2026-09-24 13:52:02","userId":"c2f09762-eb83-40c7-af4d-b86aad0e8d86"}
{"ip":"::ffff:192.168.1.22","level":"info","message":"GET /api/orders/my-orders?page=1&limit=1 200 — 16ms","timestamp":"2026-09-24 13:52:02","userId":"c2f09762-eb83-40c7-af4d-b86aad0e8d86"}
{"ip":"::ffff:192.168.1.22","level":"info","message":"GET /api/orders/my-orders?page=1&limit=50 200 — 11ms","timestamp":"2026-09-24 13:52:03","userId":"c2f09762-eb83-40c7-af4d-b86aad0e8d86"}
{"ip":"::ffff:192.168.1.22","level":"info","message":"GET /api/orders/my-orders?page=1&limit=50 200 — 5ms","timestamp":"2026-09-24 13:52:09","userId":"c2f09762-eb83-40c7-af4d-b86aad0e8d86"}
{"ip":"::ffff:192.168.1.22","level":"info","message":"GET /api/orders/my-orders?page=1&limit=50 200 — 10ms","timestamp":"2026-09-24 13:52:11","userId":"c2f09762-eb83-40c7-af4d-b86aad0e8d86"}
{"ip":"::ffff:192.168.1.22","level":"info","message":"POST /api/auth/logout 200 — 25ms","timestamp":"2026-09-24 13:52:15","userId":"c2f09762-eb83-40c7-af4d-b86aad0e8d86"}
{"level":"info","message":"[Socket] Disconnected: wWhxFqx7jA4HygGTAAAG","timestamp":"2026-09-24 13:52:15"}
{"level":"info","message":"[Email] Password reset code sent to mr.houda2001@gmail.com","timestamp":"2026-09-24 13:52:22"}
{"ip":"::ffff:192.168.1.22","level":"info","message":"POST /api/auth/forgot-password 200 — 354ms","timestamp":"2026-09-24 13:52:22","userId":"-"}
{"ip":"::ffff:192.168.1.22","level":"info","message":"POST /api/auth/reset-password 200 — 490ms","timestamp":"2026-09-24 13:53:04","userId":"-"}
{"level":"info","message":"[Email] Password reset code sent to mr.houda2001@gmail.com","timestamp":"2026-09-24 13:53:17"}
{"ip":"::ffff:192.168.1.22","level":"info","message":"POST /api/auth/forgot-password 200 — 373ms","timestamp":"2026-09-24 13:53:17","userId":"-"}
{"body":{"code":"466116","email":"mr.houda2001@gmail.com","newPassword":"01025941259"},"level":"error","message":"[POST] /api/auth/reset-password — Invalid or expired reset code","stack":"Error: Invalid or expired reset code\n    at AuthService.resetPassword (D:\\Training\\Java\\java_backend\\services\\auth.service.js:224:24)\n    at process.processTicksAndRejections (node:internal/process/task_queues:104:5)\n    at async resetPassword (D:\\Training\\Java\\java_backend\\controllers\\auth.controller.js:73:22)","timestamp":"2026-09-24 13:53:41","userId":"unauthenticated"}
{"ip":"::ffff:192.168.1.22","level":"warn","message":"POST /api/auth/reset-password 400 — 47ms","timestamp":"2026-09-24 13:53:41","userId":"-"}
{"level":"info","message":"✅ Socket.IO initialized","timestamp":"2026-09-24 14:56:42"}
{"level":"info","message":"✅ Database connected","timestamp":"2026-09-24 14:56:42"}
{"level":"info","message":"Java Cafe POS API running on port 3000 [development]","timestamp":"2026-09-24 14:56:42"}
{"ip":"::ffff:192.168.1.22","level":"info","message":"POST /api/auth/google 200 — 711ms","timestamp":"2026-09-24 14:57:54","userId":"-"}
{"level":"info","message":"[Socket] Connected: 9MLq_vaKKeTx9ek-AAAB | User: c2f09762-eb83-40c7-af4d-b86aad0e8d86","timestamp":"2026-09-24 14:57:54"}
{"ip":"::ffff:192.168.1.22","level":"info","message":"GET /api/categories/active 200 — 64ms","timestamp":"2026-09-24 14:57:54","userId":"c2f09762-eb83-40c7-af4d-b86aad0e8d86"}
{"ip":"::ffff:192.168.1.22","level":"info","message":"GET /api/products 200 — 57ms","timestamp":"2026-09-24 14:57:54","userId":"c2f09762-eb83-40c7-af4d-b86aad0e8d86"}
{"ip":"::ffff:192.168.1.22","level":"info","message":"GET /api/categories/active 200 — 4ms","timestamp":"2026-09-24 14:57:55","userId":"c2f09762-eb83-40c7-af4d-b86aad0e8d86"}
{"ip":"::ffff:192.168.1.22","level":"info","message":"GET /api/flavors/active 200 — 36ms","timestamp":"2026-09-24 14:57:55","userId":"c2f09762-eb83-40c7-af4d-b86aad0e8d86"}
{"ip":"::ffff:192.168.1.22","level":"info","message":"GET /api/products 200 — 9ms","timestamp":"2026-09-24 14:57:55","userId":"c2f09762-eb83-40c7-af4d-b86aad0e8d86"}
{"ip":"::ffff:192.168.1.22","level":"info","message":"GET /api/orders/my-orders?page=1&limit=1 200 — 52ms","timestamp":"2026-09-24 14:57:55","userId":"c2f09762-eb83-40c7-af4d-b86aad0e8d86"}
{"ip":"::ffff:192.168.1.22","level":"info","message":"GET /api/flavors/active 200 — 69ms","timestamp":"2026-09-24 14:57:55","userId":"c2f09762-eb83-40c7-af4d-b86aad0e8d86"}
{"ip":"::ffff:192.168.1.22","level":"info","message":"GET /api/orders/my-orders?page=1&limit=1 200 — 38ms","timestamp":"2026-09-24 14:57:55","userId":"c2f09762-eb83-40c7-af4d-b86aad0e8d86"}
{"ip":"::ffff:192.168.1.22","level":"info","message":"GET /api/orders/my-orders?page=1&limit=50 200 — 10ms","timestamp":"2026-09-24 14:57:55","userId":"c2f09762-eb83-40c7-af4d-b86aad0e8d86"}
{"level":"info","message":"[Socket] Disconnected: 9MLq_vaKKeTx9ek-AAAB","timestamp":"2026-09-24 14:59:21"}
{"level":"info","message":"[Socket] Connected: KogJY7QgHKgaA4eZAAAD | User: c2f09762-eb83-40c7-af4d-b86aad0e8d86","timestamp":"2026-09-24 14:59:23"}
{"ip":"::ffff:192.168.1.22","level":"info","message":"PATCH /api/auth/profile 200 — 58ms","timestamp":"2026-09-24 15:00:19","userId":"c2f09762-eb83-40c7-af4d-b86aad0e8d86"}
{"ip":"::ffff:192.168.1.22","level":"info","message":"GET /api/orders/my-orders?page=1&limit=50 200 — 57ms","timestamp":"2026-09-24 15:01:12","userId":"c2f09762-eb83-40c7-af4d-b86aad0e8d86"}
{"level":"info","message":"[Socket] Disconnected: KogJY7QgHKgaA4eZAAAD","timestamp":"2026-09-24 15:03:37"}
{"level":"info","message":"[Socket] Connected: FjsTHpbLhMNDfH3oAAAF | User: c2f09762-eb83-40c7-af4d-b86aad0e8d86","timestamp":"2026-09-24 15:04:07"}
{"level":"info","message":"[Socket] Disconnected: FjsTHpbLhMNDfH3oAAAF","timestamp":"2026-09-24 15:05:33"}
{"level":"info","message":"[Socket] Connected: aNbHdr2jjfqYJIkiAAAI | User: c2f09762-eb83-40c7-af4d-b86aad0e8d86","timestamp":"2026-09-24 15:07:07"}
{"level":"info","message":"[Socket] Disconnected: aNbHdr2jjfqYJIkiAAAI","timestamp":"2026-09-24 15:07:57"}
{"level":"info","message":"[Socket] Connected: 9oVd1OHmSx712cT7AAAK | User: c2f09762-eb83-40c7-af4d-b86aad0e8d86","timestamp":"2026-09-24 15:08:10"}
{"ip":"::ffff:192.168.1.22","level":"info","message":"GET /api/auth/me 200 — 53ms","timestamp":"2026-09-24 15:08:10","userId":"c2f09762-eb83-40c7-af4d-b86aad0e8d86"}
{"ip":"::ffff:192.168.1.22","level":"info","message":"GET /api/categories/active 200 — 55ms","timestamp":"2026-09-24 15:08:10","userId":"c2f09762-eb83-40c7-af4d-b86aad0e8d86"}
{"ip":"::ffff:192.168.1.22","level":"info","message":"GET /api/categories/active 200 — 57ms","timestamp":"2026-09-24 15:08:10","userId":"c2f09762-eb83-40c7-af4d-b86aad0e8d86"}
{"ip":"::ffff:192.168.1.22","level":"info","message":"GET /api/products 200 — 36ms","timestamp":"2026-09-24 15:08:10","userId":"c2f09762-eb83-40c7-af4d-b86aad0e8d86"}
{"ip":"::ffff:192.168.1.22","level":"info","message":"GET /api/products 200 — 34ms","timestamp":"2026-09-24 15:08:10","userId":"c2f09762-eb83-40c7-af4d-b86aad0e8d86"}
{"ip":"::ffff:192.168.1.22","level":"info","message":"GET /api/flavors/active 200 — 8ms","timestamp":"2026-09-24 15:08:10","userId":"c2f09762-eb83-40c7-af4d-b86aad0e8d86"}
{"ip":"::ffff:192.168.1.22","level":"info","message":"GET /api/flavors/active 200 — 8ms","timestamp":"2026-09-24 15:08:10","userId":"c2f09762-eb83-40c7-af4d-b86aad0e8d86"}
{"ip":"::ffff:192.168.1.22","level":"info","message":"GET /api/orders/my-orders?page=1&limit=1 200 — 28ms","timestamp":"2026-09-24 15:08:10","userId":"c2f09762-eb83-40c7-af4d-b86aad0e8d86"}
{"ip":"::ffff:192.168.1.22","level":"info","message":"GET /api/orders/my-orders?page=1&limit=1 200 — 29ms","timestamp":"2026-09-24 15:08:10","userId":"c2f09762-eb83-40c7-af4d-b86aad0e8d86"}
{"ip":"::ffff:192.168.1.22","level":"info","message":"GET /api/orders/my-orders?page=1&limit=50 200 — 7ms","timestamp":"2026-09-24 15:08:11","userId":"c2f09762-eb83-40c7-af4d-b86aad0e8d86"}
{"ip":"::ffff:192.168.1.22","level":"info","message":"GET /api/orders/my-orders?page=1&limit=50 200 — 5ms","timestamp":"2026-09-24 15:08:17","userId":"c2f09762-eb83-40c7-af4d-b86aad0e8d86"}
{"ip":"::ffff:192.168.1.22","level":"info","message":"POST /api/auth/logout 200 — 26ms","timestamp":"2026-09-24 15:08:22","userId":"c2f09762-eb83-40c7-af4d-b86aad0e8d86"}
{"level":"info","message":"[Socket] Disconnected: 9oVd1OHmSx712cT7AAAK","timestamp":"2026-09-24 15:08:22"}
{"ip":"::ffff:192.168.1.22","level":"info","message":"POST /api/auth/login 200 — 474ms","timestamp":"2026-09-24 15:08:45","userId":"-"}
{"ip":"::ffff:192.168.1.22","level":"info","message":"GET /api/categories/active 200 — 24ms","timestamp":"2026-09-24 15:08:45","userId":"577dca8f-6f0e-4b76-8ee3-814b160a67bc"}
{"level":"info","message":"[Socket] Connected: lP1AuL8CJ76QcO5JAAAM | User: c2f09762-eb83-40c7-af4d-b86aad0e8d86","timestamp":"2026-09-24 15:08:46"}
{"ip":"::ffff:192.168.1.22","level":"info","message":"GET /api/products?page=1&limit=100 200 — 50ms","timestamp":"2026-09-24 15:08:46","userId":"577dca8f-6f0e-4b76-8ee3-814b160a67bc"}
{"ip":"::ffff:192.168.1.22","level":"info","message":"GET /api/flavors?page=1&limit=100 200 — 14ms","timestamp":"2026-09-24 15:08:46","userId":"577dca8f-6f0e-4b76-8ee3-814b160a67bc"}
{"ip":"::ffff:192.168.1.22","level":"info","message":"GET /api/products 200 — 99ms","timestamp":"2026-09-24 15:08:46","userId":"577dca8f-6f0e-4b76-8ee3-814b160a67bc"}
{"ip":"::ffff:192.168.1.22","level":"info","message":"GET /api/categories?page=1&limit=100 200 — 13ms","timestamp":"2026-09-24 15:08:46","userId":"577dca8f-6f0e-4b76-8ee3-814b160a67bc"}
{"ip":"::ffff:192.168.1.22","level":"info","message":"GET /api/flavors/active 200 — 15ms","timestamp":"2026-09-24 15:08:46","userId":"577dca8f-6f0e-4b76-8ee3-814b160a67bc"}
{"ip":"::ffff:192.168.1.22","level":"info","message":"GET /api/users?page=1&limit=100 200 — 16ms","timestamp":"2026-09-24 15:08:46","userId":"577dca8f-6f0e-4b76-8ee3-814b160a67bc"}
{"ip":"::ffff:192.168.1.22","level":"info","message":"GET /api/stock 200 — 19ms","timestamp":"2026-09-24 15:08:46","userId":"577dca8f-6f0e-4b76-8ee3-814b160a67bc"}
{"ip":"::ffff:192.168.1.22","level":"info","message":"GET /api/orders?page=1&limit=1 200 — 43ms","timestamp":"2026-09-24 15:08:46","userId":"577dca8f-6f0e-4b76-8ee3-814b160a67bc"}
{"ip":"::ffff:192.168.1.22","level":"info","message":"GET /api/payment-numbers 200 — 18ms","timestamp":"2026-09-24 15:08:46","userId":"577dca8f-6f0e-4b76-8ee3-814b160a67bc"}
{"ip":"::ffff:192.168.1.22","level":"info","message":"GET /api/orders?page=1&limit=50 200 — 15ms","timestamp":"2026-09-24 15:08:50","userId":"577dca8f-6f0e-4b76-8ee3-814b160a67bc"}
{"ip":"::ffff:192.168.1.22","level":"info","message":"GET /api/products?page=1&limit=100 200 — 55ms","timestamp":"2026-09-24 15:09:05","userId":"577dca8f-6f0e-4b76-8ee3-814b160a67bc"}
{"ip":"::ffff:192.168.1.22","level":"info","message":"GET /api/flavors?page=1&limit=100 200 — 5ms","timestamp":"2026-09-24 15:09:05","userId":"577dca8f-6f0e-4b76-8ee3-814b160a67bc"}
{"ip":"::ffff:192.168.1.22","level":"info","message":"GET /api/categories?page=1&limit=100 200 — 7ms","timestamp":"2026-09-24 15:09:05","userId":"577dca8f-6f0e-4b76-8ee3-814b160a67bc"}
{"ip":"::ffff:192.168.1.22","level":"info","message":"GET /api/users?page=1&limit=100 200 — 9ms","timestamp":"2026-09-24 15:09:05","userId":"577dca8f-6f0e-4b76-8ee3-814b160a67bc"}
{"ip":"::ffff:192.168.1.22","level":"info","message":"GET /api/stock 200 — 15ms","timestamp":"2026-09-24 15:09:06","userId":"577dca8f-6f0e-4b76-8ee3-814b160a67bc"}
{"ip":"::ffff:192.168.1.22","level":"info","message":"GET /api/payment-numbers 200 — 9ms","timestamp":"2026-09-24 15:09:06","userId":"577dca8f-6f0e-4b76-8ee3-814b160a67bc"}
{"ip":"::ffff:192.168.1.22","level":"info","message":"GET /api/orders?page=1&limit=50 200 — 28ms","timestamp":"2026-09-24 15:09:07","userId":"577dca8f-6f0e-4b76-8ee3-814b160a67bc"}
{"ip":"::ffff:192.168.1.22","level":"info","message":"GET /api/reports/daily 200 — 55ms","timestamp":"2026-09-24 15:09:10","userId":"577dca8f-6f0e-4b76-8ee3-814b160a67bc"}
{"ip":"::ffff:192.168.1.22","level":"info","message":"GET /api/orders?page=1&limit=50 200 — 9ms","timestamp":"2026-09-24 15:09:13","userId":"577dca8f-6f0e-4b76-8ee3-814b160a67bc"}
{"ip":"::ffff:192.168.1.22","level":"info","message":"GET /api/orders?page=1&limit=50 200 — 8ms","timestamp":"2026-09-24 15:09:18","userId":"577dca8f-6f0e-4b76-8ee3-814b160a67bc"}
{"level":"info","message":"[Socket] Disconnected: lP1AuL8CJ76QcO5JAAAM","timestamp":"2026-09-24 15:11:00"}
{"level":"info","message":"[Socket] Connected: UPmFYk9DUr5fnskQAAAO | User: c2f09762-eb83-40c7-af4d-b86aad0e8d86","timestamp":"2026-09-24 15:13:11"}
{"level":"info","message":"[Socket] Disconnected: UPmFYk9DUr5fnskQAAAO","timestamp":"2026-09-24 15:13:11"}
{"level":"info","message":"[Socket] Connected: wgXKNo35_F7HxuO2AAAQ | User: c2f09762-eb83-40c7-af4d-b86aad0e8d86","timestamp":"2026-09-24 15:13:13"}
{"level":"info","message":"[Socket] Disconnected: wgXKNo35_F7HxuO2AAAQ","timestamp":"2026-09-24 15:14:52"}
{"level":"info","message":"[Socket] Connected: A3AVougNuYk13ipzAAAS | User: c2f09762-eb83-40c7-af4d-b86aad0e8d86","timestamp":"2026-09-24 15:15:09"}
{"level":"info","message":"[Socket] Disconnected: A3AVougNuYk13ipzAAAS","timestamp":"2026-09-24 15:15:15"}
{"level":"info","message":"[Socket] Connected: sNBZBZYAMm7FvCRDAAAU | User: 577dca8f-6f0e-4b76-8ee3-814b160a67bc","timestamp":"2026-09-24 15:15:18"}
{"ip":"::ffff:192.168.1.22","level":"info","message":"GET /api/auth/me 200 — 57ms","timestamp":"2026-09-24 15:15:19","userId":"577dca8f-6f0e-4b76-8ee3-814b160a67bc"}
{"ip":"::ffff:192.168.1.22","level":"info","message":"GET /api/categories/active 200 — 60ms","timestamp":"2026-09-24 15:15:19","userId":"577dca8f-6f0e-4b76-8ee3-814b160a67bc"}
{"ip":"::ffff:192.168.1.22","level":"info","message":"GET /api/products?page=1&limit=100 200 — 83ms","timestamp":"2026-09-24 15:15:19","userId":"577dca8f-6f0e-4b76-8ee3-814b160a67bc"}
{"ip":"::ffff:192.168.1.22","level":"info","message":"GET /api/products 200 — 10ms","timestamp":"2026-09-24 15:15:19","userId":"577dca8f-6f0e-4b76-8ee3-814b160a67bc"}
{"ip":"::ffff:192.168.1.22","level":"info","message":"GET /api/flavors?page=1&limit=100 200 — 11ms","timestamp":"2026-09-24 15:15:19","userId":"577dca8f-6f0e-4b76-8ee3-814b160a67bc"}
{"ip":"::ffff:192.168.1.22","level":"info","message":"GET /api/flavors/active 200 — 10ms","timestamp":"2026-09-24 15:15:19","userId":"577dca8f-6f0e-4b76-8ee3-814b160a67bc"}
{"ip":"::ffff:192.168.1.22","level":"info","message":"GET /api/categories?page=1&limit=100 200 — 9ms","timestamp":"2026-09-24 15:15:19","userId":"577dca8f-6f0e-4b76-8ee3-814b160a67bc"}
{"ip":"::ffff:192.168.1.22","level":"info","message":"GET /api/users?page=1&limit=100 200 — 8ms","timestamp":"2026-09-24 15:15:19","userId":"577dca8f-6f0e-4b76-8ee3-814b160a67bc"}
{"ip":"::ffff:192.168.1.22","level":"info","message":"GET /api/orders?page=1&limit=1 200 — 32ms","timestamp":"2026-09-24 15:15:19","userId":"577dca8f-6f0e-4b76-8ee3-814b160a67bc"}
{"ip":"::ffff:192.168.1.22","level":"info","message":"GET /api/stock 200 — 7ms","timestamp":"2026-09-24 15:15:19","userId":"577dca8f-6f0e-4b76-8ee3-814b160a67bc"}
{"ip":"::ffff:192.168.1.22","level":"info","message":"GET /api/payment-numbers 200 — 9ms","timestamp":"2026-09-24 15:15:19","userId":"577dca8f-6f0e-4b76-8ee3-814b160a67bc"}
{"ip":"::ffff:192.168.1.22","level":"info","message":"GET /api/orders?page=1&limit=50 200 — 8ms","timestamp":"2026-09-24 15:15:26","userId":"577dca8f-6f0e-4b76-8ee3-814b160a67bc"}
{"level":"info","message":"[Socket] Disconnected: sNBZBZYAMm7FvCRDAAAU","timestamp":"2026-09-24 15:15:59"}
{"level":"info","message":"[Socket] Connected: 2Xhd4bVXP4hn9EITAAAW | User: 577dca8f-6f0e-4b76-8ee3-814b160a67bc","timestamp":"2026-09-24 15:16:53"}
{"level":"info","message":"[Socket] Disconnected: 2Xhd4bVXP4hn9EITAAAW","timestamp":"2026-09-24 15:16:55"}
{"level":"info","message":"[Socket] Connected: yBYEC14ek2R9sBYlAAAZ | User: 577dca8f-6f0e-4b76-8ee3-814b160a67bc","timestamp":"2026-09-24 15:16:58"}
{"ip":"::ffff:192.168.1.22","level":"info","message":"GET /api/auth/me 200 — 57ms","timestamp":"2026-09-24 15:16:58","userId":"577dca8f-6f0e-4b76-8ee3-814b160a67bc"}
{"ip":"::ffff:192.168.1.22","level":"info","message":"GET /api/categories/active 200 — 59ms","timestamp":"2026-09-24 15:16:58","userId":"577dca8f-6f0e-4b76-8ee3-814b160a67bc"}
{"ip":"::ffff:192.168.1.22","level":"info","message":"GET /api/products?page=1&limit=100 200 — 90ms","timestamp":"2026-09-24 15:16:58","userId":"577dca8f-6f0e-4b76-8ee3-814b160a67bc"}
{"ip":"::ffff:192.168.1.22","level":"info","message":"GET /api/products 200 — 18ms","timestamp":"2026-09-24 15:16:58","userId":"577dca8f-6f0e-4b76-8ee3-814b160a67bc"}
{"ip":"::ffff:192.168.1.22","level":"info","message":"GET /api/flavors?page=1&limit=100 200 — 19ms","timestamp":"2026-09-24 15:16:58","userId":"577dca8f-6f0e-4b76-8ee3-814b160a67bc"}
{"ip":"::ffff:192.168.1.22","level":"info","message":"GET /api/flavors/active 200 — 5ms","timestamp":"2026-09-24 15:16:59","userId":"577dca8f-6f0e-4b76-8ee3-814b160a67bc"}
{"ip":"::ffff:192.168.1.22","level":"info","message":"GET /api/categories?page=1&limit=100 200 — 6ms","timestamp":"2026-09-24 15:16:59","userId":"577dca8f-6f0e-4b76-8ee3-814b160a67bc"}
{"ip":"::ffff:192.168.1.22","level":"info","message":"GET /api/users?page=1&limit=100 200 — 7ms","timestamp":"2026-09-24 15:16:59","userId":"577dca8f-6f0e-4b76-8ee3-814b160a67bc"}
{"ip":"::ffff:192.168.1.22","level":"info","message":"GET /api/stock 200 — 10ms","timestamp":"2026-09-24 15:16:59","userId":"577dca8f-6f0e-4b76-8ee3-814b160a67bc"}
{"ip":"::ffff:192.168.1.22","level":"info","message":"GET /api/orders?page=1&limit=1 200 — 32ms","timestamp":"2026-09-24 15:16:59","userId":"577dca8f-6f0e-4b76-8ee3-814b160a67bc"}
{"ip":"::ffff:192.168.1.22","level":"info","message":"GET /api/payment-numbers 200 — 9ms","timestamp":"2026-09-24 15:16:59","userId":"577dca8f-6f0e-4b76-8ee3-814b160a67bc"}
{"ip":"::ffff:192.168.1.22","level":"info","message":"GET /api/orders?page=1&limit=50 200 — 17ms","timestamp":"2026-09-24 15:17:00","userId":"577dca8f-6f0e-4b76-8ee3-814b160a67bc"}
{"ip":"::ffff:192.168.1.22","level":"info","message":"GET /api/orders?page=1&limit=50 200 — 19ms","timestamp":"2026-09-24 15:17:02","userId":"577dca8f-6f0e-4b76-8ee3-814b160a67bc"}
{"ip":"::ffff:192.168.1.22","level":"info","message":"GET /api/orders?page=1&limit=50 200 — 12ms","timestamp":"2026-09-24 15:17:04","userId":"577dca8f-6f0e-4b76-8ee3-814b160a67bc"}
{"ip":"::ffff:192.168.1.22","level":"info","message":"POST /api/auth/logout 200 — 32ms","timestamp":"2026-09-24 15:17:11","userId":"577dca8f-6f0e-4b76-8ee3-814b160a67bc"}
{"level":"info","message":"[Socket] Disconnected: yBYEC14ek2R9sBYlAAAZ","timestamp":"2026-09-24 15:17:11"}
{"ip":"::ffff:192.168.1.22","level":"info","message":"POST /api/auth/google 200 — 17ms","timestamp":"2026-09-24 15:17:13","userId":"-"}
{"ip":"::ffff:192.168.1.22","level":"info","message":"GET /api/categories/active 200 — 2ms","timestamp":"2026-09-24 15:17:14","userId":"c2f09762-eb83-40c7-af4d-b86aad0e8d86"}
{"level":"info","message":"[Socket] Connected: YHyJVV344Ul_1nE1AAAb | User: 577dca8f-6f0e-4b76-8ee3-814b160a67bc","timestamp":"2026-09-24 15:17:14"}
{"ip":"::ffff:192.168.1.22","level":"info","message":"GET /api/products 200 — 29ms","timestamp":"2026-09-24 15:17:14","userId":"c2f09762-eb83-40c7-af4d-b86aad0e8d86"}
{"ip":"::ffff:192.168.1.22","level":"info","message":"GET /api/flavors/active 200 — 4ms","timestamp":"2026-09-24 15:17:14","userId":"c2f09762-eb83-40c7-af4d-b86aad0e8d86"}
{"ip":"::ffff:192.168.1.22","level":"info","message":"GET /api/orders/my-orders?page=1&limit=50 200 — 7ms","timestamp":"2026-09-24 15:17:14","userId":"c2f09762-eb83-40c7-af4d-b86aad0e8d86"}
{"ip":"::ffff:192.168.1.22","level":"info","message":"GET /api/orders/my-orders?page=1&limit=1 200 — 6ms","timestamp":"2026-09-24 15:17:14","userId":"c2f09762-eb83-40c7-af4d-b86aad0e8d86"}
{"ip":"::ffff:192.168.1.22","level":"info","message":"DELETE /api/auth/account 200 — 13ms","timestamp":"2026-09-24 15:17:22","userId":"c2f09762-eb83-40c7-af4d-b86aad0e8d86"}
{"level":"info","message":"[Socket] Disconnected: YHyJVV344Ul_1nE1AAAb","timestamp":"2026-09-24 15:17:22"}
{"body":{"idToken":"eyJhbGciOiJSUzI1NiIsImtpZCI6ImYxMGY4NzQwNWE5NzljMWRmMzZkZjI2NjA2NzM0ZjMzY2Q4NWMyNzEiLCJ0eXAiOiJKV1QifQ.eyJpc3MiOiJodHRwczovL2FjY291bnRzLmdvb2dsZS5jb20iLCJhenAiOiI5OTUyNTIwNTE0NTEtMGlsNGphN2tyZW9xdTQ1MHJoa3I5N21zOGltN3YxZjIuYXBwcy5nb29nbGV1c2VyY29udGVudC5jb20iLCJhdWQiOiI5OTUyNTIwNTE0NTEtNjMwamI0ZzY4YTRwc2M5dTlpbDlydGVzNnM0dG44cWouYXBwcy5nb29nbGV1c2VyY29udGVudC5jb20iLCJzdWIiOiIxMTI5MjE2NjI2MTgzODAzODA2ODAiLCJlbWFpbCI6Im1yLmhvdWRhMjAwMUBnbWFpbC5jb20iLCJlbWFpbF92ZXJpZmllZCI6dHJ1ZSwibmFtZSI6Ik1haG1vdWQgRWxzYXllZCIsInBpY3R1cmUiOiJodHRwczovL2xoMy5nb29nbGV1c2VyY29udGVudC5jb20vYS9BQ2c4b2NKazFXR3hsMG9jODFYdk5jMFNIVmJMWGRtLXJDbXk0VmpZTTYzSnpKV1VXamhFbDhlc1d3PXM5Ni1jIiwiZ2l2ZW5fbmFtZSI6Ik1haG1vdWQiLCJmYW1pbHlfbmFtZSI6IkVsc2F5ZWQiLCJpYXQiOjE3OTAyNTEwNzMsImV4cCI6MTc5MDI1NDY3M30.i-nTQUewe3x1ybKZRrR8TpNtU7BZr5JbuO7URyXl0rBCiq7pWJ46qPg5hi_ddUAWdx_pHS0YutcQdPHurnW4c5g6AqDt-Ktd2ivo4585IMMtssC2LFGInHPA5w0vMUlpMywUwpeF8rLuceBze_fLZs8GJtbLSsf8bXZUg9M8sIdLlwYSWS7oa6p0T0ZjDpUBH3lciMIb-lXVHV6wxZV132v4O6rRt2wsVbLrwRDHJEtRriGJ7ApZUUj4KezeBtBYrwRUncKpNXfg43im_PSLiBJIagO2HsfaQEPN2UdEUYoW26Isyy0DshRRjFY_MRZNqNyPfWKVTvOwNZjwfJJNGw"},"level":"error","message":"[POST] /api/auth/google — Account is deactivated","stack":"Error: Account is deactivated\n    at AuthService.googleLogin (D:\\Training\\Java\\java_backend\\services\\auth.service.js:177:31)\n    at process.processTicksAndRejections (node:internal/process/task_queues:104:5)\n    at async googleLogin (D:\\Training\\Java\\java_backend\\controllers\\auth.controller.js:54:22)","timestamp":"2026-09-24 15:17:26","userId":"unauthenticated"}
{"ip":"::ffff:192.168.1.22","level":"warn","message":"POST /api/auth/google 401 — 22ms","timestamp":"2026-09-24 15:17:26","userId":"-"}
{"body":{"idToken":"eyJhbGciOiJSUzI1NiIsImtpZCI6ImYxMGY4NzQwNWE5NzljMWRmMzZkZjI2NjA2NzM0ZjMzY2Q4NWMyNzEiLCJ0eXAiOiJKV1QifQ.eyJpc3MiOiJodHRwczovL2FjY291bnRzLmdvb2dsZS5jb20iLCJhenAiOiI5OTUyNTIwNTE0NTEtMGlsNGphN2tyZW9xdTQ1MHJoa3I5N21zOGltN3YxZjIuYXBwcy5nb29nbGV1c2VyY29udGVudC5jb20iLCJhdWQiOiI5OTUyNTIwNTE0NTEtNjMwamI0ZzY4YTRwc2M5dTlpbDlydGVzNnM0dG44cWouYXBwcy5nb29nbGV1c2VyY29udGVudC5jb20iLCJzdWIiOiIxMTI5MjE2NjI2MTgzODAzODA2ODAiLCJlbWFpbCI6Im1yLmhvdWRhMjAwMUBnbWFpbC5jb20iLCJlbWFpbF92ZXJpZmllZCI6dHJ1ZSwibmFtZSI6Ik1haG1vdWQgRWxzYXllZCIsInBpY3R1cmUiOiJodHRwczovL2xoMy5nb29nbGV1c2VyY29udGVudC5jb20vYS9BQ2c4b2NKazFXR3hsMG9jODFYdk5jMFNIVmJMWGRtLXJDbXk0VmpZTTYzSnpKV1VXamhFbDhlc1d3PXM5Ni1jIiwiZ2l2ZW5fbmFtZSI6Ik1haG1vdWQiLCJmYW1pbHlfbmFtZSI6IkVsc2F5ZWQiLCJpYXQiOjE3OTAyNTEwNzMsImV4cCI6MTc5MDI1NDY3M30.i-nTQUewe3x1ybKZRrR8TpNtU7BZr5JbuO7URyXl0rBCiq7pWJ46qPg5hi_ddUAWdx_pHS0YutcQdPHurnW4c5g6AqDt-Ktd2ivo4585IMMtssC2LFGInHPA5w0vMUlpMywUwpeF8rLuceBze_fLZs8GJtbLSsf8bXZUg9M8sIdLlwYSWS7oa6p0T0ZjDpUBH3lciMIb-lXVHV6wxZV132v4O6rRt2wsVbLrwRDHJEtRriGJ7ApZUUj4KezeBtBYrwRUncKpNXfg43im_PSLiBJIagO2HsfaQEPN2UdEUYoW26Isyy0DshRRjFY_MRZNqNyPfWKVTvOwNZjwfJJNGw"},"level":"error","message":"[POST] /api/auth/google — Account is deactivated","stack":"Error: Account is deactivated\n    at AuthService.googleLogin (D:\\Training\\Java\\java_backend\\services\\auth.service.js:177:31)\n    at process.processTicksAndRejections (node:internal/process/task_queues:104:5)\n    at async googleLogin (D:\\Training\\Java\\java_backend\\controllers\\auth.controller.js:54:22)","timestamp":"2026-09-24 15:17:33","userId":"unauthenticated"}
{"ip":"::ffff:192.168.1.22","level":"warn","message":"POST /api/auth/google 401 — 4ms","timestamp":"2026-09-24 15:17:33","userId":"-"}
{"level":"info","message":"✅ Socket.IO initialized","timestamp":"2026-09-24 15:22:30"}
{"level":"info","message":"✅ Database connected","timestamp":"2026-09-24 15:22:30"}
{"level":"info","message":"Java Cafe POS API running on port 3000 [development]","timestamp":"2026-09-24 15:22:30"}
{"level":"info","message":"✅ Socket.IO initialized","timestamp":"2026-09-25 09:12:49"}
{"level":"info","message":"✅ Database connected","timestamp":"2026-09-25 09:12:50"}
{"level":"info","message":"Java Cafe POS API running on port 3000 [development]","timestamp":"2026-09-25 09:12:50"}
{"level":"info","message":"[Socket] Connected: s0pTtvkscfZuTMygAAAB | User: f99d896b-c4cf-4248-8824-974543fbd289","timestamp":"2026-09-25 09:15:19"}
{"level":"error","message":"[GET] /api/categories/active — User not found","stack":"Error: User not found\n    at authenticate (D:\\Training\\Java\\java_backend\\middlewares\\auth.js:18:30)\n    at process.processTicksAndRejections (node:internal/process/task_queues:104:5)","timestamp":"2026-09-25 09:15:20","userId":"unauthenticated"}
{"ip":"::ffff:192.168.1.3","level":"warn","message":"GET /api/categories/active 401 — 879ms","timestamp":"2026-09-25 09:15:20","userId":"-"}
{"level":"error","message":"[GET] /api/auth/me — User not found","stack":"Error: User not found\n    at authenticate (D:\\Training\\Java\\java_backend\\middlewares\\auth.js:18:30)\n    at process.processTicksAndRejections (node:internal/process/task_queues:104:5)","timestamp":"2026-09-25 09:15:20","userId":"unauthenticated"}
{"ip":"::ffff:192.168.1.3","level":"warn","message":"GET /api/auth/me 401 — 936ms","timestamp":"2026-09-25 09:15:20","userId":"-"}
{"level":"error","message":"[GET] /api/categories/active — User not found","stack":"Error: User not found\n    at authenticate (D:\\Training\\Java\\java_backend\\middlewares\\auth.js:18:30)\n    at process.processTicksAndRejections (node:internal/process/task_queues:104:5)","timestamp":"2026-09-25 09:15:20","userId":"unauthenticated"}
{"ip":"::ffff:192.168.1.3","level":"warn","message":"GET /api/categories/active 401 — 652ms","timestamp":"2026-09-25 09:15:20","userId":"-"}
{"body":{"refreshToken":"eyJhbGciOiJIUzI1NiIsInR5cCI6IkpXVCJ9.eyJpZCI6ImY5OWQ4OTZiLWM0Y2YtNDI0OC04ODI0LTk3NDU0M2ZiZDI4OSIsInJvbGUiOiJDVVNUT01FUiIsImlhdCI6MTc4OTk4OTA3OCwiZXhwIjoxNzkyNTgxMDc4fQ.uzpsGLvyf_dsF17iqHJP2582zYONh51eBBfoVNN7eio"},"level":"error","message":"[POST] /api/auth/refresh — Invalid or expired refresh token","stack":"Error: Invalid or expired refresh token\n    at AuthService.refresh (D:\\Training\\Java\\java_backend\\services\\auth.service.js:342:13)\n    at process.processTicksAndRejections (node:internal/process/task_queues:104:5)\n    at async refresh (D:\\Training\\Java\\java_backend\\controllers\\auth.controller.js:117:22)","timestamp":"2026-09-25 09:15:20","userId":"unauthenticated"}
{"ip":"::ffff:192.168.1.3","level":"warn","message":"POST /api/auth/refresh 401 — 29ms","timestamp":"2026-09-25 09:15:20","userId":"-"}
{"level":"info","message":"[Socket] Disconnected: s0pTtvkscfZuTMygAAAB","timestamp":"2026-09-25 09:15:21"}
{"level":"error","message":"[GET] /api/products — No token provided","stack":"Error: No token provided\n    at authenticate (D:\\Training\\Java\\java_backend\\middlewares\\auth.js:9:23)\n    at Layer.handleRequest (D:\\Training\\Java\\java_backend\\node_modules\\router\\lib\\layer.js:152:17)\n    at trimPrefix (D:\\Training\\Java\\java_backend\\node_modules\\router\\index.js:342:13)\n    at D:\\Training\\Java\\java_backend\\node_modules\\router\\index.js:297:9\n    at processParams (D:\\Training\\Java\\java_backend\\node_modules\\router\\index.js:582:12)\n    at next (D:\\Training\\Java\\java_backend\\node_modules\\router\\index.js:291:5)\n    at router.handle (D:\\Training\\Java\\java_backend\\node_modules\\router\\index.js:186:3)\n    at router (D:\\Training\\Java\\java_backend\\node_modules\\router\\index.js:60:12)\n    at Layer.handleRequest (D:\\Training\\Java\\java_backend\\node_modules\\router\\lib\\layer.js:152:17)\n    at trimPrefix (D:\\Training\\Java\\java_backend\\node_modules\\router\\index.js:342:13)","timestamp":"2026-09-25 09:15:21","userId":"unauthenticated"}
{"ip":"::ffff:192.168.1.3","level":"warn","message":"GET /api/products 401 — 1ms","timestamp":"2026-09-25 09:15:21","userId":"-"}
{"level":"error","message":"[GET] /api/products — No token provided","stack":"Error: No token provided\n    at authenticate (D:\\Training\\Java\\java_backend\\middlewares\\auth.js:9:23)\n    at Layer.handleRequest (D:\\Training\\Java\\java_backend\\node_modules\\router\\lib\\layer.js:152:17)\n    at trimPrefix (D:\\Training\\Java\\java_backend\\node_modules\\router\\index.js:342:13)\n    at D:\\Training\\Java\\java_backend\\node_modules\\router\\index.js:297:9\n    at processParams (D:\\Training\\Java\\java_backend\\node_modules\\router\\index.js:582:12)\n    at next (D:\\Training\\Java\\java_backend\\node_modules\\router\\index.js:291:5)\n    at router.handle (D:\\Training\\Java\\java_backend\\node_modules\\router\\index.js:186:3)\n    at router (D:\\Training\\Java\\java_backend\\node_modules\\router\\index.js:60:12)\n    at Layer.handleRequest (D:\\Training\\Java\\java_backend\\node_modules\\router\\lib\\layer.js:152:17)\n    at trimPrefix (D:\\Training\\Java\\java_backend\\node_modules\\router\\index.js:342:13)","timestamp":"2026-09-25 09:15:21","userId":"unauthenticated"}
{"ip":"::ffff:192.168.1.3","level":"warn","message":"GET /api/products 401 — 2ms","timestamp":"2026-09-25 09:15:21","userId":"-"}
{"level":"error","message":"[GET] /api/flavors/active — No token provided","stack":"Error: No token provided\n    at authenticate (D:\\Training\\Java\\java_backend\\middlewares\\auth.js:9:23)\n    at Layer.handleRequest (D:\\Training\\Java\\java_backend\\node_modules\\router\\lib\\layer.js:152:17)\n    at trimPrefix (D:\\Training\\Java\\java_backend\\node_modules\\router\\index.js:342:13)\n    at D:\\Training\\Java\\java_backend\\node_modules\\router\\index.js:297:9\n    at processParams (D:\\Training\\Java\\java_backend\\node_modules\\router\\index.js:582:12)\n    at next (D:\\Training\\Java\\java_backend\\node_modules\\router\\index.js:291:5)\n    at router.handle (D:\\Training\\Java\\java_backend\\node_modules\\router\\index.js:186:3)\n    at router (D:\\Training\\Java\\java_backend\\node_modules\\router\\index.js:60:12)\n    at Layer.handleRequest (D:\\Training\\Java\\java_backend\\node_modules\\router\\lib\\layer.js:152:17)\n    at trimPrefix (D:\\Training\\Java\\java_backend\\node_modules\\router\\index.js:342:13)","timestamp":"2026-09-25 09:15:21","userId":"unauthenticated"}
{"ip":"::ffff:192.168.1.3","level":"warn","message":"GET /api/flavors/active 401 — 1ms","timestamp":"2026-09-25 09:15:21","userId":"-"}
{"level":"error","message":"[GET] /api/flavors/active — No token provided","stack":"Error: No token provided\n    at authenticate (D:\\Training\\Java\\java_backend\\middlewares\\auth.js:9:23)\n    at Layer.handleRequest (D:\\Training\\Java\\java_backend\\node_modules\\router\\lib\\layer.js:152:17)\n    at trimPrefix (D:\\Training\\Java\\java_backend\\node_modules\\router\\index.js:342:13)\n    at D:\\Training\\Java\\java_backend\\node_modules\\router\\index.js:297:9\n    at processParams (D:\\Training\\Java\\java_backend\\node_modules\\router\\index.js:582:12)\n    at next (D:\\Training\\Java\\java_backend\\node_modules\\router\\index.js:291:5)\n    at router.handle (D:\\Training\\Java\\java_backend\\node_modules\\router\\index.js:186:3)\n    at router (D:\\Training\\Java\\java_backend\\node_modules\\router\\index.js:60:12)\n    at Layer.handleRequest (D:\\Training\\Java\\java_backend\\node_modules\\router\\lib\\layer.js:152:17)\n    at trimPrefix (D:\\Training\\Java\\java_backend\\node_modules\\router\\index.js:342:13)","timestamp":"2026-09-25 09:15:21","userId":"unauthenticated"}
{"ip":"::ffff:192.168.1.3","level":"warn","message":"GET /api/flavors/active 401 — 1ms","timestamp":"2026-09-25 09:15:21","userId":"-"}
{"level":"error","message":"[GET] /api/orders?page=1&limit=1 — No token provided","stack":"Error: No token provided\n    at authenticate (D:\\Training\\Java\\java_backend\\middlewares\\auth.js:9:23)\n    at Layer.handleRequest (D:\\Training\\Java\\java_backend\\node_modules\\router\\lib\\layer.js:152:17)\n    at trimPrefix (D:\\Training\\Java\\java_backend\\node_modules\\router\\index.js:342:13)\n    at D:\\Training\\Java\\java_backend\\node_modules\\router\\index.js:297:9\n    at processParams (D:\\Training\\Java\\java_backend\\node_modules\\router\\index.js:582:12)\n    at next (D:\\Training\\Java\\java_backend\\node_modules\\router\\index.js:291:5)\n    at router.handle (D:\\Training\\Java\\java_backend\\node_modules\\router\\index.js:186:3)\n    at router (D:\\Training\\Java\\java_backend\\node_modules\\router\\index.js:60:12)\n    at Layer.handleRequest (D:\\Training\\Java\\java_backend\\node_modules\\router\\lib\\layer.js:152:17)\n    at trimPrefix (D:\\Training\\Java\\java_backend\\node_modules\\router\\index.js:342:13)","timestamp":"2026-09-25 09:15:21","userId":"unauthenticated"}
{"ip":"::ffff:192.168.1.3","level":"warn","message":"GET /api/orders?page=1&limit=1 401 — 1ms","timestamp":"2026-09-25 09:15:21","userId":"-"}
{"level":"error","message":"[GET] /api/orders?page=1&limit=1 — No token provided","stack":"Error: No token provided\n    at authenticate (D:\\Training\\Java\\java_backend\\middlewares\\auth.js:9:23)\n    at Layer.handleRequest (D:\\Training\\Java\\java_backend\\node_modules\\router\\lib\\layer.js:152:17)\n    at trimPrefix (D:\\Training\\Java\\java_backend\\node_modules\\router\\index.js:342:13)\n    at D:\\Training\\Java\\java_backend\\node_modules\\router\\index.js:297:9\n    at processParams (D:\\Training\\Java\\java_backend\\node_modules\\router\\index.js:582:12)\n    at next (D:\\Training\\Java\\java_backend\\node_modules\\router\\index.js:291:5)\n    at router.handle (D:\\Training\\Java\\java_backend\\node_modules\\router\\index.js:186:3)\n    at router (D:\\Training\\Java\\java_backend\\node_modules\\router\\index.js:60:12)\n    at Layer.handleRequest (D:\\Training\\Java\\java_backend\\node_modules\\router\\lib\\layer.js:152:17)\n    at trimPrefix (D:\\Training\\Java\\java_backend\\node_modules\\router\\index.js:342:13)","timestamp":"2026-09-25 09:15:21","userId":"unauthenticated"}
{"ip":"::ffff:192.168.1.3","level":"warn","message":"GET /api/orders?page=1&limit=1 401 — 1ms","timestamp":"2026-09-25 09:15:21","userId":"-"}
{"ip":"::ffff:192.168.1.3","level":"info","message":"POST /api/auth/login 200 — 415ms","timestamp":"2026-09-25 09:16:21","userId":"-"}
{"level":"info","message":"[Socket] Connected: ayyOR35AUpq85S8QAAAD | User: f99d896b-c4cf-4248-8824-974543fbd289","timestamp":"2026-09-25 09:16:22"}
{"ip":"::ffff:192.168.1.3","level":"info","message":"GET /api/categories/active 200 — 45ms","timestamp":"2026-09-25 09:16:22","userId":"577dca8f-6f0e-4b76-8ee3-814b160a67bc"}
{"ip":"::ffff:192.168.1.3","level":"info","message":"GET /api/products?page=1&limit=100 200 — 97ms","timestamp":"2026-09-25 09:16:22","userId":"577dca8f-6f0e-4b76-8ee3-814b160a67bc"}
{"ip":"::ffff:192.168.1.3","level":"info","message":"GET /api/products 200 — 10ms","timestamp":"2026-09-25 09:16:22","userId":"577dca8f-6f0e-4b76-8ee3-814b160a67bc"}
{"ip":"::ffff:192.168.1.3","level":"info","message":"GET /api/flavors/active 200 — 7ms","timestamp":"2026-09-25 09:16:23","userId":"577dca8f-6f0e-4b76-8ee3-814b160a67bc"}
{"ip":"::ffff:192.168.1.3","level":"info","message":"GET /api/flavors?page=1&limit=100 200 — 9ms","timestamp":"2026-09-25 09:16:23","userId":"577dca8f-6f0e-4b76-8ee3-814b160a67bc"}
{"ip":"::ffff:192.168.1.3","level":"info","message":"GET /api/categories?page=1&limit=100 200 — 7ms","timestamp":"2026-09-25 09:16:23","userId":"577dca8f-6f0e-4b76-8ee3-814b160a67bc"}
{"ip":"::ffff:192.168.1.3","level":"info","message":"GET /api/users?page=1&limit=100 200 — 5ms","timestamp":"2026-09-25 09:16:23","userId":"577dca8f-6f0e-4b76-8ee3-814b160a67bc"}
{"ip":"::ffff:192.168.1.3","level":"info","message":"GET /api/orders?page=1&limit=1 200 — 66ms","timestamp":"2026-09-25 09:16:23","userId":"577dca8f-6f0e-4b76-8ee3-814b160a67bc"}
{"ip":"::ffff:192.168.1.3","level":"info","message":"GET /api/stock 200 — 33ms","timestamp":"2026-09-25 09:16:23","userId":"577dca8f-6f0e-4b76-8ee3-814b160a67bc"}
{"ip":"::ffff:192.168.1.3","level":"info","message":"GET /api/payment-numbers 200 — 37ms","timestamp":"2026-09-25 09:16:23","userId":"577dca8f-6f0e-4b76-8ee3-814b160a67bc"}
{"ip":"::ffff:192.168.1.3","level":"info","message":"GET /api/orders?page=1&limit=50 200 — 14ms","timestamp":"2026-09-25 09:16:29","userId":"577dca8f-6f0e-4b76-8ee3-814b160a67bc"}
{"level":"info","message":"✅ Socket.IO initialized","timestamp":"2026-09-25 09:19:50"}
{"level":"info","message":"✅ Database connected","timestamp":"2026-09-25 09:19:50"}
{"level":"info","message":"Java Cafe POS API running on port 3000 [development]","timestamp":"2026-09-25 09:19:50"}
{"level":"info","message":"[Socket] Connected: Hd4QlOEapLj9Dv_fAAAB | User: f99d896b-c4cf-4248-8824-974543fbd289","timestamp":"2026-09-25 09:19:51"}
{"level":"info","message":"✅ Socket.IO initialized","timestamp":"2026-09-25 09:19:54"}
{"level":"info","message":"✅ Database connected","timestamp":"2026-09-25 09:19:54"}
{"level":"info","message":"Java Cafe POS API running on port 3000 [development]","timestamp":"2026-09-25 09:19:54"}
{"level":"info","message":"[Socket] Connected: -hl1062gF-ywIMk4AAAB | User: f99d896b-c4cf-4248-8824-974543fbd289","timestamp":"2026-09-25 09:19:55"}
{"level":"info","message":"✅ Socket.IO initialized","timestamp":"2026-09-25 09:20:03"}
{"level":"info","message":"✅ Database connected","timestamp":"2026-09-25 09:20:03"}
{"level":"info","message":"Java Cafe POS API running on port 3000 [development]","timestamp":"2026-09-25 09:20:03"}
{"level":"info","message":"[Socket] Connected: CG0sdVgVT2AAcPmTAAAB | User: f99d896b-c4cf-4248-8824-974543fbd289","timestamp":"2026-09-25 09:20:04"}
{"ip":"::ffff:192.168.1.3","level":"info","message":"POST /api/auth/logout 200 — 243ms","timestamp":"2026-09-25 09:20:37","userId":"577dca8f-6f0e-4b76-8ee3-814b160a67bc"}
{"level":"info","message":"[Socket] Disconnected: CG0sdVgVT2AAcPmTAAAB","timestamp":"2026-09-25 09:20:37"}
{"level":"info","message":"SIGINT received — shutting down gracefully","timestamp":"2026-09-25 09:20:48"}
{"level":"info","message":"✅ Socket.IO initialized","timestamp":"2026-09-25 09:20:55"}
{"level":"info","message":"✅ Database connected","timestamp":"2026-09-25 09:20:55"}
{"level":"info","message":"Java Cafe POS API running on port 3000 [development]","timestamp":"2026-09-25 09:20:55"}
{"body":{"idToken":"eyJhbGciOiJSUzI1NiIsImtpZCI6ImYxMGY4NzQwNWE5NzljMWRmMzZkZjI2NjA2NzM0ZjMzY2Q4NWMyNzEiLCJ0eXAiOiJKV1QifQ.eyJpc3MiOiJodHRwczovL2FjY291bnRzLmdvb2dsZS5jb20iLCJhenAiOiI5OTUyNTIwNTE0NTEtMGlsNGphN2tyZW9xdTQ1MHJoa3I5N21zOGltN3YxZjIuYXBwcy5nb29nbGV1c2VyY29udGVudC5jb20iLCJhdWQiOiI5OTUyNTIwNTE0NTEtNjMwamI0ZzY4YTRwc2M5dTlpbDlydGVzNnM0dG44cWouYXBwcy5nb29nbGV1c2VyY29udGVudC5jb20iLCJzdWIiOiIxMDQyNzI5OTk0MTU2ODI1NjYxMTgiLCJlbWFpbCI6Im1haG1vdWRlbGJhaHkzQGdtYWlsLmNvbSIsImVtYWlsX3ZlcmlmaWVkIjp0cnVlLCJuYW1lIjoiTWFobW91ZCBFbGJhaHkiLCJwaWN0dXJlIjoiaHR0cHM6Ly9saDMuZ29vZ2xldXNlcmNvbnRlbnQuY29tL2EvQUNnOG9jSzhYRTdtcUQ0SFZFSzRVZHRXT2VPV3F1aHd4MlBrZzVEUjVEWDFHajlLZDM0THd3PXM5Ni1jIiwiZ2l2ZW5fbmFtZSI6Ik1haG1vdWQiLCJmYW1pbHlfbmFtZSI6IkVsYmFoeSIsImlhdCI6MTc5MDMzMjM1NCwiZXhwIjoxNzkwMzM1OTU0fQ.XOoK3BmaYwJRO7KOFfHe377zRZGq2D0RvE9z1_cxTCrBVTo9fVQsPfbUfd0DpBoBdf4Jo2_R3AsH5BaVuV_faoRbT3kmrRhsrQHJAAjD0kwLCsQN4Kg9Q9i3OERnP3SL4Ulahwl9Kj6LZzKiw281yr_tuibzjICV73Fogmw_awWhiGtsjmf9ahw0U9UpK9ok5iA6AaJ3IoIcodeLYDWNmDpRQwu3Z8DxEGHs_8k-KbjItGsrUSLr8Oq93h6Agy4K6_uNgYD2oV3R_WIlsBOoJAi4wQkw4Fv7nmGkH3cNQWUxxqw6ydk2zuHdq-A_hSigHklmyGkdoTNvU191EgtrOw"},"level":"error","message":"[POST] /api/auth/google — Invalid Google ID Token","stack":"Error: Invalid Google ID Token\n    at AuthService.googleLogin (D:\\Training\\Java\\java_backend\\services\\auth.service.js:169:13)\n    at process.processTicksAndRejections (node:internal/process/task_queues:104:5)\n    at async googleLogin (D:\\Training\\Java\\java_backend\\controllers\\auth.controller.js:54:22)","timestamp":"2026-09-25 09:21:23","userId":"unauthenticated"}
{"ip":"::ffff:192.168.1.3","level":"warn","message":"POST /api/auth/google 401 — 2914ms","timestamp":"2026-09-25 09:21:23","userId":"-"}
{"ip":"::ffff:192.168.1.3","level":"info","message":"POST /api/auth/login 200 — 1043ms","timestamp":"2026-09-25 09:21:26","userId":"-"}
{"ip":"::ffff:192.168.1.3","level":"info","message":"GET /api/categories/active 200 — 19ms","timestamp":"2026-09-25 09:21:27","userId":"577dca8f-6f0e-4b76-8ee3-814b160a67bc"}
{"level":"info","message":"[Socket] Connected: fbX-viPN-e-CqukZAAAB | User: f99d896b-c4cf-4248-8824-974543fbd289","timestamp":"2026-09-25 09:21:27"}
{"ip":"::ffff:192.168.1.3","level":"info","message":"GET /api/products?page=1&limit=100 200 — 50ms","timestamp":"2026-09-25 09:21:27","userId":"577dca8f-6f0e-4b76-8ee3-814b160a67bc"}
{"ip":"::ffff:192.168.1.3","level":"info","message":"GET /api/products 200 — 68ms","timestamp":"2026-09-25 09:21:27","userId":"577dca8f-6f0e-4b76-8ee3-814b160a67bc"}
{"ip":"::ffff:192.168.1.3","level":"info","message":"GET /api/flavors/active 200 — 6ms","timestamp":"2026-09-25 09:21:28","userId":"577dca8f-6f0e-4b76-8ee3-814b160a67bc"}
{"ip":"::ffff:192.168.1.3","level":"info","message":"GET /api/flavors?page=1&limit=100 200 — 12ms","timestamp":"2026-09-25 09:21:28","userId":"577dca8f-6f0e-4b76-8ee3-814b160a67bc"}
{"ip":"::ffff:192.168.1.3","level":"info","message":"GET /api/categories?page=1&limit=100 200 — 6ms","timestamp":"2026-09-25 09:21:28","userId":"577dca8f-6f0e-4b76-8ee3-814b160a67bc"}
{"ip":"::ffff:192.168.1.3","level":"info","message":"GET /api/orders?page=1&limit=1 200 — 23ms","timestamp":"2026-09-25 09:21:28","userId":"577dca8f-6f0e-4b76-8ee3-814b160a67bc"}
{"ip":"::ffff:192.168.1.3","level":"info","message":"GET /api/users?page=1&limit=100 200 — 5ms","timestamp":"2026-09-25 09:21:28","userId":"577dca8f-6f0e-4b76-8ee3-814b160a67bc"}
{"ip":"::ffff:192.168.1.3","level":"info","message":"GET /api/stock 200 — 6ms","timestamp":"2026-09-25 09:21:28","userId":"577dca8f-6f0e-4b76-8ee3-814b160a67bc"}
{"ip":"::ffff:192.168.1.3","level":"info","message":"GET /api/payment-numbers 200 — 10ms","timestamp":"2026-09-25 09:21:28","userId":"577dca8f-6f0e-4b76-8ee3-814b160a67bc"}
{"ip":"::ffff:192.168.1.3","level":"info","message":"GET /api/orders?page=1&limit=50 200 — 10ms","timestamp":"2026-09-25 09:21:30","userId":"577dca8f-6f0e-4b76-8ee3-814b160a67bc"}
{"level":"info","message":"✅ Socket.IO initialized","timestamp":"2026-09-25 09:24:13"}
{"level":"info","message":"✅ Database connected","timestamp":"2026-09-25 09:24:13"}
{"level":"info","message":"Java Cafe POS API running on port 3000 [development]","timestamp":"2026-09-25 09:24:13"}
{"level":"info","message":"[Socket] Connected: pBTsWzei4r9zzIT3AAAB | User: f99d896b-c4cf-4248-8824-974543fbd289","timestamp":"2026-09-25 09:24:13"}
{"level":"info","message":"✅ Socket.IO initialized","timestamp":"2026-09-25 09:24:17"}
{"level":"info","message":"✅ Database connected","timestamp":"2026-09-25 09:24:17"}
{"level":"info","message":"Java Cafe POS API running on port 3000 [development]","timestamp":"2026-09-25 09:24:17"}
{"level":"info","message":"[Socket] Connected: X4kkTtqG6IQoMoJcAAAB | User: f99d896b-c4cf-4248-8824-974543fbd289","timestamp":"2026-09-25 09:24:17"}
{"level":"info","message":"✅ Socket.IO initialized","timestamp":"2026-09-25 09:24:19"}
{"level":"info","message":"✅ Database connected","timestamp":"2026-09-25 09:24:19"}
{"level":"info","message":"Java Cafe POS API running on port 3000 [development]","timestamp":"2026-09-25 09:24:19"}
{"level":"info","message":"[Socket] Connected: A9AbFGmJe0JX4nQIAAAB | User: f99d896b-c4cf-4248-8824-974543fbd289","timestamp":"2026-09-25 09:24:20"}
{"level":"info","message":"✅ Socket.IO initialized","timestamp":"2026-09-25 09:24:48"}
{"level":"info","message":"✅ Database connected","timestamp":"2026-09-25 09:24:48"}
{"level":"info","message":"Java Cafe POS API running on port 3000 [development]","timestamp":"2026-09-25 09:24:48"}
{"level":"info","message":"[Socket] Connected: drivDone20aDK9tdAAAB | User: f99d896b-c4cf-4248-8824-974543fbd289","timestamp":"2026-09-25 09:24:49"}
{"level":"info","message":"✅ Socket.IO initialized","timestamp":"2026-09-25 10:10:30"}
{"level":"info","message":"✅ Database connected","timestamp":"2026-09-25 10:10:31"}
{"level":"info","message":"Java Cafe POS API running on port 3000 [development]","timestamp":"2026-09-25 10:10:31"}
{"level":"info","message":"[Socket] Connected: lB0KrnpnwK_-qgJzAAAB | User: 577dca8f-6f0e-4b76-8ee3-814b160a67bc","timestamp":"2026-09-25 10:11:48"}
{"ip":"::ffff:192.168.1.3","level":"info","message":"GET /api/auth/me 200 — 287ms","timestamp":"2026-09-25 10:11:48","userId":"577dca8f-6f0e-4b76-8ee3-814b160a67bc"}
{"ip":"::ffff:192.168.1.3","level":"info","message":"GET /api/categories/active 200 — 155ms","timestamp":"2026-09-25 10:11:48","userId":"577dca8f-6f0e-4b76-8ee3-814b160a67bc"}
{"ip":"::ffff:192.168.1.3","level":"info","message":"GET /api/categories/active 200 — 230ms","timestamp":"2026-09-25 10:11:48","userId":"577dca8f-6f0e-4b76-8ee3-814b160a67bc"}
{"ip":"::ffff:192.168.1.3","level":"info","message":"GET /api/products?page=1&limit=100 200 — 192ms","timestamp":"2026-09-25 10:11:48","userId":"577dca8f-6f0e-4b76-8ee3-814b160a67bc"}
{"ip":"::ffff:192.168.1.3","level":"info","message":"GET /api/products 200 — 73ms","timestamp":"2026-09-25 10:11:49","userId":"577dca8f-6f0e-4b76-8ee3-814b160a67bc"}
{"ip":"::ffff:192.168.1.3","level":"info","message":"GET /api/flavors?page=1&limit=100 200 — 73ms","timestamp":"2026-09-25 10:11:49","userId":"577dca8f-6f0e-4b76-8ee3-814b160a67bc"}
{"ip":"::ffff:192.168.1.3","level":"info","message":"GET /api/products 200 — 83ms","timestamp":"2026-09-25 10:11:49","userId":"577dca8f-6f0e-4b76-8ee3-814b160a67bc"}
{"ip":"::ffff:192.168.1.3","level":"info","message":"GET /api/flavors/active 200 — 16ms","timestamp":"2026-09-25 10:11:50","userId":"577dca8f-6f0e-4b76-8ee3-814b160a67bc"}
{"ip":"::ffff:192.168.1.3","level":"info","message":"GET /api/flavors/active 200 — 42ms","timestamp":"2026-09-25 10:11:50","userId":"577dca8f-6f0e-4b76-8ee3-814b160a67bc"}
{"ip":"::ffff:192.168.1.3","level":"info","message":"GET /api/categories?page=1&limit=100 200 — 55ms","timestamp":"2026-09-25 10:11:50","userId":"577dca8f-6f0e-4b76-8ee3-814b160a67bc"}
{"ip":"::ffff:192.168.1.3","level":"info","message":"GET /api/users?page=1&limit=100 200 — 12ms","timestamp":"2026-09-25 10:11:51","userId":"577dca8f-6f0e-4b76-8ee3-814b160a67bc"}
{"ip":"::ffff:192.168.1.3","level":"info","message":"GET /api/orders?page=1&limit=1 200 — 37ms","timestamp":"2026-09-25 10:11:51","userId":"577dca8f-6f0e-4b76-8ee3-814b160a67bc"}
{"ip":"::ffff:192.168.1.3","level":"info","message":"GET /api/orders?page=1&limit=1 200 — 59ms","timestamp":"2026-09-25 10:11:51","userId":"577dca8f-6f0e-4b76-8ee3-814b160a67bc"}
{"ip":"::ffff:192.168.1.3","level":"info","message":"GET /api/stock 200 — 33ms","timestamp":"2026-09-25 10:11:51","userId":"577dca8f-6f0e-4b76-8ee3-814b160a67bc"}
{"ip":"::ffff:192.168.1.3","level":"info","message":"GET /api/payment-numbers 200 — 42ms","timestamp":"2026-09-25 10:11:51","userId":"577dca8f-6f0e-4b76-8ee3-814b160a67bc"}
{"ip":"::ffff:192.168.1.3","level":"info","message":"GET /api/orders?page=1&limit=50 200 — 81ms","timestamp":"2026-09-25 10:12:13","userId":"577dca8f-6f0e-4b76-8ee3-814b160a67bc"}
{"ip":"::ffff:192.168.1.3","level":"info","message":"GET /api/orders?page=1&limit=50 200 — 7ms","timestamp":"2026-09-25 10:12:15","userId":"577dca8f-6f0e-4b76-8ee3-814b160a67bc"}
{"ip":"::ffff:192.168.1.3","level":"info","message":"GET /api/orders?page=1&limit=50 200 — 261ms","timestamp":"2026-09-25 10:12:20","userId":"577dca8f-6f0e-4b76-8ee3-814b160a67bc"}
{"ip":"::ffff:192.168.1.3","level":"info","message":"GET /api/orders?page=1&limit=50 200 — 57ms","timestamp":"2026-09-25 10:13:29","userId":"577dca8f-6f0e-4b76-8ee3-814b160a67bc"}
{"level":"info","message":"[Socket] Disconnected: lB0KrnpnwK_-qgJzAAAB","timestamp":"2026-09-25 10:20:05"}
{"ip":"::ffff:192.168.1.4","level":"info","message":"POST /api/auth/login 200 — 458ms","timestamp":"2026-09-25 10:20:41","userId":"-"}
{"ip":"::ffff:192.168.1.4","level":"info","message":"GET /api/categories/active 200 — 8ms","timestamp":"2026-09-25 10:20:42","userId":"577dca8f-6f0e-4b76-8ee3-814b160a67bc"}
{"ip":"::ffff:192.168.1.4","level":"info","message":"GET /api/products?page=1&limit=100 200 — 23ms","timestamp":"2026-09-25 10:20:43","userId":"577dca8f-6f0e-4b76-8ee3-814b160a67bc"}
{"level":"info","message":"[Socket] Connected: fYmRxds239ebirGvAAAD | User: 577dca8f-6f0e-4b76-8ee3-814b160a67bc","timestamp":"2026-09-25 10:20:43"}
{"ip":"::ffff:192.168.1.4","level":"info","message":"GET /api/products 200 — 51ms","timestamp":"2026-09-25 10:20:43","userId":"577dca8f-6f0e-4b76-8ee3-814b160a67bc"}
{"ip":"::ffff:192.168.1.4","level":"info","message":"GET /api/flavors?page=1&limit=100 200 — 8ms","timestamp":"2026-09-25 10:20:43","userId":"577dca8f-6f0e-4b76-8ee3-814b160a67bc"}
{"ip":"::ffff:192.168.1.4","level":"info","message":"GET /api/flavors/active 200 — 5ms","timestamp":"2026-09-25 10:20:43","userId":"577dca8f-6f0e-4b76-8ee3-814b160a67bc"}
{"ip":"::ffff:192.168.1.4","level":"info","message":"GET /api/categories?page=1&limit=100 200 — 5ms","timestamp":"2026-09-25 10:20:43","userId":"577dca8f-6f0e-4b76-8ee3-814b160a67bc"}
{"ip":"::ffff:192.168.1.4","level":"info","message":"GET /api/users?page=1&limit=100 200 — 4ms","timestamp":"2026-09-25 10:20:43","userId":"577dca8f-6f0e-4b76-8ee3-814b160a67bc"}
{"ip":"::ffff:192.168.1.4","level":"info","message":"GET /api/orders?page=1&limit=1 200 — 16ms","timestamp":"2026-09-25 10:20:43","userId":"577dca8f-6f0e-4b76-8ee3-814b160a67bc"}
{"ip":"::ffff:192.168.1.4","level":"info","message":"GET /api/stock 200 — 6ms","timestamp":"2026-09-25 10:20:43","userId":"577dca8f-6f0e-4b76-8ee3-814b160a67bc"}
{"ip":"::ffff:192.168.1.4","level":"info","message":"GET /api/payment-numbers 200 — 7ms","timestamp":"2026-09-25 10:20:43","userId":"577dca8f-6f0e-4b76-8ee3-814b160a67bc"}
{"ip":"::ffff:192.168.1.4","level":"info","message":"GET /api/orders?page=1&limit=50 200 — 8ms","timestamp":"2026-09-25 10:20:49","userId":"577dca8f-6f0e-4b76-8ee3-814b160a67bc"}
{"ip":"::ffff:192.168.1.4","level":"info","message":"GET /api/orders?page=1&limit=50 200 — 55ms","timestamp":"2026-09-25 10:21:17","userId":"577dca8f-6f0e-4b76-8ee3-814b160a67bc"}
{"level":"info","message":"[Socket] Disconnected: fYmRxds239ebirGvAAAD","timestamp":"2026-09-25 10:22:02"}
{"level":"info","message":"[Socket] Connected: cayiIZRsDxVqhDMqAAAF | User: 577dca8f-6f0e-4b76-8ee3-814b160a67bc","timestamp":"2026-09-25 10:22:40"}
{"level":"info","message":"[Socket] Disconnected: cayiIZRsDxVqhDMqAAAF","timestamp":"2026-09-25 10:23:12"}
{"level":"info","message":"[Socket] Connected: 4KbetvrfYwZUh32kAAAI | User: 577dca8f-6f0e-4b76-8ee3-814b160a67bc","timestamp":"2026-09-25 10:23:16"}
{"level":"info","message":"[Socket] Disconnected: 4KbetvrfYwZUh32kAAAI","timestamp":"2026-09-25 10:23:20"}
{"ip":"::ffff:192.168.1.4","level":"info","message":"POST /api/auth/logout 200 — 92ms","timestamp":"2026-09-25 10:24:28","userId":"577dca8f-6f0e-4b76-8ee3-814b160a67bc"}
{"body":{"idToken":"eyJhbGciOiJSUzI1NiIsImtpZCI6ImYxMGY4NzQwNWE5NzljMWRmMzZkZjI2NjA2NzM0ZjMzY2Q4NWMyNzEiLCJ0eXAiOiJKV1QifQ.eyJpc3MiOiJodHRwczovL2FjY291bnRzLmdvb2dsZS5jb20iLCJhenAiOiI5OTUyNTIwNTE0NTEtMGlsNGphN2tyZW9xdTQ1MHJoa3I5N21zOGltN3YxZjIuYXBwcy5nb29nbGV1c2VyY29udGVudC5jb20iLCJhdWQiOiI5OTUyNTIwNTE0NTEtNjMwamI0ZzY4YTRwc2M5dTlpbDlydGVzNnM0dG44cWouYXBwcy5nb29nbGV1c2VyY29udGVudC5jb20iLCJzdWIiOiIxMTI5MjE2NjI2MTgzODAzODA2ODAiLCJlbWFpbCI6Im1yLmhvdWRhMjAwMUBnbWFpbC5jb20iLCJlbWFpbF92ZXJpZmllZCI6dHJ1ZSwibmFtZSI6Ik1haG1vdWQgRWxzYXllZCIsInBpY3R1cmUiOiJodHRwczovL2xoMy5nb29nbGV1c2VyY29udGVudC5jb20vYS9BQ2c4b2NKazFXR3hsMG9jODFYdk5jMFNIVmJMWGRtLXJDbXk0VmpZTTYzSnpKV1VXamhFbDhlc1d3PXM5Ni1jIiwiZ2l2ZW5fbmFtZSI6Ik1haG1vdWQiLCJmYW1pbHlfbmFtZSI6IkVsc2F5ZWQiLCJpYXQiOjE3OTAzMzYxNTMsImV4cCI6MTc5MDMzOTc1M30.IttFVeqCh1uIqHz2qWsgqwDDid8wjPzIl24E_9kV4BqGOM2eEAXvtouL3GCntzBB44mtaoa1OnAMftE9yprp_K7brpq3yejUvSwerrVb8RPCol_QJ2-T-ltpvfYN-BNTyBqxnErzHCnBeshwSSZPvXyl5efqT28l4FeDCi8A6_XOwAKbDZ9DVCGnoWUr_YMFG-nIr5pjv5WoYBiRHdDibym58vDNq0yHKRpY0ckyU0TTBh5ZloSlcPRq-asfQSJ9hC3hoZgXDh4an-hEW_Pp3w9L-kZ7WBmFwOgKWq8zV0_ZkrtYsv0nufSA5vVEsvORkgUGvjaiykP55JWgjz6k6w"},"level":"error","message":"[POST] /api/auth/google — Invalid Google ID Token","stack":"Error: Invalid Google ID Token\n    at AuthService.googleLogin (D:\\Training\\Java\\java_backend\\services\\auth.service.js:169:13)\n    at process.processTicksAndRejections (node:internal/process/task_queues:104:5)\n    at async googleLogin (D:\\Training\\Java\\java_backend\\controllers\\auth.controller.js:54:22)","timestamp":"2026-09-25 10:24:40","userId":"unauthenticated"}
{"ip":"::ffff:192.168.1.4","level":"warn","message":"POST /api/auth/google 401 — 1017ms","timestamp":"2026-09-25 10:24:40","userId":"-"}
{"level":"info","message":"✅ Socket.IO initialized","timestamp":"2026-09-25 10:26:13"}
{"level":"info","message":"✅ Database connected","timestamp":"2026-09-25 10:26:14"}
{"level":"info","message":"Java Cafe POS API running on port 3000 [development]","timestamp":"2026-09-25 10:26:14"}
{"body":{"idToken":"eyJhbGciOiJSUzI1NiIsImtpZCI6ImYxMGY4NzQwNWE5NzljMWRmMzZkZjI2NjA2NzM0ZjMzY2Q4NWMyNzEiLCJ0eXAiOiJKV1QifQ.eyJpc3MiOiJodHRwczovL2FjY291bnRzLmdvb2dsZS5jb20iLCJhenAiOiI5OTUyNTIwNTE0NTEtMGlsNGphN2tyZW9xdTQ1MHJoa3I5N21zOGltN3YxZjIuYXBwcy5nb29nbGV1c2VyY29udGVudC5jb20iLCJhdWQiOiI5OTUyNTIwNTE0NTEtNjMwamI0ZzY4YTRwc2M5dTlpbDlydGVzNnM0dG44cWouYXBwcy5nb29nbGV1c2VyY29udGVudC5jb20iLCJzdWIiOiIxMTI5MjE2NjI2MTgzODAzODA2ODAiLCJlbWFpbCI6Im1yLmhvdWRhMjAwMUBnbWFpbC5jb20iLCJlbWFpbF92ZXJpZmllZCI6dHJ1ZSwibmFtZSI6Ik1haG1vdWQgRWxzYXllZCIsInBpY3R1cmUiOiJodHRwczovL2xoMy5nb29nbGV1c2VyY29udGVudC5jb20vYS9BQ2c4b2NKazFXR3hsMG9jODFYdk5jMFNIVmJMWGRtLXJDbXk0VmpZTTYzSnpKV1VXamhFbDhlc1d3PXM5Ni1jIiwiZ2l2ZW5fbmFtZSI6Ik1haG1vdWQiLCJmYW1pbHlfbmFtZSI6IkVsc2F5ZWQiLCJpYXQiOjE3OTAzMzYxNTMsImV4cCI6MTc5MDMzOTc1M30.IttFVeqCh1uIqHz2qWsgqwDDid8wjPzIl24E_9kV4BqGOM2eEAXvtouL3GCntzBB44mtaoa1OnAMftE9yprp_K7brpq3yejUvSwerrVb8RPCol_QJ2-T-ltpvfYN-BNTyBqxnErzHCnBeshwSSZPvXyl5efqT28l4FeDCi8A6_XOwAKbDZ9DVCGnoWUr_YMFG-nIr5pjv5WoYBiRHdDibym58vDNq0yHKRpY0ckyU0TTBh5ZloSlcPRq-asfQSJ9hC3hoZgXDh4an-hEW_Pp3w9L-kZ7WBmFwOgKWq8zV0_ZkrtYsv0nufSA5vVEsvORkgUGvjaiykP55JWgjz6k6w"},"level":"error","message":"[POST] /api/auth/google — Account is deactivated","stack":"Error: Account is deactivated\n    at AuthService.googleLogin (D:\\Training\\Java\\java_backend\\services\\auth.service.js:203:31)\n    at process.processTicksAndRejections (node:internal/process/task_queues:104:5)\n    at async googleLogin (D:\\Training\\Java\\java_backend\\controllers\\auth.controller.js:54:22)","timestamp":"2026-09-25 10:27:59","userId":"unauthenticated"}
{"ip":"::ffff:192.168.1.4","level":"warn","message":"POST /api/auth/google 401 — 621ms","timestamp":"2026-09-25 10:27:59","userId":"-"}
{"ip":"::ffff:192.168.1.4","level":"info","message":"POST /api/auth/login 200 — 480ms","timestamp":"2026-09-25 10:28:33","userId":"-"}
{"ip":"::ffff:192.168.1.4","level":"info","message":"GET /api/categories/active 200 — 22ms","timestamp":"2026-09-25 10:28:33","userId":"577dca8f-6f0e-4b76-8ee3-814b160a67bc"}
{"ip":"::ffff:192.168.1.4","level":"info","message":"GET /api/products?page=1&limit=100 200 — 40ms","timestamp":"2026-09-25 10:28:33","userId":"577dca8f-6f0e-4b76-8ee3-814b160a67bc"}
{"level":"info","message":"[Socket] Connected: XF9kOz12WpsOIpUwAAAB | User: 577dca8f-6f0e-4b76-8ee3-814b160a67bc","timestamp":"2026-09-25 10:28:34"}
{"ip":"::ffff:192.168.1.4","level":"info","message":"GET /api/flavors?page=1&limit=100 200 — 87ms","timestamp":"2026-09-25 10:28:34","userId":"577dca8f-6f0e-4b76-8ee3-814b160a67bc"}
{"ip":"::ffff:192.168.1.4","level":"info","message":"GET /api/products 200 — 133ms","timestamp":"2026-09-25 10:28:34","userId":"577dca8f-6f0e-4b76-8ee3-814b160a67bc"}
{"ip":"::ffff:192.168.1.4","level":"info","message":"GET /api/categories?page=1&limit=100 200 — 52ms","timestamp":"2026-09-25 10:28:34","userId":"577dca8f-6f0e-4b76-8ee3-814b160a67bc"}
{"ip":"::ffff:192.168.1.4","level":"info","message":"GET /api/flavors/active 200 — 40ms","timestamp":"2026-09-25 10:28:34","userId":"577dca8f-6f0e-4b76-8ee3-814b160a67bc"}
{"ip":"::ffff:192.168.1.4","level":"info","message":"GET /api/users?page=1&limit=100 200 — 43ms","timestamp":"2026-09-25 10:28:34","userId":"577dca8f-6f0e-4b76-8ee3-814b160a67bc"}
{"ip":"::ffff:192.168.1.4","level":"info","message":"GET /api/stock 200 — 102ms","timestamp":"2026-09-25 10:28:34","userId":"577dca8f-6f0e-4b76-8ee3-814b160a67bc"}
{"ip":"::ffff:192.168.1.4","level":"info","message":"GET /api/orders?page=1&limit=1 200 — 125ms","timestamp":"2026-09-25 10:28:34","userId":"577dca8f-6f0e-4b76-8ee3-814b160a67bc"}
{"ip":"::ffff:192.168.1.4","level":"info","message":"GET /api/payment-numbers 200 — 27ms","timestamp":"2026-09-25 10:28:34","userId":"577dca8f-6f0e-4b76-8ee3-814b160a67bc"}
{"ip":"::ffff:192.168.1.4","level":"info","message":"PATCH /api/users/c2f09762-eb83-40c7-af4d-b86aad0e8d86/activate 200 — 19ms","timestamp":"2026-09-25 10:28:37","userId":"577dca8f-6f0e-4b76-8ee3-814b160a67bc"}
{"ip":"::ffff:192.168.1.4","level":"info","message":"GET /api/categories/active 200 — 5ms","timestamp":"2026-09-25 10:28:37","userId":"577dca8f-6f0e-4b76-8ee3-814b160a67bc"}
{"ip":"::ffff:192.168.1.4","level":"info","message":"GET /api/products 200 — 37ms","timestamp":"2026-09-25 10:28:37","userId":"577dca8f-6f0e-4b76-8ee3-814b160a67bc"}
{"ip":"::ffff:192.168.1.4","level":"info","message":"GET /api/flavors/active 200 — 8ms","timestamp":"2026-09-25 10:28:37","userId":"577dca8f-6f0e-4b76-8ee3-814b160a67bc"}
{"ip":"::ffff:192.168.1.4","level":"info","message":"GET /api/orders?page=1&limit=1 200 — 27ms","timestamp":"2026-09-25 10:28:37","userId":"577dca8f-6f0e-4b76-8ee3-814b160a67bc"}
{"ip":"::ffff:192.168.1.4","level":"info","message":"PATCH /api/users/6fffa065-6a90-489b-ae0e-215d6470191f/deactivate 200 — 37ms","timestamp":"2026-09-25 10:28:43","userId":"577dca8f-6f0e-4b76-8ee3-814b160a67bc"}
{"ip":"::ffff:192.168.1.4","level":"info","message":"GET /api/categories/active 200 — 5ms","timestamp":"2026-09-25 10:28:43","userId":"577dca8f-6f0e-4b76-8ee3-814b160a67bc"}
{"ip":"::ffff:192.168.1.4","level":"info","message":"GET /api/products 200 — 14ms","timestamp":"2026-09-25 10:28:43","userId":"577dca8f-6f0e-4b76-8ee3-814b160a67bc"}
{"ip":"::ffff:192.168.1.4","level":"info","message":"GET /api/flavors/active 200 — 3ms","timestamp":"2026-09-25 10:28:43","userId":"577dca8f-6f0e-4b76-8ee3-814b160a67bc"}
{"ip":"::ffff:192.168.1.4","level":"info","message":"GET /api/orders?page=1&limit=1 200 — 11ms","timestamp":"2026-09-25 10:28:43","userId":"577dca8f-6f0e-4b76-8ee3-814b160a67bc"}
{"ip":"::ffff:192.168.1.4","level":"info","message":"PATCH /api/users/6fffa065-6a90-489b-ae0e-215d6470191f/activate 200 — 34ms","timestamp":"2026-09-25 10:28:52","userId":"577dca8f-6f0e-4b76-8ee3-814b160a67bc"}
{"ip":"::ffff:192.168.1.4","level":"info","message":"GET /api/categories/active 200 — 4ms","timestamp":"2026-09-25 10:28:52","userId":"577dca8f-6f0e-4b76-8ee3-814b160a67bc"}
{"ip":"::ffff:192.168.1.4","level":"info","message":"GET /api/products 200 — 18ms","timestamp":"2026-09-25 10:28:52","userId":"577dca8f-6f0e-4b76-8ee3-814b160a67bc"}
{"ip":"::ffff:192.168.1.4","level":"info","message":"GET /api/flavors/active 200 — 3ms","timestamp":"2026-09-25 10:28:52","userId":"577dca8f-6f0e-4b76-8ee3-814b160a67bc"}
{"ip":"::ffff:192.168.1.4","level":"info","message":"GET /api/orders?page=1&limit=1 200 — 10ms","timestamp":"2026-09-25 10:28:52","userId":"577dca8f-6f0e-4b76-8ee3-814b160a67bc"}
{"level":"info","message":"[Socket] Disconnected: XF9kOz12WpsOIpUwAAAB","timestamp":"2026-09-25 10:29:27"}
{"level":"info","message":"[Socket] Connected: fG98cK47cbTQCHWrAAAD | User: 577dca8f-6f0e-4b76-8ee3-814b160a67bc","timestamp":"2026-09-25 10:30:31"}
{"ip":"::ffff:192.168.1.4","level":"info","message":"GET /api/orders?page=1&limit=50 200 — 62ms","timestamp":"2026-09-25 10:31:53","userId":"577dca8f-6f0e-4b76-8ee3-814b160a67bc"}
{"ip":"::ffff:192.168.1.4","level":"info","message":"POST /api/auth/logout 200 — 72ms","timestamp":"2026-09-25 10:32:43","userId":"577dca8f-6f0e-4b76-8ee3-814b160a67bc"}
{"level":"info","message":"[Socket] Disconnected: fG98cK47cbTQCHWrAAAD","timestamp":"2026-09-25 10:32:43"}
{"ip":"::ffff:192.168.1.4","level":"info","message":"POST /api/auth/google 200 — 314ms","timestamp":"2026-09-25 10:37:06","userId":"-"}
{"level":"info","message":"[Socket] Connected: UZer1t5P5bFVt8-iAAAF | User: c2f09762-eb83-40c7-af4d-b86aad0e8d86","timestamp":"2026-09-25 10:37:06"}
{"ip":"::ffff:192.168.1.4","level":"info","message":"GET /api/categories/active 200 — 19ms","timestamp":"2026-09-25 10:37:06","userId":"c2f09762-eb83-40c7-af4d-b86aad0e8d86"}
{"ip":"::ffff:192.168.1.4","level":"info","message":"GET /api/products 200 — 72ms","timestamp":"2026-09-25 10:37:06","userId":"c2f09762-eb83-40c7-af4d-b86aad0e8d86"}
{"ip":"::ffff:192.168.1.4","level":"info","message":"GET /api/flavors/active 200 — 8ms","timestamp":"2026-09-25 10:37:06","userId":"c2f09762-eb83-40c7-af4d-b86aad0e8d86"}
{"ip":"::ffff:192.168.1.4","level":"info","message":"GET /api/orders/my-orders?page=1&limit=1 200 — 35ms","timestamp":"2026-09-25 10:37:06","userId":"c2f09762-eb83-40c7-af4d-b86aad0e8d86"}
{"ip":"::ffff:192.168.1.4","level":"info","message":"GET /api/orders/my-orders?page=1&limit=50 200 — 8ms","timestamp":"2026-09-25 10:37:06","userId":"c2f09762-eb83-40c7-af4d-b86aad0e8d86"}
{"ip":"::ffff:192.168.1.4","level":"info","message":"GET /api/orders/my-orders?page=1&limit=50 200 — 81ms","timestamp":"2026-09-25 10:38:59","userId":"c2f09762-eb83-40c7-af4d-b86aad0e8d86"}
{"level":"info","message":"[Socket] Disconnected: UZer1t5P5bFVt8-iAAAF","timestamp":"2026-09-25 10:40:03"}
{"level":"info","message":"[Socket] Connected: 1dpbDEC3QoMlW1k3AAAI | User: c2f09762-eb83-40c7-af4d-b86aad0e8d86","timestamp":"2026-09-25 10:40:42"}
{"level":"info","message":"[Socket] Disconnected: 1dpbDEC3QoMlW1k3AAAI","timestamp":"2026-09-25 10:40:43"}
{"level":"info","message":"[Socket] Connected: lyvKS152uXKXhTooAAAK | User: c2f09762-eb83-40c7-af4d-b86aad0e8d86","timestamp":"2026-09-25 10:41:43"}
{"level":"info","message":"[Socket] Disconnected: lyvKS152uXKXhTooAAAK","timestamp":"2026-09-25 10:41:53"}
{"ip":"::ffff:192.168.1.4","level":"info","message":"GET /api/orders/my-orders?page=1&limit=50 200 — 67ms","timestamp":"2026-09-25 10:42:14","userId":"c2f09762-eb83-40c7-af4d-b86aad0e8d86"}
{"level":"info","message":"[Socket] Connected: UD6u64p2rrAh26djAAAM | User: c2f09762-eb83-40c7-af4d-b86aad0e8d86","timestamp":"2026-09-25 10:42:15"}
{"level":"info","message":"[Socket] Disconnected: UD6u64p2rrAh26djAAAM","timestamp":"2026-09-25 10:42:32"}
{"level":"info","message":"✅ Socket.IO initialized","timestamp":"2026-09-26 00:34:26"}
{"level":"info","message":"✅ Database connected","timestamp":"2026-09-26 00:34:26"}
{"level":"info","message":"Java Cafe POS API running on port 3000 [development]","timestamp":"2026-09-26 00:34:26"}
{"ip":"::ffff:192.168.1.3","level":"info","message":"GET /api/orders?page=1&limit=1 200 — 451ms","timestamp":"2026-09-26 00:34:33","userId":"577dca8f-6f0e-4b76-8ee3-814b160a67bc"}
{"level":"info","message":"[Socket] Connected: x7trYeiAPizEGAHNAAAB | User: 577dca8f-6f0e-4b76-8ee3-814b160a67bc","timestamp":"2026-09-26 00:34:53"}
{"level":"info","message":"[Socket] Disconnected: x7trYeiAPizEGAHNAAAB","timestamp":"2026-09-26 00:34:53"}
{"ip":"::ffff:192.168.1.3","level":"info","message":"GET /api/auth/me 200 — 6ms","timestamp":"2026-09-26 00:34:53","userId":"577dca8f-6f0e-4b76-8ee3-814b160a67bc"}
{"ip":"::ffff:192.168.1.3","level":"info","message":"GET /api/categories/active 200 — 15ms","timestamp":"2026-09-26 00:34:53","userId":"577dca8f-6f0e-4b76-8ee3-814b160a67bc"}
{"ip":"::ffff:192.168.1.3","level":"info","message":"GET /api/categories/active 200 — 50ms","timestamp":"2026-09-26 00:34:53","userId":"577dca8f-6f0e-4b76-8ee3-814b160a67bc"}
{"ip":"::ffff:192.168.1.3","level":"info","message":"GET /api/products?page=1&limit=100 200 — 65ms","timestamp":"2026-09-26 00:34:53","userId":"577dca8f-6f0e-4b76-8ee3-814b160a67bc"}
{"ip":"::ffff:192.168.1.3","level":"info","message":"GET /api/flavors?page=1&limit=100 200 — 57ms","timestamp":"2026-09-26 00:34:53","userId":"577dca8f-6f0e-4b76-8ee3-814b160a67bc"}
{"ip":"::ffff:192.168.1.3","level":"info","message":"GET /api/products 200 — 88ms","timestamp":"2026-09-26 00:34:53","userId":"577dca8f-6f0e-4b76-8ee3-814b160a67bc"}
{"ip":"::ffff:192.168.1.3","level":"info","message":"GET /api/products 200 — 92ms","timestamp":"2026-09-26 00:34:53","userId":"577dca8f-6f0e-4b76-8ee3-814b160a67bc"}
{"level":"info","message":"[Socket] Connected: CYqlMuZuPENWmUCuAAAD | User: 577dca8f-6f0e-4b76-8ee3-814b160a67bc","timestamp":"2026-09-26 00:34:54"}
{"ip":"::ffff:192.168.1.3","level":"info","message":"GET /api/categories?page=1&limit=100 200 — 31ms","timestamp":"2026-09-26 00:34:54","userId":"577dca8f-6f0e-4b76-8ee3-814b160a67bc"}
{"ip":"::ffff:192.168.1.3","level":"info","message":"GET /api/users?page=1&limit=100 200 — 7ms","timestamp":"2026-09-26 00:34:54","userId":"577dca8f-6f0e-4b76-8ee3-814b160a67bc"}
{"ip":"::ffff:192.168.1.3","level":"info","message":"GET /api/flavors/active 200 — 5ms","timestamp":"2026-09-26 00:34:54","userId":"577dca8f-6f0e-4b76-8ee3-814b160a67bc"}
{"ip":"::ffff:192.168.1.3","level":"info","message":"GET /api/stock 200 — 13ms","timestamp":"2026-09-26 00:34:54","userId":"577dca8f-6f0e-4b76-8ee3-814b160a67bc"}
{"ip":"::ffff:192.168.1.3","level":"info","message":"GET /api/flavors/active 200 — 3ms","timestamp":"2026-09-26 00:34:54","userId":"577dca8f-6f0e-4b76-8ee3-814b160a67bc"}
{"ip":"::ffff:192.168.1.3","level":"info","message":"GET /api/orders?page=1&limit=1 200 — 19ms","timestamp":"2026-09-26 00:34:54","userId":"577dca8f-6f0e-4b76-8ee3-814b160a67bc"}
{"ip":"::ffff:192.168.1.3","level":"info","message":"GET /api/payment-numbers 200 — 17ms","timestamp":"2026-09-26 00:34:54","userId":"577dca8f-6f0e-4b76-8ee3-814b160a67bc"}
{"ip":"::ffff:192.168.1.3","level":"info","message":"GET /api/orders?page=1&limit=1 200 — 25ms","timestamp":"2026-09-26 00:34:54","userId":"577dca8f-6f0e-4b76-8ee3-814b160a67bc"}
{"ip":"::ffff:192.168.1.3","level":"info","message":"GET /api/orders?page=1&limit=50 200 — 60ms","timestamp":"2026-09-26 00:35:12","userId":"577dca8f-6f0e-4b76-8ee3-814b160a67bc"}
{"ip":"::ffff:192.168.1.3","level":"info","message":"GET /api/orders?page=1&limit=50 200 — 59ms","timestamp":"2026-09-26 00:35:23","userId":"577dca8f-6f0e-4b76-8ee3-814b160a67bc"}
{"level":"info","message":"[Socket Broadcast] Emitting order_created for order #LC-20260926-0001","timestamp":"2026-09-26 00:38:05"}
{"ip":"::ffff:192.168.1.3","level":"info","message":"POST /api/orders 201 — 283ms","timestamp":"2026-09-26 00:38:05","userId":"577dca8f-6f0e-4b76-8ee3-814b160a67bc"}
{"ip":"::ffff:192.168.1.3","level":"info","message":"GET /api/orders?page=1&limit=50 200 — 66ms","timestamp":"2026-09-26 00:38:28","userId":"577dca8f-6f0e-4b76-8ee3-814b160a67bc"}
{"ip":"::ffff:192.168.1.3","level":"info","message":"GET /api/orders?page=1&limit=50 200 — 60ms","timestamp":"2026-09-26 00:40:03","userId":"577dca8f-6f0e-4b76-8ee3-814b160a67bc"}
{"level":"info","message":"[Socket Broadcast] Emitting status change (PREPARING) for order #LC-20260926-0001","timestamp":"2026-09-26 00:40:29"}
{"ip":"::ffff:192.168.1.3","level":"info","message":"PATCH /api/orders/eef1852e-1242-42f6-a52c-5d0bc830108c/status 200 — 249ms","timestamp":"2026-09-26 00:40:29","userId":"577dca8f-6f0e-4b76-8ee3-814b160a67bc"}
{"ip":"::ffff:192.168.1.3","level":"info","message":"GET /api/orders/eef1852e-1242-42f6-a52c-5d0bc830108c 200 — 7ms","timestamp":"2026-09-26 00:40:30","userId":"577dca8f-6f0e-4b76-8ee3-814b160a67bc"}
{"level":"info","message":"[Socket Broadcast] Emitting status change (READY) for order #LC-20260926-0001","timestamp":"2026-09-26 00:40:30"}
{"ip":"::ffff:192.168.1.3","level":"info","message":"PATCH /api/orders/eef1852e-1242-42f6-a52c-5d0bc830108c/status 200 — 71ms","timestamp":"2026-09-26 00:40:30","userId":"577dca8f-6f0e-4b76-8ee3-814b160a67bc"}
{"ip":"::ffff:192.168.1.3","level":"info","message":"GET /api/orders/eef1852e-1242-42f6-a52c-5d0bc830108c 200 — 5ms","timestamp":"2026-09-26 00:40:30","userId":"577dca8f-6f0e-4b76-8ee3-814b160a67bc"}
{"level":"info","message":"[Socket Broadcast] Emitting status change (DELIVERED) for order #LC-20260926-0001","timestamp":"2026-09-26 00:40:31"}
{"ip":"::ffff:192.168.1.3","level":"info","message":"PATCH /api/orders/eef1852e-1242-42f6-a52c-5d0bc830108c/status 200 — 21ms","timestamp":"2026-09-26 00:40:31","userId":"577dca8f-6f0e-4b76-8ee3-814b160a67bc"}
{"ip":"::ffff:192.168.1.3","level":"info","message":"GET /api/orders/eef1852e-1242-42f6-a52c-5d0bc830108c 200 — 4ms","timestamp":"2026-09-26 00:40:31","userId":"577dca8f-6f0e-4b76-8ee3-814b160a67bc"}
{"ip":"::ffff:192.168.1.4","level":"info","message":"POST /api/auth/google 200 — 979ms","timestamp":"2026-09-26 00:40:38","userId":"-"}
{"ip":"::ffff:192.168.1.4","level":"info","message":"GET /api/categories/active 200 — 9ms","timestamp":"2026-09-26 00:40:38","userId":"c2f09762-eb83-40c7-af4d-b86aad0e8d86"}
{"level":"info","message":"[Socket] Connected: Mlaam1kzyAczaXpMAAAF | User: c2f09762-eb83-40c7-af4d-b86aad0e8d86","timestamp":"2026-09-26 00:40:38"}
{"ip":"::ffff:192.168.1.4","level":"info","message":"GET /api/products 200 — 36ms","timestamp":"2026-09-26 00:40:38","userId":"c2f09762-eb83-40c7-af4d-b86aad0e8d86"}
{"ip":"::ffff:192.168.1.4","level":"info","message":"GET /api/flavors/active 200 — 8ms","timestamp":"2026-09-26 00:40:38","userId":"c2f09762-eb83-40c7-af4d-b86aad0e8d86"}
{"ip":"::ffff:192.168.1.4","level":"info","message":"GET /api/orders/my-orders?page=1&limit=1 200 — 14ms","timestamp":"2026-09-26 00:40:38","userId":"c2f09762-eb83-40c7-af4d-b86aad0e8d86"}
{"ip":"::ffff:192.168.1.4","level":"info","message":"GET /api/orders/my-orders?page=1&limit=50 200 — 8ms","timestamp":"2026-09-26 00:40:39","userId":"c2f09762-eb83-40c7-af4d-b86aad0e8d86"}
{"level":"info","message":"[Socket Broadcast] Emitting order_created for order #LC-20260926-0002","timestamp":"2026-09-26 00:41:09"}
{"ip":"::ffff:192.168.1.4","level":"info","message":"POST /api/orders 201 — 429ms","timestamp":"2026-09-26 00:41:09","userId":"c2f09762-eb83-40c7-af4d-b86aad0e8d86"}
{"level":"info","message":"[Socket] Disconnected: Mlaam1kzyAczaXpMAAAF","timestamp":"2026-09-26 00:41:15"}
{"level":"info","message":"[Socket] Connected: lN4J7twBKkzXoRRBAAAH | User: c2f09762-eb83-40c7-af4d-b86aad0e8d86","timestamp":"2026-09-26 00:41:19"}
{"ip":"::ffff:192.168.1.4","level":"info","message":"GET /api/auth/me 200 — 150ms","timestamp":"2026-09-26 00:41:19","userId":"c2f09762-eb83-40c7-af4d-b86aad0e8d86"}
{"ip":"::ffff:192.168.1.4","level":"info","message":"GET /api/categories/active 200 — 45ms","timestamp":"2026-09-26 00:41:19","userId":"c2f09762-eb83-40c7-af4d-b86aad0e8d86"}
{"ip":"::ffff:192.168.1.4","level":"info","message":"GET /api/categories/active 200 — 149ms","timestamp":"2026-09-26 00:41:19","userId":"c2f09762-eb83-40c7-af4d-b86aad0e8d86"}
{"ip":"::ffff:192.168.1.4","level":"info","message":"GET /api/products 200 — 20ms","timestamp":"2026-09-26 00:41:19","userId":"c2f09762-eb83-40c7-af4d-b86aad0e8d86"}
{"ip":"::ffff:192.168.1.4","level":"info","message":"GET /api/products 200 — 19ms","timestamp":"2026-09-26 00:41:19","userId":"c2f09762-eb83-40c7-af4d-b86aad0e8d86"}
{"ip":"::ffff:192.168.1.4","level":"info","message":"GET /api/flavors/active 200 — 4ms","timestamp":"2026-09-26 00:41:19","userId":"c2f09762-eb83-40c7-af4d-b86aad0e8d86"}
{"ip":"::ffff:192.168.1.4","level":"info","message":"GET /api/flavors/active 200 — 3ms","timestamp":"2026-09-26 00:41:19","userId":"c2f09762-eb83-40c7-af4d-b86aad0e8d86"}
{"ip":"::ffff:192.168.1.4","level":"info","message":"GET /api/orders/my-orders?page=1&limit=1 200 — 19ms","timestamp":"2026-09-26 00:41:19","userId":"c2f09762-eb83-40c7-af4d-b86aad0e8d86"}
{"ip":"::ffff:192.168.1.4","level":"info","message":"GET /api/orders/my-orders?page=1&limit=1 200 — 18ms","timestamp":"2026-09-26 00:41:19","userId":"c2f09762-eb83-40c7-af4d-b86aad0e8d86"}
{"ip":"::ffff:192.168.1.4","level":"info","message":"GET /api/orders/my-orders?page=1&limit=50 200 — 6ms","timestamp":"2026-09-26 00:41:19","userId":"c2f09762-eb83-40c7-af4d-b86aad0e8d86"}
{"level":"info","message":"[Socket Broadcast] Emitting status change (PREPARING) for order #LC-20260926-0002","timestamp":"2026-09-26 00:41:28"}
{"ip":"::ffff:192.168.1.3","level":"info","message":"PATCH /api/orders/67318240-eeb9-44fe-b345-844c0a6d3062/status 200 — 96ms","timestamp":"2026-09-26 00:41:28","userId":"577dca8f-6f0e-4b76-8ee3-814b160a67bc"}
{"ip":"::ffff:192.168.1.3","level":"info","message":"GET /api/orders/67318240-eeb9-44fe-b345-844c0a6d3062 200 — 7ms","timestamp":"2026-09-26 00:41:29","userId":"577dca8f-6f0e-4b76-8ee3-814b160a67bc"}
{"level":"info","message":"[Socket Broadcast] Emitting status change (READY) for order #LC-20260926-0002","timestamp":"2026-09-26 00:41:31"}
{"ip":"::ffff:192.168.1.3","level":"info","message":"PATCH /api/orders/67318240-eeb9-44fe-b345-844c0a6d3062/status 200 — 38ms","timestamp":"2026-09-26 00:41:31","userId":"577dca8f-6f0e-4b76-8ee3-814b160a67bc"}
{"ip":"::ffff:192.168.1.3","level":"info","message":"GET /api/orders/67318240-eeb9-44fe-b345-844c0a6d3062 200 — 5ms","timestamp":"2026-09-26 00:41:32","userId":"577dca8f-6f0e-4b76-8ee3-814b160a67bc"}
{"level":"info","message":"[Socket Broadcast] Emitting status change (DELIVERED) for order #LC-20260926-0002","timestamp":"2026-09-26 00:41:54"}
{"ip":"::ffff:192.168.1.3","level":"info","message":"PATCH /api/orders/67318240-eeb9-44fe-b345-844c0a6d3062/status 200 — 232ms","timestamp":"2026-09-26 00:41:54","userId":"577dca8f-6f0e-4b76-8ee3-814b160a67bc"}
{"ip":"::ffff:192.168.1.3","level":"info","message":"GET /api/orders/67318240-eeb9-44fe-b345-844c0a6d3062 200 — 4ms","timestamp":"2026-09-26 00:41:54","userId":"577dca8f-6f0e-4b76-8ee3-814b160a67bc"}
{"ip":"::ffff:192.168.1.3","level":"info","message":"GET /api/products?page=1&limit=100 200 — 25ms","timestamp":"2026-09-26 00:42:01","userId":"577dca8f-6f0e-4b76-8ee3-814b160a67bc"}
{"ip":"::ffff:192.168.1.3","level":"info","message":"GET /api/flavors?page=1&limit=100 200 — 5ms","timestamp":"2026-09-26 00:42:01","userId":"577dca8f-6f0e-4b76-8ee3-814b160a67bc"}
{"ip":"::ffff:192.168.1.3","level":"info","message":"GET /api/categories?page=1&limit=100 200 — 4ms","timestamp":"2026-09-26 00:42:01","userId":"577dca8f-6f0e-4b76-8ee3-814b160a67bc"}
{"ip":"::ffff:192.168.1.3","level":"info","message":"GET /api/users?page=1&limit=100 200 — 4ms","timestamp":"2026-09-26 00:42:01","userId":"577dca8f-6f0e-4b76-8ee3-814b160a67bc"}
{"ip":"::ffff:192.168.1.3","level":"info","message":"GET /api/stock 200 — 7ms","timestamp":"2026-09-26 00:42:01","userId":"577dca8f-6f0e-4b76-8ee3-814b160a67bc"}
{"ip":"::ffff:192.168.1.3","level":"info","message":"GET /api/payment-numbers 200 — 8ms","timestamp":"2026-09-26 00:42:01","userId":"577dca8f-6f0e-4b76-8ee3-814b160a67bc"}
{"ip":"::ffff:192.168.1.3","level":"info","message":"GET /api/reports/daily 200 — 178ms","timestamp":"2026-09-26 00:42:04","userId":"577dca8f-6f0e-4b76-8ee3-814b160a67bc"}
{"level":"info","message":"[Socket] Disconnected: lN4J7twBKkzXoRRBAAAH","timestamp":"2026-09-26 00:42:20"}
{"ip":"::ffff:192.168.1.3","level":"info","message":"GET /api/reports/custom?from=2026-09-08&to=2026-09-26 200 — 1931ms","timestamp":"2026-09-26 00:42:25","userId":"577dca8f-6f0e-4b76-8ee3-814b160a67bc"}
{"level":"info","message":"[Socket Broadcast] Emitting order_created for order #LC-20260926-0003","timestamp":"2026-09-26 00:43:29"}
{"ip":"::ffff:192.168.1.3","level":"info","message":"POST /api/orders 201 — 134ms","timestamp":"2026-09-26 00:43:29","userId":"577dca8f-6f0e-4b76-8ee3-814b160a67bc"}
{"ip":"::ffff:192.168.1.3","level":"info","message":"GET /api/orders?page=1&limit=50 200 — 13ms","timestamp":"2026-09-26 00:43:37","userId":"577dca8f-6f0e-4b76-8ee3-814b160a67bc"}
{"body":{"status":"READY"},"level":"error","message":"[PATCH] /api/orders/4a6e218b-8f12-4e62-a0a4-163a95292ef8/status — Cannot transition order from PENDING to READY","stack":"Error: Cannot transition order from PENDING to READY\n    at OrderService.updateStatus (D:\\Training\\Java\\java_backend\\services\\order.service.js:321:13)\n    at process.processTicksAndRejections (node:internal/process/task_queues:104:5)\n    at async updateStatus (D:\\Training\\Java\\java_backend\\controllers\\index.js:312:21)","timestamp":"2026-09-26 00:43:45","userId":"577dca8f-6f0e-4b76-8ee3-814b160a67bc"}
{"ip":"::ffff:192.168.1.3","level":"warn","message":"PATCH /api/orders/4a6e218b-8f12-4e62-a0a4-163a95292ef8/status 400 — 114ms","timestamp":"2026-09-26 00:43:45","userId":"577dca8f-6f0e-4b76-8ee3-814b160a67bc"}
{"level":"info","message":"[Socket Broadcast] Emitting status change (PREPARING) for order #LC-20260926-0003","timestamp":"2026-09-26 00:43:45"}
{"ip":"::ffff:192.168.1.3","level":"info","message":"PATCH /api/orders/4a6e218b-8f12-4e62-a0a4-163a95292ef8/status 200 — 228ms","timestamp":"2026-09-26 00:43:45","userId":"577dca8f-6f0e-4b76-8ee3-814b160a67bc"}
{"level":"info","message":"[Socket Broadcast] Emitting status change (READY) for order #LC-20260926-0003","timestamp":"2026-09-26 00:43:45"}
{"ip":"::ffff:192.168.1.3","level":"info","message":"PATCH /api/orders/4a6e218b-8f12-4e62-a0a4-163a95292ef8/status 200 — 14ms","timestamp":"2026-09-26 00:43:45","userId":"577dca8f-6f0e-4b76-8ee3-814b160a67bc"}
{"ip":"::ffff:192.168.1.3","level":"info","message":"GET /api/orders/4a6e218b-8f12-4e62-a0a4-163a95292ef8 200 — 14ms","timestamp":"2026-09-26 00:43:45","userId":"577dca8f-6f0e-4b76-8ee3-814b160a67bc"}
{"ip":"::ffff:192.168.1.3","level":"info","message":"GET /api/orders/4a6e218b-8f12-4e62-a0a4-163a95292ef8 200 — 5ms","timestamp":"2026-09-26 00:43:45","userId":"577dca8f-6f0e-4b76-8ee3-814b160a67bc"}
{"ip":"::ffff:192.168.1.3","level":"info","message":"GET /api/orders?page=1&limit=50 200 — 21ms","timestamp":"2026-09-26 00:43:47","userId":"577dca8f-6f0e-4b76-8ee3-814b160a67bc"}
{"ip":"::ffff:192.168.1.3","level":"info","message":"GET /api/orders/4a6e218b-8f12-4e62-a0a4-163a95292ef8 200 — 4ms","timestamp":"2026-09-26 00:43:47","userId":"577dca8f-6f0e-4b76-8ee3-814b160a67bc"}
{"level":"info","message":"[Socket Broadcast] Emitting status change (DELIVERED) for order #LC-20260926-0003","timestamp":"2026-09-26 00:43:49"}
{"ip":"::ffff:192.168.1.3","level":"info","message":"PATCH /api/orders/4a6e218b-8f12-4e62-a0a4-163a95292ef8/status 200 — 18ms","timestamp":"2026-09-26 00:43:49","userId":"577dca8f-6f0e-4b76-8ee3-814b160a67bc"}
{"ip":"::ffff:192.168.1.3","level":"info","message":"GET /api/orders/4a6e218b-8f12-4e62-a0a4-163a95292ef8 200 — 4ms","timestamp":"2026-09-26 00:43:50","userId":"577dca8f-6f0e-4b76-8ee3-814b160a67bc"}
{"ip":"::ffff:192.168.1.3","level":"info","message":"GET /api/orders?page=1&limit=50 200 — 162ms","timestamp":"2026-09-26 00:44:49","userId":"577dca8f-6f0e-4b76-8ee3-814b160a67bc"}
{"ip":"::ffff:192.168.1.3","level":"info","message":"GET /api/products?page=1&limit=100 200 — 17ms","timestamp":"2026-09-26 00:44:58","userId":"577dca8f-6f0e-4b76-8ee3-814b160a67bc"}
{"ip":"::ffff:192.168.1.3","level":"info","message":"GET /api/flavors?page=1&limit=100 200 — 3ms","timestamp":"2026-09-26 00:44:58","userId":"577dca8f-6f0e-4b76-8ee3-814b160a67bc"}
{"ip":"::ffff:192.168.1.3","level":"info","message":"GET /api/categories?page=1&limit=100 200 — 3ms","timestamp":"2026-09-26 00:44:58","userId":"577dca8f-6f0e-4b76-8ee3-814b160a67bc"}
{"ip":"::ffff:192.168.1.3","level":"info","message":"GET /api/users?page=1&limit=100 200 — 4ms","timestamp":"2026-09-26 00:44:58","userId":"577dca8f-6f0e-4b76-8ee3-814b160a67bc"}
{"ip":"::ffff:192.168.1.3","level":"info","message":"GET /api/stock 200 — 6ms","timestamp":"2026-09-26 00:44:58","userId":"577dca8f-6f0e-4b76-8ee3-814b160a67bc"}
{"ip":"::ffff:192.168.1.3","level":"info","message":"GET /api/payment-numbers 200 — 5ms","timestamp":"2026-09-26 00:44:58","userId":"577dca8f-6f0e-4b76-8ee3-814b160a67bc"}
{"ip":"::ffff:192.168.1.3","level":"info","message":"POST /api/stock/b85ad797-c269-4791-876e-b1cb53348e08/deduct 200 — 238ms","timestamp":"2026-09-26 00:45:09","userId":"577dca8f-6f0e-4b76-8ee3-814b160a67bc"}
{"ip":"::ffff:192.168.1.3","level":"info","message":"GET /api/categories/active 200 — 5ms","timestamp":"2026-09-26 00:45:09","userId":"577dca8f-6f0e-4b76-8ee3-814b160a67bc"}
{"ip":"::ffff:192.168.1.3","level":"info","message":"GET /api/products 200 — 52ms","timestamp":"2026-09-26 00:45:10","userId":"577dca8f-6f0e-4b76-8ee3-814b160a67bc"}
{"ip":"::ffff:192.168.1.3","level":"info","message":"GET /api/flavors/active 200 — 6ms","timestamp":"2026-09-26 00:45:10","userId":"577dca8f-6f0e-4b76-8ee3-814b160a67bc"}
{"ip":"::ffff:192.168.1.3","level":"info","message":"GET /api/orders?page=1&limit=1 200 — 15ms","timestamp":"2026-09-26 00:45:10","userId":"577dca8f-6f0e-4b76-8ee3-814b160a67bc"}
{"ip":"::ffff:192.168.1.3","level":"info","message":"GET /api/stock/low-stock 200 — 6ms","timestamp":"2026-09-26 00:45:13","userId":"577dca8f-6f0e-4b76-8ee3-814b160a67bc"}
{"ip":"::ffff:192.168.1.3","level":"info","message":"GET /api/stock 200 — 4ms","timestamp":"2026-09-26 00:45:14","userId":"577dca8f-6f0e-4b76-8ee3-814b160a67bc"}
{"ip":"::ffff:192.168.1.3","level":"info","message":"PATCH /api/products/c6477f4b-27d0-4fd4-aa7a-54113ea365f8 200 — 138ms","timestamp":"2026-09-26 00:48:02","userId":"577dca8f-6f0e-4b76-8ee3-814b160a67bc"}
{"ip":"::ffff:192.168.1.3","level":"info","message":"GET /api/categories/active 200 — 3ms","timestamp":"2026-09-26 00:48:03","userId":"577dca8f-6f0e-4b76-8ee3-814b160a67bc"}
{"ip":"::ffff:192.168.1.3","level":"info","message":"GET /api/categories/active 200 — 9ms","timestamp":"2026-09-26 00:48:03","userId":"577dca8f-6f0e-4b76-8ee3-814b160a67bc"}
{"ip":"::ffff:192.168.1.3","level":"info","message":"GET /api/products 200 — 19ms","timestamp":"2026-09-26 00:48:03","userId":"577dca8f-6f0e-4b76-8ee3-814b160a67bc"}
{"ip":"::ffff:192.168.1.3","level":"info","message":"GET /api/products 200 — 179ms","timestamp":"2026-09-26 00:48:03","userId":"577dca8f-6f0e-4b76-8ee3-814b160a67bc"}
{"ip":"::ffff:192.168.1.3","level":"info","message":"GET /api/flavors/active 200 — 9ms","timestamp":"2026-09-26 00:48:03","userId":"577dca8f-6f0e-4b76-8ee3-814b160a67bc"}
{"ip":"::ffff:192.168.1.3","level":"info","message":"GET /api/flavors/active 200 — 5ms","timestamp":"2026-09-26 00:48:03","userId":"577dca8f-6f0e-4b76-8ee3-814b160a67bc"}
{"ip":"::ffff:192.168.1.3","level":"info","message":"GET /api/orders?page=1&limit=1 200 — 19ms","timestamp":"2026-09-26 00:48:03","userId":"577dca8f-6f0e-4b76-8ee3-814b160a67bc"}
{"ip":"::ffff:192.168.1.3","level":"info","message":"GET /api/orders?page=1&limit=1 200 — 23ms","timestamp":"2026-09-26 00:48:03","userId":"577dca8f-6f0e-4b76-8ee3-814b160a67bc"}
{"ip":"::ffff:192.168.1.3","level":"info","message":"GET /api/products?page=1&limit=100 200 — 61ms","timestamp":"2026-09-26 00:48:34","userId":"577dca8f-6f0e-4b76-8ee3-814b160a67bc"}
{"ip":"::ffff:192.168.1.3","level":"info","message":"GET /api/flavors?page=1&limit=100 200 — 4ms","timestamp":"2026-09-26 00:48:34","userId":"577dca8f-6f0e-4b76-8ee3-814b160a67bc"}
{"ip":"::ffff:192.168.1.3","level":"info","message":"GET /api/categories?page=1&limit=100 200 — 9ms","timestamp":"2026-09-26 00:48:34","userId":"577dca8f-6f0e-4b76-8ee3-814b160a67bc"}
{"ip":"::ffff:192.168.1.3","level":"info","message":"GET /api/users?page=1&limit=100 200 — 3ms","timestamp":"2026-09-26 00:48:34","userId":"577dca8f-6f0e-4b76-8ee3-814b160a67bc"}
{"ip":"::ffff:192.168.1.3","level":"info","message":"GET /api/stock 200 — 5ms","timestamp":"2026-09-26 00:48:34","userId":"577dca8f-6f0e-4b76-8ee3-814b160a67bc"}
{"ip":"::ffff:192.168.1.3","level":"info","message":"GET /api/payment-numbers 200 — 6ms","timestamp":"2026-09-26 00:48:34","userId":"577dca8f-6f0e-4b76-8ee3-814b160a67bc"}
{"ip":"::ffff:192.168.1.3","level":"info","message":"PATCH /api/products/ffdf04f8-1f8e-4d09-ab6e-7ea120d1c472 200 — 124ms","timestamp":"2026-09-26 00:48:55","userId":"577dca8f-6f0e-4b76-8ee3-814b160a67bc"}
{"ip":"::ffff:192.168.1.3","level":"info","message":"GET /api/categories/active 200 — 4ms","timestamp":"2026-09-26 00:48:55","userId":"577dca8f-6f0e-4b76-8ee3-814b160a67bc"}
{"ip":"::ffff:192.168.1.3","level":"info","message":"GET /api/categories/active 200 — 8ms","timestamp":"2026-09-26 00:48:55","userId":"577dca8f-6f0e-4b76-8ee3-814b160a67bc"}
{"ip":"::ffff:192.168.1.3","level":"info","message":"GET /api/products 200 — 18ms","timestamp":"2026-09-26 00:48:55","userId":"577dca8f-6f0e-4b76-8ee3-814b160a67bc"}
{"ip":"::ffff:192.168.1.3","level":"info","message":"GET /api/products 200 — 10ms","timestamp":"2026-09-26 00:48:55","userId":"577dca8f-6f0e-4b76-8ee3-814b160a67bc"}
{"ip":"::ffff:192.168.1.3","level":"info","message":"GET /api/flavors/active 200 — 3ms","timestamp":"2026-09-26 00:48:55","userId":"577dca8f-6f0e-4b76-8ee3-814b160a67bc"}
{"ip":"::ffff:192.168.1.3","level":"info","message":"GET /api/flavors/active 200 — 2ms","timestamp":"2026-09-26 00:48:55","userId":"577dca8f-6f0e-4b76-8ee3-814b160a67bc"}
{"ip":"::ffff:192.168.1.3","level":"info","message":"GET /api/orders?page=1&limit=1 200 — 16ms","timestamp":"2026-09-26 00:48:55","userId":"577dca8f-6f0e-4b76-8ee3-814b160a67bc"}
{"ip":"::ffff:192.168.1.3","level":"info","message":"GET /api/orders?page=1&limit=1 200 — 15ms","timestamp":"2026-09-26 00:48:55","userId":"577dca8f-6f0e-4b76-8ee3-814b160a67bc"}
{"ip":"::ffff:192.168.1.3","level":"info","message":"GET /api/products?page=1&limit=100 200 — 59ms","timestamp":"2026-09-26 00:49:10","userId":"577dca8f-6f0e-4b76-8ee3-814b160a67bc"}
{"ip":"::ffff:192.168.1.3","level":"info","message":"GET /api/flavors?page=1&limit=100 200 — 5ms","timestamp":"2026-09-26 00:49:10","userId":"577dca8f-6f0e-4b76-8ee3-814b160a67bc"}
{"ip":"::ffff:192.168.1.3","level":"info","message":"GET /api/categories?page=1&limit=100 200 — 4ms","timestamp":"2026-09-26 00:49:10","userId":"577dca8f-6f0e-4b76-8ee3-814b160a67bc"}
{"ip":"::ffff:192.168.1.3","level":"info","message":"GET /api/users?page=1&limit=100 200 — 5ms","timestamp":"2026-09-26 00:49:10","userId":"577dca8f-6f0e-4b76-8ee3-814b160a67bc"}
{"ip":"::ffff:192.168.1.3","level":"info","message":"GET /api/stock 200 — 7ms","timestamp":"2026-09-26 00:49:10","userId":"577dca8f-6f0e-4b76-8ee3-814b160a67bc"}
{"ip":"::ffff:192.168.1.3","level":"info","message":"GET /api/payment-numbers 200 — 7ms","timestamp":"2026-09-26 00:49:10","userId":"577dca8f-6f0e-4b76-8ee3-814b160a67bc"}
{"ip":"::ffff:192.168.1.3","level":"info","message":"PATCH /api/products/910ab75c-6c9a-4f51-9845-8a8f50d00bb3 200 — 108ms","timestamp":"2026-09-26 00:49:30","userId":"577dca8f-6f0e-4b76-8ee3-814b160a67bc"}
{"ip":"::ffff:192.168.1.3","level":"info","message":"GET /api/categories/active 200 — 3ms","timestamp":"2026-09-26 00:49:30","userId":"577dca8f-6f0e-4b76-8ee3-814b160a67bc"}
{"ip":"::ffff:192.168.1.3","level":"info","message":"GET /api/categories/active 200 — 4ms","timestamp":"2026-09-26 00:49:31","userId":"577dca8f-6f0e-4b76-8ee3-814b160a67bc"}
{"ip":"::ffff:192.168.1.3","level":"info","message":"GET /api/products 200 — 15ms","timestamp":"2026-09-26 00:49:31","userId":"577dca8f-6f0e-4b76-8ee3-814b160a67bc"}
{"ip":"::ffff:192.168.1.3","level":"info","message":"GET /api/flavors/active 200 — 5ms","timestamp":"2026-09-26 00:49:33","userId":"577dca8f-6f0e-4b76-8ee3-814b160a67bc"}
{"ip":"::ffff:192.168.1.3","level":"info","message":"GET /api/products 200 — 67ms","timestamp":"2026-09-26 00:49:33","userId":"577dca8f-6f0e-4b76-8ee3-814b160a67bc"}
{"ip":"::ffff:192.168.1.3","level":"info","message":"GET /api/orders?page=1&limit=1 200 — 25ms","timestamp":"2026-09-26 00:49:33","userId":"577dca8f-6f0e-4b76-8ee3-814b160a67bc"}
{"ip":"::ffff:192.168.1.3","level":"info","message":"GET /api/flavors/active 200 — 3ms","timestamp":"2026-09-26 00:49:33","userId":"577dca8f-6f0e-4b76-8ee3-814b160a67bc"}
{"ip":"::ffff:192.168.1.3","level":"info","message":"GET /api/orders?page=1&limit=1 200 — 5ms","timestamp":"2026-09-26 00:49:34","userId":"577dca8f-6f0e-4b76-8ee3-814b160a67bc"}
{"level":"info","message":"[Socket] Connected: UKl1tgRbwjjkf3PSAAAJ | User: c2f09762-eb83-40c7-af4d-b86aad0e8d86","timestamp":"2026-09-26 00:49:48"}
{"level":"info","message":"[Socket] Disconnected: UKl1tgRbwjjkf3PSAAAJ","timestamp":"2026-09-26 00:49:50"}
{"level":"info","message":"[Socket] Connected: F6BDEWrasX8vKqdBAAAL | User: c2f09762-eb83-40c7-af4d-b86aad0e8d86","timestamp":"2026-09-26 00:49:53"}
{"ip":"::ffff:192.168.1.4","level":"info","message":"GET /api/auth/me 200 — 45ms","timestamp":"2026-09-26 00:49:53","userId":"c2f09762-eb83-40c7-af4d-b86aad0e8d86"}
{"ip":"::ffff:192.168.1.4","level":"info","message":"GET /api/categories/active 200 — 56ms","timestamp":"2026-09-26 00:49:53","userId":"c2f09762-eb83-40c7-af4d-b86aad0e8d86"}
{"ip":"::ffff:192.168.1.4","level":"info","message":"GET /api/categories/active 200 — 3ms","timestamp":"2026-09-26 00:49:53","userId":"c2f09762-eb83-40c7-af4d-b86aad0e8d86"}
{"ip":"::ffff:192.168.1.4","level":"info","message":"GET /api/products 200 — 79ms","timestamp":"2026-09-26 00:49:54","userId":"c2f09762-eb83-40c7-af4d-b86aad0e8d86"}
{"ip":"::ffff:192.168.1.4","level":"info","message":"GET /api/products 200 — 87ms","timestamp":"2026-09-26 00:49:54","userId":"c2f09762-eb83-40c7-af4d-b86aad0e8d86"}
{"ip":"::ffff:192.168.1.4","level":"info","message":"GET /api/flavors/active 200 — 7ms","timestamp":"2026-09-26 00:49:54","userId":"c2f09762-eb83-40c7-af4d-b86aad0e8d86"}
{"ip":"::ffff:192.168.1.4","level":"info","message":"GET /api/flavors/active 200 — 6ms","timestamp":"2026-09-26 00:49:54","userId":"c2f09762-eb83-40c7-af4d-b86aad0e8d86"}
{"ip":"::ffff:192.168.1.4","level":"info","message":"GET /api/orders/my-orders?page=1&limit=1 200 — 20ms","timestamp":"2026-09-26 00:49:54","userId":"c2f09762-eb83-40c7-af4d-b86aad0e8d86"}
{"ip":"::ffff:192.168.1.4","level":"info","message":"GET /api/orders/my-orders?page=1&limit=1 200 — 20ms","timestamp":"2026-09-26 00:49:54","userId":"c2f09762-eb83-40c7-af4d-b86aad0e8d86"}
{"ip":"::ffff:192.168.1.4","level":"info","message":"GET /api/orders/my-orders?page=1&limit=50 200 — 4ms","timestamp":"2026-09-26 00:49:54","userId":"c2f09762-eb83-40c7-af4d-b86aad0e8d86"}
{"ip":"::ffff:192.168.1.3","level":"info","message":"GET /api/products?page=1&limit=100 200 — 18ms","timestamp":"2026-09-26 00:50:01","userId":"577dca8f-6f0e-4b76-8ee3-814b160a67bc"}
{"ip":"::ffff:192.168.1.3","level":"info","message":"GET /api/flavors?page=1&limit=100 200 — 4ms","timestamp":"2026-09-26 00:50:01","userId":"577dca8f-6f0e-4b76-8ee3-814b160a67bc"}
{"ip":"::ffff:192.168.1.3","level":"info","message":"GET /api/categories?page=1&limit=100 200 — 5ms","timestamp":"2026-09-26 00:50:01","userId":"577dca8f-6f0e-4b76-8ee3-814b160a67bc"}
{"ip":"::ffff:192.168.1.3","level":"info","message":"GET /api/users?page=1&limit=100 200 — 4ms","timestamp":"2026-09-26 00:50:01","userId":"577dca8f-6f0e-4b76-8ee3-814b160a67bc"}
{"ip":"::ffff:192.168.1.3","level":"info","message":"GET /api/stock 200 — 7ms","timestamp":"2026-09-26 00:50:01","userId":"577dca8f-6f0e-4b76-8ee3-814b160a67bc"}
{"ip":"::ffff:192.168.1.3","level":"info","message":"GET /api/payment-numbers 200 — 7ms","timestamp":"2026-09-26 00:50:01","userId":"577dca8f-6f0e-4b76-8ee3-814b160a67bc"}
{"level":"info","message":"[Socket Broadcast] Emitting order_created for order #LC-20260926-0004","timestamp":"2026-09-26 00:50:42"}
{"ip":"::ffff:192.168.1.4","level":"info","message":"POST /api/orders 201 — 106ms","timestamp":"2026-09-26 00:50:42","userId":"c2f09762-eb83-40c7-af4d-b86aad0e8d86"}
{"ip":"::ffff:192.168.1.4","level":"info","message":"GET /api/payment-numbers/defaults 200 — 43ms","timestamp":"2026-09-26 00:50:42","userId":"c2f09762-eb83-40c7-af4d-b86aad0e8d86"}
{"ip":"::ffff:192.168.1.3","level":"info","message":"PATCH /api/payment-numbers/ed1ec384-d5a4-445c-b8c6-45c4337ba878/default 200 — 53ms","timestamp":"2026-09-26 00:50:56","userId":"577dca8f-6f0e-4b76-8ee3-814b160a67bc"}
{"ip":"::ffff:192.168.1.3","level":"info","message":"GET /api/categories/active 200 — 5ms","timestamp":"2026-09-26 00:50:57","userId":"577dca8f-6f0e-4b76-8ee3-814b160a67bc"}
{"ip":"::ffff:192.168.1.3","level":"info","message":"GET /api/products 200 — 52ms","timestamp":"2026-09-26 00:50:57","userId":"577dca8f-6f0e-4b76-8ee3-814b160a67bc"}
{"ip":"::ffff:192.168.1.3","level":"info","message":"GET /api/flavors/active 200 — 5ms","timestamp":"2026-09-26 00:50:57","userId":"577dca8f-6f0e-4b76-8ee3-814b160a67bc"}
{"ip":"::ffff:192.168.1.3","level":"info","message":"GET /api/orders?page=1&limit=1 200 — 18ms","timestamp":"2026-09-26 00:50:57","userId":"577dca8f-6f0e-4b76-8ee3-814b160a67bc"}
{"level":"info","message":"[Socket Broadcast] Emitting status change (CANCELLED) for order #LC-20260926-0004","timestamp":"2026-09-26 00:51:20"}
{"ip":"::ffff:192.168.1.4","level":"info","message":"PATCH /api/orders/f8f96d9a-05bf-4d12-bfe2-2456d7e25804/status 200 — 114ms","timestamp":"2026-09-26 00:51:20","userId":"c2f09762-eb83-40c7-af4d-b86aad0e8d86"}
{"ip":"::ffff:192.168.1.3","level":"info","message":"GET /api/orders?page=1&limit=50 200 — 11ms","timestamp":"2026-09-26 00:51:24","userId":"577dca8f-6f0e-4b76-8ee3-814b160a67bc"}
{"level":"info","message":"[Socket] Disconnected: F6BDEWrasX8vKqdBAAAL","timestamp":"2026-09-26 00:51:41"}
{"level":"info","message":"[Socket] Disconnected: CYqlMuZuPENWmUCuAAAD","timestamp":"2026-09-26 00:51:58"}
{"level":"info","message":"[Socket] Connected: dn8-NupyLC4d5e5IAAAN | User: 577dca8f-6f0e-4b76-8ee3-814b160a67bc","timestamp":"2026-09-26 01:00:12"}
{"level":"info","message":"[Socket] Disconnected: dn8-NupyLC4d5e5IAAAN","timestamp":"2026-09-26 01:00:12"}
{"ip":"::ffff:192.168.1.3","level":"info","message":"GET /api/auth/me 200 — 45ms","timestamp":"2026-09-26 01:00:12","userId":"577dca8f-6f0e-4b76-8ee3-814b160a67bc"}
{"ip":"::ffff:192.168.1.3","level":"info","message":"GET /api/categories/active 200 — 47ms","timestamp":"2026-09-26 01:00:12","userId":"577dca8f-6f0e-4b76-8ee3-814b160a67bc"}
{"ip":"::ffff:192.168.1.3","level":"info","message":"GET /api/categories/active 200 — 46ms","timestamp":"2026-09-26 01:00:12","userId":"577dca8f-6f0e-4b76-8ee3-814b160a67bc"}
{"ip":"::ffff:192.168.1.3","level":"info","message":"GET /api/products?page=1&limit=100 200 — 23ms","timestamp":"2026-09-26 01:00:12","userId":"577dca8f-6f0e-4b76-8ee3-814b160a67bc"}
{"ip":"::ffff:192.168.1.3","level":"info","message":"GET /api/flavors?page=1&limit=100 200 — 14ms","timestamp":"2026-09-26 01:00:13","userId":"577dca8f-6f0e-4b76-8ee3-814b160a67bc"}
{"ip":"::ffff:192.168.1.3","level":"info","message":"GET /api/products 200 — 15ms","timestamp":"2026-09-26 01:00:13","userId":"577dca8f-6f0e-4b76-8ee3-814b160a67bc"}
{"ip":"::ffff:192.168.1.3","level":"info","message":"GET /api/products 200 — 52ms","timestamp":"2026-09-26 01:00:13","userId":"577dca8f-6f0e-4b76-8ee3-814b160a67bc"}
{"ip":"::ffff:192.168.1.3","level":"info","message":"GET /api/flavors/active 200 — 5ms","timestamp":"2026-09-26 01:00:13","userId":"577dca8f-6f0e-4b76-8ee3-814b160a67bc"}
{"ip":"::ffff:192.168.1.3","level":"info","message":"GET /api/flavors/active 200 — 4ms","timestamp":"2026-09-26 01:00:13","userId":"577dca8f-6f0e-4b76-8ee3-814b160a67bc"}
{"ip":"::ffff:192.168.1.3","level":"info","message":"GET /api/categories?page=1&limit=100 200 — 11ms","timestamp":"2026-09-26 01:00:13","userId":"577dca8f-6f0e-4b76-8ee3-814b160a67bc"}
{"level":"info","message":"[Socket] Connected: osja8hNDm7GV5m5aAAAP | User: 577dca8f-6f0e-4b76-8ee3-814b160a67bc","timestamp":"2026-09-26 01:00:13"}
{"ip":"::ffff:192.168.1.3","level":"info","message":"GET /api/users?page=1&limit=100 200 — 3ms","timestamp":"2026-09-26 01:00:13","userId":"577dca8f-6f0e-4b76-8ee3-814b160a67bc"}
{"ip":"::ffff:192.168.1.3","level":"info","message":"GET /api/orders?page=1&limit=1 200 — 18ms","timestamp":"2026-09-26 01:00:14","userId":"577dca8f-6f0e-4b76-8ee3-814b160a67bc"}
{"ip":"::ffff:192.168.1.3","level":"info","message":"GET /api/orders?page=1&limit=1 200 — 18ms","timestamp":"2026-09-26 01:00:14","userId":"577dca8f-6f0e-4b76-8ee3-814b160a67bc"}
{"ip":"::ffff:192.168.1.3","level":"info","message":"GET /api/stock 200 — 6ms","timestamp":"2026-09-26 01:00:14","userId":"577dca8f-6f0e-4b76-8ee3-814b160a67bc"}
{"ip":"::ffff:192.168.1.3","level":"info","message":"GET /api/payment-numbers 200 — 6ms","timestamp":"2026-09-26 01:00:14","userId":"577dca8f-6f0e-4b76-8ee3-814b160a67bc"}
{"ip":"::ffff:192.168.1.3","level":"info","message":"GET /api/orders?page=1&limit=50 200 — 7ms","timestamp":"2026-09-26 01:00:17","userId":"577dca8f-6f0e-4b76-8ee3-814b160a67bc"}
{"level":"info","message":"[Socket] Disconnected: osja8hNDm7GV5m5aAAAP","timestamp":"2026-09-26 01:00:58"}
{"level":"info","message":"[Socket] Connected: DND0z8XaAB4NARXtAAAR | User: c2f09762-eb83-40c7-af4d-b86aad0e8d86","timestamp":"2026-09-26 01:18:44"}
{"ip":"::ffff:192.168.1.4","level":"info","message":"GET /api/auth/me 200 — 42ms","timestamp":"2026-09-26 01:18:44","userId":"c2f09762-eb83-40c7-af4d-b86aad0e8d86"}
{"ip":"::ffff:192.168.1.4","level":"info","message":"GET /api/categories/active 200 — 40ms","timestamp":"2026-09-26 01:18:44","userId":"c2f09762-eb83-40c7-af4d-b86aad0e8d86"}
{"ip":"::ffff:192.168.1.4","level":"info","message":"GET /api/products 200 — 33ms","timestamp":"2026-09-26 01:18:44","userId":"c2f09762-eb83-40c7-af4d-b86aad0e8d86"}
{"ip":"::ffff:192.168.1.4","level":"info","message":"GET /api/categories/active 200 — 9ms","timestamp":"2026-09-26 01:18:44","userId":"c2f09762-eb83-40c7-af4d-b86aad0e8d86"}
{"ip":"::ffff:192.168.1.4","level":"info","message":"GET /api/flavors/active 200 — 8ms","timestamp":"2026-09-26 01:18:44","userId":"c2f09762-eb83-40c7-af4d-b86aad0e8d86"}
{"ip":"::ffff:192.168.1.4","level":"info","message":"GET /api/orders/my-orders?page=1&limit=1 200 — 27ms","timestamp":"2026-09-26 01:18:44","userId":"c2f09762-eb83-40c7-af4d-b86aad0e8d86"}
{"ip":"::ffff:192.168.1.4","level":"info","message":"GET /api/products 200 — 61ms","timestamp":"2026-09-26 01:18:44","userId":"c2f09762-eb83-40c7-af4d-b86aad0e8d86"}
{"ip":"::ffff:192.168.1.4","level":"info","message":"GET /api/flavors/active 200 — 9ms","timestamp":"2026-09-26 01:18:44","userId":"c2f09762-eb83-40c7-af4d-b86aad0e8d86"}
{"ip":"::ffff:192.168.1.4","level":"info","message":"GET /api/orders/my-orders?page=1&limit=1 200 — 26ms","timestamp":"2026-09-26 01:18:44","userId":"c2f09762-eb83-40c7-af4d-b86aad0e8d86"}
{"ip":"::ffff:192.168.1.4","level":"info","message":"GET /api/orders/my-orders?page=1&limit=50 200 — 7ms","timestamp":"2026-09-26 01:18:45","userId":"c2f09762-eb83-40c7-af4d-b86aad0e8d86"}
{"level":"info","message":"[Socket] Disconnected: DND0z8XaAB4NARXtAAAR","timestamp":"2026-09-26 01:19:59"}
{"level":"info","message":"[Socket] Connected: TgboUOzPpBxrXEpyAAAT | User: 577dca8f-6f0e-4b76-8ee3-814b160a67bc","timestamp":"2026-09-26 01:21:14"}
{"level":"info","message":"[Socket Broadcast] Emitting order_created for order #LC-20260926-0005","timestamp":"2026-09-26 01:21:21"}
{"ip":"::ffff:192.168.1.3","level":"info","message":"POST /api/orders 201 — 106ms","timestamp":"2026-09-26 01:21:21","userId":"577dca8f-6f0e-4b76-8ee3-814b160a67bc"}
{"ip":"::ffff:192.168.1.3","level":"info","message":"GET /api/orders?page=1&limit=50 200 — 63ms","timestamp":"2026-09-26 01:21:58","userId":"577dca8f-6f0e-4b76-8ee3-814b160a67bc"}
{"level":"info","message":"[Socket Broadcast] Emitting status change (CANCELLED) for order #LC-20260926-0005","timestamp":"2026-09-26 01:22:03"}
{"ip":"::ffff:192.168.1.3","level":"info","message":"PATCH /api/orders/e0d66b94-2145-43fc-b82b-6d32a15d19a3/status 200 — 79ms","timestamp":"2026-09-26 01:22:03","userId":"577dca8f-6f0e-4b76-8ee3-814b160a67bc"}
{"ip":"::ffff:192.168.1.3","level":"info","message":"GET /api/orders/e0d66b94-2145-43fc-b82b-6d32a15d19a3 200 — 8ms","timestamp":"2026-09-26 01:22:03","userId":"577dca8f-6f0e-4b76-8ee3-814b160a67bc"}
{"level":"info","message":"[Socket] Disconnected: TgboUOzPpBxrXEpyAAAT","timestamp":"2026-09-26 01:23:39"}
{"level":"info","message":"✅ Socket.IO initialized","timestamp":"2026-09-26 03:40:11"}
{"level":"info","message":"✅ Database connected","timestamp":"2026-09-26 03:40:11"}
{"level":"info","message":"Java Cafe POS API running on port 3000 [development]","timestamp":"2026-09-26 03:40:11"}
{"level":"error","message":"[Socket Auth Error] Access token expired","timestamp":"2026-09-26 03:40:12"}
{"ip":"::ffff:192.168.1.6","level":"info","message":"POST /api/auth/refresh 200 — 300ms","timestamp":"2026-09-26 03:40:13","userId":"-"}
{"level":"error","message":"[Socket Auth Error] Access token expired","timestamp":"2026-09-26 03:40:14"}
{"ip":"::ffff:192.168.1.6","level":"info","message":"POST /api/auth/refresh 200 — 32ms","timestamp":"2026-09-26 03:40:15","userId":"-"}
{"body":{"refreshToken":"eyJhbGciOiJIUzI1NiIsInR5cCI6IkpXVCJ9.eyJpZCI6IjU3N2RjYThmLTZmMGUtNGI3Ni04ZWUzLTgxNGIxNjBhNjdiYyIsInJvbGUiOiJBRE1JTiIsImlhdCI6MTc5MDM4MzIxMywiZXhwIjoxNzkyOTc1MjEzfQ.wzyagrOIjUeW1XvNPSHncLquSn4CkGr0TvVpdBgC7VQ"},"level":"error","message":"[POST] /api/auth/refresh — Invalid or expired refresh token","stack":"Error: Invalid or expired refresh token\n    at AuthService.refresh (D:\\Training\\Java\\java_backend\\services\\auth.service.js:366:13)\n    at process.processTicksAndRejections (node:internal/process/task_queues:104:5)\n    at async refresh (D:\\Training\\Java\\java_backend\\controllers\\auth.controller.js:117:22)","timestamp":"2026-09-26 03:40:15","userId":"unauthenticated"}
{"ip":"::ffff:192.168.1.6","level":"warn","message":"POST /api/auth/refresh 401 — 44ms","timestamp":"2026-09-26 03:40:15","userId":"-"}
{"level":"error","message":"[Socket Auth Error] Access token expired","timestamp":"2026-09-26 03:40:17"}
{"ip":"::ffff:192.168.1.6","level":"info","message":"POST /api/auth/refresh 200 — 12ms","timestamp":"2026-09-26 03:40:17","userId":"-"}
{"body":{"refreshToken":"eyJhbGciOiJIUzI1NiIsInR5cCI6IkpXVCJ9.eyJpZCI6IjU3N2RjYThmLTZmMGUtNGI3Ni04ZWUzLTgxNGIxNjBhNjdiYyIsInJvbGUiOiJBRE1JTiIsImlhdCI6MTc5MDM4MzIxNSwiZXhwIjoxNzkyOTc1MjE1fQ.iquPKmmrmD6xWuaUHfyEWqal3ef_4iyh1eSwrURfz9Y"},"level":"error","message":"[POST] /api/auth/refresh — \nInvalid `this.model.create()` invocation in\nD:\\Training\\Java\\java_backend\\repositories\\refreshToken.repository.js:17:23\n\n  14 }\n  15 \n  16 create(userId, token, expiresAt) {\n→ 17   return this.model.create(\nUnique constraint failed on the fields: (`token`)","stack":"PrismaClientKnownRequestError: \nInvalid `this.model.create()` invocation in\nD:\\Training\\Java\\java_backend\\repositories\\refreshToken.repository.js:17:23\n\n  14 }\n  15 \n  16 create(userId, token, expiresAt) {\n→ 17   return this.model.create(\nUnique constraint failed on the fields: (`token`)\n    at zr.handleRequestError (D:\\Training\\Java\\java_backend\\node_modules\\@prisma\\client\\runtime\\client.js:65:8286)\n    at zr.handleAndLogRequestError (D:\\Training\\Java\\java_backend\\node_modules\\@prisma\\client\\runtime\\client.js:65:7581)\n    at zr.request (D:\\Training\\Java\\java_backend\\node_modules\\@prisma\\client\\runtime\\client.js:65:7288)\n    at process.processTicksAndRejections (node:internal/process/task_queues:104:5)\n    at async a (D:\\Training\\Java\\java_backend\\node_modules\\@prisma\\client\\runtime\\client.js:75:6862)\n    at async AuthService.refresh (D:\\Training\\Java\\java_backend\\services\\auth.service.js:376:5)\n    at async refresh (D:\\Training\\Java\\java_backend\\controllers\\auth.controller.js:117:22)","timestamp":"2026-09-26 03:40:17","userId":"unauthenticated"}
{"ip":"::ffff:192.168.1.6","level":"warn","message":"POST /api/auth/refresh 409 — 41ms","timestamp":"2026-09-26 03:40:17","userId":"-"}
{"body":{"refreshToken":"eyJhbGciOiJIUzI1NiIsInR5cCI6IkpXVCJ9.eyJpZCI6IjU3N2RjYThmLTZmMGUtNGI3Ni04ZWUzLTgxNGIxNjBhNjdiYyIsInJvbGUiOiJBRE1JTiIsImlhdCI6MTc5MDM4MzIxNSwiZXhwIjoxNzkyOTc1MjE1fQ.iquPKmmrmD6xWuaUHfyEWqal3ef_4iyh1eSwrURfz9Y"},"level":"error","message":"[POST] /api/auth/refresh — Invalid or expired refresh token","stack":"Error: Invalid or expired refresh token\n    at AuthService.refresh (D:\\Training\\Java\\java_backend\\services\\auth.service.js:366:13)\n    at process.processTicksAndRejections (node:internal/process/task_queues:104:5)\n    at async refresh (D:\\Training\\Java\\java_backend\\controllers\\auth.controller.js:117:22)","timestamp":"2026-09-26 03:40:17","userId":"unauthenticated"}
{"ip":"::ffff:192.168.1.6","level":"warn","message":"POST /api/auth/refresh 401 — 57ms","timestamp":"2026-09-26 03:40:17","userId":"-"}
{"level":"error","message":"[Socket Auth Error] Access token expired","timestamp":"2026-09-26 03:40:18"}
{"ip":"::ffff:192.168.1.6","level":"info","message":"POST /api/auth/refresh 200 — 16ms","timestamp":"2026-09-26 03:40:19","userId":"-"}
{"body":{"refreshToken":"eyJhbGciOiJIUzI1NiIsInR5cCI6IkpXVCJ9.eyJpZCI6IjU3N2RjYThmLTZmMGUtNGI3Ni04ZWUzLTgxNGIxNjBhNjdiYyIsInJvbGUiOiJBRE1JTiIsImlhdCI6MTc5MDM4MzIxNywiZXhwIjoxNzkyOTc1MjE3fQ.9K8iyd55fQpSIEt37gwvarO5zBBpjataYKoHOOsYmDw"},"level":"error","message":"[POST] /api/auth/refresh — \nInvalid `this.model.create()` invocation in\nD:\\Training\\Java\\java_backend\\repositories\\refreshToken.repository.js:17:23\n\n  14 }\n  15 \n  16 create(userId, token, expiresAt) {\n→ 17   return this.model.create(\nUnique constraint failed on the fields: (`token`)","stack":"PrismaClientKnownRequestError: \nInvalid `this.model.create()` invocation in\nD:\\Training\\Java\\java_backend\\repositories\\refreshToken.repository.js:17:23\n\n  14 }\n  15 \n  16 create(userId, token, expiresAt) {\n→ 17   return this.model.create(\nUnique constraint failed on the fields: (`token`)\n    at zr.handleRequestError (D:\\Training\\Java\\java_backend\\node_modules\\@prisma\\client\\runtime\\client.js:65:8286)\n    at zr.handleAndLogRequestError (D:\\Training\\Java\\java_backend\\node_modules\\@prisma\\client\\runtime\\client.js:65:7581)\n    at zr.request (D:\\Training\\Java\\java_backend\\node_modules\\@prisma\\client\\runtime\\client.js:65:7288)\n    at process.processTicksAndRejections (node:internal/process/task_queues:104:5)\n    at async a (D:\\Training\\Java\\java_backend\\node_modules\\@prisma\\client\\runtime\\client.js:75:6862)\n    at async AuthService.refresh (D:\\Training\\Java\\java_backend\\services\\auth.service.js:376:5)\n    at async refresh (D:\\Training\\Java\\java_backend\\controllers\\auth.controller.js:117:22)","timestamp":"2026-09-26 03:40:19","userId":"unauthenticated"}
{"ip":"::ffff:192.168.1.6","level":"warn","message":"POST /api/auth/refresh 409 — 13ms","timestamp":"2026-09-26 03:40:19","userId":"-"}
{"body":{"refreshToken":"eyJhbGciOiJIUzI1NiIsInR5cCI6IkpXVCJ9.eyJpZCI6IjU3N2RjYThmLTZmMGUtNGI3Ni04ZWUzLTgxNGIxNjBhNjdiYyIsInJvbGUiOiJBRE1JTiIsImlhdCI6MTc5MDM4MzIxNywiZXhwIjoxNzkyOTc1MjE3fQ.9K8iyd55fQpSIEt37gwvarO5zBBpjataYKoHOOsYmDw"},"level":"error","message":"[POST] /api/auth/refresh — Invalid or expired refresh token","stack":"Error: Invalid or expired refresh token\n    at AuthService.refresh (D:\\Training\\Java\\java_backend\\services\\auth.service.js:366:13)\n    at process.processTicksAndRejections (node:internal/process/task_queues:104:5)\n    at async refresh (D:\\Training\\Java\\java_backend\\controllers\\auth.controller.js:117:22)","timestamp":"2026-09-26 03:40:19","userId":"unauthenticated"}
{"ip":"::ffff:192.168.1.6","level":"warn","message":"POST /api/auth/refresh 401 — 4ms","timestamp":"2026-09-26 03:40:19","userId":"-"}
{"body":{"refreshToken":"eyJhbGciOiJIUzI1NiIsInR5cCI6IkpXVCJ9.eyJpZCI6IjU3N2RjYThmLTZmMGUtNGI3Ni04ZWUzLTgxNGIxNjBhNjdiYyIsInJvbGUiOiJBRE1JTiIsImlhdCI6MTc5MDM4MzIxNywiZXhwIjoxNzkyOTc1MjE3fQ.9K8iyd55fQpSIEt37gwvarO5zBBpjataYKoHOOsYmDw"},"level":"error","message":"[POST] /api/auth/refresh — Invalid or expired refresh token","stack":"Error: Invalid or expired refresh token\n    at AuthService.refresh (D:\\Training\\Java\\java_backend\\services\\auth.service.js:366:13)\n    at process.processTicksAndRejections (node:internal/process/task_queues:104:5)\n    at async refresh (D:\\Training\\Java\\java_backend\\controllers\\auth.controller.js:117:22)","timestamp":"2026-09-26 03:40:19","userId":"unauthenticated"}
{"ip":"::ffff:192.168.1.6","level":"warn","message":"POST /api/auth/refresh 401 — 51ms","timestamp":"2026-09-26 03:40:19","userId":"-"}
{"level":"error","message":"[Socket Auth Error] Access token expired","timestamp":"2026-09-26 03:40:20"}
{"ip":"::ffff:192.168.1.6","level":"warn","message":"POST /api/auth/refresh 429 — 1ms","timestamp":"2026-09-26 03:40:21","userId":"-"}
{"ip":"::ffff:192.168.1.6","level":"warn","message":"POST /api/auth/refresh 429 — 1ms","timestamp":"2026-09-26 03:40:21","userId":"-"}
{"ip":"::ffff:192.168.1.6","level":"warn","message":"POST /api/auth/refresh 429 — 1ms","timestamp":"2026-09-26 03:40:21","userId":"-"}
{"ip":"::ffff:192.168.1.6","level":"warn","message":"POST /api/auth/refresh 429 — 1ms","timestamp":"2026-09-26 03:40:21","userId":"-"}
{"ip":"::ffff:192.168.1.6","level":"warn","message":"POST /api/auth/refresh 429 — 0ms","timestamp":"2026-09-26 03:40:21","userId":"-"}
{"ip":"::ffff:192.168.1.6","level":"info","message":"GET /api/orders?page=1&limit=50 200 — 144ms","timestamp":"2026-09-26 03:40:22","userId":"577dca8f-6f0e-4b76-8ee3-814b160a67bc"}
{"ip":"::ffff:192.168.1.6","level":"info","message":"POST /api/auth/logout 200 — 114ms","timestamp":"2026-09-26 03:40:40","userId":"577dca8f-6f0e-4b76-8ee3-814b160a67bc"}
{"ip":"::ffff:192.168.1.6","level":"warn","message":"POST /api/auth/login 429 — 0ms","timestamp":"2026-09-26 03:41:18","userId":"-"}
{"ip":"::ffff:192.168.1.6","level":"warn","message":"POST /api/auth/login 429 — 0ms","timestamp":"2026-09-26 03:43:21","userId":"-"}
{"level":"info","message":"SIGINT received — shutting down gracefully","timestamp":"2026-09-26 03:43:28"}
{"level":"info","message":"✅ Socket.IO initialized","timestamp":"2026-09-26 03:43:35"}
{"level":"info","message":"✅ Database connected","timestamp":"2026-09-26 03:43:35"}
{"level":"info","message":"Java Cafe POS API running on port 3000 [development]","timestamp":"2026-09-26 03:43:35"}
{"ip":"::ffff:192.168.1.6","level":"info","message":"POST /api/auth/login 200 — 666ms","timestamp":"2026-09-26 03:43:39","userId":"-"}
{"ip":"::ffff:192.168.1.6","level":"info","message":"GET /api/categories/active 200 — 52ms","timestamp":"2026-09-26 03:43:39","userId":"577dca8f-6f0e-4b76-8ee3-814b160a67bc"}
{"level":"info","message":"[Socket] Connected: ciQw88IJz8gnotp9AAAB | User: 577dca8f-6f0e-4b76-8ee3-814b160a67bc","timestamp":"2026-09-26 03:43:39"}
{"ip":"::ffff:192.168.1.6","level":"info","message":"GET /api/products?page=1&limit=100 200 — 209ms","timestamp":"2026-09-26 03:43:40","userId":"577dca8f-6f0e-4b76-8ee3-814b160a67bc"}
{"ip":"::ffff:192.168.1.6","level":"info","message":"GET /api/products 200 — 229ms","timestamp":"2026-09-26 03:43:40","userId":"577dca8f-6f0e-4b76-8ee3-814b160a67bc"}
{"ip":"::ffff:192.168.1.6","level":"info","message":"GET /api/flavors?page=1&limit=100 200 — 49ms","timestamp":"2026-09-26 03:43:41","userId":"577dca8f-6f0e-4b76-8ee3-814b160a67bc"}
{"ip":"::ffff:192.168.1.6","level":"info","message":"GET /api/flavors/active 200 — 311ms","timestamp":"2026-09-26 03:43:43","userId":"577dca8f-6f0e-4b76-8ee3-814b160a67bc"}
{"ip":"::ffff:192.168.1.6","level":"info","message":"GET /api/categories?page=1&limit=100 200 — 353ms","timestamp":"2026-09-26 03:43:43","userId":"577dca8f-6f0e-4b76-8ee3-814b160a67bc"}
{"ip":"::ffff:192.168.1.6","level":"info","message":"GET /api/orders?page=1&limit=1 200 — 107ms","timestamp":"2026-09-26 03:43:43","userId":"577dca8f-6f0e-4b76-8ee3-814b160a67bc"}
{"ip":"::ffff:192.168.1.6","level":"info","message":"GET /api/users?page=1&limit=100 200 — 25ms","timestamp":"2026-09-26 03:43:43","userId":"577dca8f-6f0e-4b76-8ee3-814b160a67bc"}
{"ip":"::ffff:192.168.1.6","level":"info","message":"GET /api/stock 200 — 21ms","timestamp":"2026-09-26 03:43:43","userId":"577dca8f-6f0e-4b76-8ee3-814b160a67bc"}
{"ip":"::ffff:192.168.1.6","level":"info","message":"GET /api/payment-numbers 200 — 20ms","timestamp":"2026-09-26 03:43:43","userId":"577dca8f-6f0e-4b76-8ee3-814b160a67bc"}
{"ip":"::ffff:192.168.1.6","level":"info","message":"GET /api/orders?page=1&limit=50 200 — 17ms","timestamp":"2026-09-26 03:43:45","userId":"577dca8f-6f0e-4b76-8ee3-814b160a67bc"}
{"level":"info","message":"✅ Socket.IO initialized","timestamp":"2026-09-26 04:01:09"}
{"level":"info","message":"✅ Database connected","timestamp":"2026-09-26 04:01:09"}
{"level":"info","message":"Java Cafe POS API running on port 3000 [development]","timestamp":"2026-09-26 04:01:09"}
{"level":"info","message":"[Socket] Connected: ueEM-3xt-i0npCp1AAAB | User: 577dca8f-6f0e-4b76-8ee3-814b160a67bc","timestamp":"2026-09-26 04:01:10"}
{"level":"info","message":"✅ Socket.IO initialized","timestamp":"2026-09-26 04:01:27"}
{"level":"info","message":"✅ Database connected","timestamp":"2026-09-26 04:01:27"}
{"level":"info","message":"Java Cafe POS API running on port 3000 [development]","timestamp":"2026-09-26 04:01:27"}
{"level":"info","message":"[Socket] Connected: kRz8ocgmOJZq451vAAAB | User: 577dca8f-6f0e-4b76-8ee3-814b160a67bc","timestamp":"2026-09-26 04:01:28"}
{"level":"info","message":"[Socket] Disconnected: kRz8ocgmOJZq451vAAAB","timestamp":"2026-09-26 04:02:33"}
{"ip":"::ffff:192.168.1.6","level":"info","message":"GET /api/categories/active 200 — 133ms","timestamp":"2026-09-26 04:02:42","userId":"577dca8f-6f0e-4b76-8ee3-814b160a67bc"}
{"ip":"::ffff:192.168.1.6","level":"info","message":"GET /api/categories/active 200 — 134ms","timestamp":"2026-09-26 04:02:42","userId":"577dca8f-6f0e-4b76-8ee3-814b160a67bc"}
{"ip":"::ffff:192.168.1.6","level":"info","message":"GET /api/auth/me 200 — 185ms","timestamp":"2026-09-26 04:02:42","userId":"577dca8f-6f0e-4b76-8ee3-814b160a67bc"}
{"ip":"::ffff:192.168.1.6","level":"info","message":"GET /api/products?page=1&limit=100 200 — 315ms","timestamp":"2026-09-26 04:02:42","userId":"577dca8f-6f0e-4b76-8ee3-814b160a67bc"}
{"level":"info","message":"[Socket] Connected: ZCY4DD8y-u69cTpQAAAD | User: 577dca8f-6f0e-4b76-8ee3-814b160a67bc","timestamp":"2026-09-26 04:02:42"}
{"ip":"::ffff:192.168.1.6","level":"info","message":"GET /api/flavors?page=1&limit=100 200 — 36ms","timestamp":"2026-09-26 04:02:43","userId":"577dca8f-6f0e-4b76-8ee3-814b160a67bc"}
{"ip":"::ffff:192.168.1.6","level":"info","message":"GET /api/products 200 — 53ms","timestamp":"2026-09-26 04:02:43","userId":"577dca8f-6f0e-4b76-8ee3-814b160a67bc"}
{"ip":"::ffff:192.168.1.6","level":"info","message":"GET /api/products 200 — 22ms","timestamp":"2026-09-26 04:02:43","userId":"577dca8f-6f0e-4b76-8ee3-814b160a67bc"}
{"ip":"::ffff:192.168.1.6","level":"info","message":"GET /api/categories?page=1&limit=100 200 — 23ms","timestamp":"2026-09-26 04:02:43","userId":"577dca8f-6f0e-4b76-8ee3-814b160a67bc"}
{"ip":"::ffff:192.168.1.6","level":"info","message":"GET /api/users?page=1&limit=100 200 — 9ms","timestamp":"2026-09-26 04:02:43","userId":"577dca8f-6f0e-4b76-8ee3-814b160a67bc"}
{"ip":"::ffff:192.168.1.6","level":"info","message":"GET /api/flavors/active 200 — 12ms","timestamp":"2026-09-26 04:02:43","userId":"577dca8f-6f0e-4b76-8ee3-814b160a67bc"}
{"ip":"::ffff:192.168.1.6","level":"info","message":"GET /api/flavors/active 200 — 30ms","timestamp":"2026-09-26 04:02:43","userId":"577dca8f-6f0e-4b76-8ee3-814b160a67bc"}
{"ip":"::ffff:192.168.1.6","level":"info","message":"GET /api/stock 200 — 28ms","timestamp":"2026-09-26 04:02:43","userId":"577dca8f-6f0e-4b76-8ee3-814b160a67bc"}
{"ip":"::ffff:192.168.1.6","level":"info","message":"GET /api/orders?page=1&limit=1 200 — 41ms","timestamp":"2026-09-26 04:02:43","userId":"577dca8f-6f0e-4b76-8ee3-814b160a67bc"}
{"ip":"::ffff:192.168.1.6","level":"info","message":"GET /api/orders?page=1&limit=1 200 — 12ms","timestamp":"2026-09-26 04:02:43","userId":"577dca8f-6f0e-4b76-8ee3-814b160a67bc"}
{"ip":"::ffff:192.168.1.6","level":"info","message":"GET /api/payment-numbers 200 — 12ms","timestamp":"2026-09-26 04:02:43","userId":"577dca8f-6f0e-4b76-8ee3-814b160a67bc"}
{"ip":"::ffff:192.168.1.6","level":"info","message":"GET /api/orders?page=1&limit=50 200 — 13ms","timestamp":"2026-09-26 04:02:45","userId":"577dca8f-6f0e-4b76-8ee3-814b160a67bc"}
{"level":"info","message":"[Socket Broadcast] Emitting order_created for order #LC-20260926-0006","timestamp":"2026-09-26 04:49:08"}
{"ip":"::ffff:192.168.1.6","level":"info","message":"POST /api/orders 201 — 269ms","timestamp":"2026-09-26 04:49:08","userId":"577dca8f-6f0e-4b76-8ee3-814b160a67bc"}
{"level":"info","message":"✅ Socket.IO initialized","timestamp":"2026-09-26 11:47:37"}
{"level":"info","message":"✅ Database connected","timestamp":"2026-09-26 11:47:37"}
{"level":"info","message":"Java Cafe POS API running on port 3000 [development]","timestamp":"2026-09-26 11:47:37"}
